Column1,Column2,Column3,Column4,Column5,Column6,Column7
unit_type,unit_code,unit_name,province,district,subdistrict,department
,380201,,กำแพงเพชร,,,สำนักงานชลประทานที่ 4
อ่างขนาดเล็ก,คลองคะยุค,คลองคะยุค,กำแพงเพชร,,,สำนักงานชลประทานที่ 4
อ่างขนาดเล็ก,คลองตุ๊กแก,คลองตุ๊กแก,กำแพงเพชร,,,สำนักงานชลประทานที่ 4
อ่างขนาดเล็ก,คลองน้ำไหล3,คลองน้ำไหล3,กำแพงเพชร,,,สำนักงานชลประทานที่ 4
อ่างขนาดเล็ก,คลองปู่เล็ก,คลองปู่เล็ก,กำแพงเพชร,,,สำนักงานชลประทานที่ 4
อ่างขนาดเล็ก,คลองมดแดง,คลองมดแดง,กำแพงเพชร,,,สำนักงานชลประทานที่ 4
อ่างขนาดเล็ก,คลองลานพัฒนา 4,คลองลานพัฒนา 4,กำแพงเพชร,,,สำนักงานชลประทานที่ 4
อ่างขนาดเล็ก,คลองลานพัฒนา 5,คลองลานพัฒนา 5,กำแพงเพชร,,,สำนักงานชลประทานที่ 4
อ่างขนาดเล็ก,คลองแขยงตอนล่าง,คลองแขยงตอนล่าง,กำแพงเพชร,,,สำนักงานชลประทานที่ 4
อ่างขนาดเล็ก,คลองโป่งค่าง,คลองโป่งค่าง,กำแพงเพชร,,,สำนักงานชลประทานที่ 4
อ่างขนาดเล็ก,ปางมะนาว แห่งที่ 3,ปางมะนาว แห่งที่ 3,กำแพงเพชร,,,สำนักงานชลประทานที่ 4
อ่างขนาดเล็ก,ปางมะนาว แห่งที่ 5,ปางมะนาว แห่งที่ 5,กำแพงเพชร,,,สำนักงานชลประทานที่ 4
อ่างขนาดเล็ก,อุดมทรัพย์ ,อุดมทรัพย์ ,กำแพงเพชร,,,สำนักงานชลประทานที่ 4
อ่างขนาดเล็ก,อุดมทรัพย์ 2,อุดมทรัพย์ 2,กำแพงเพชร,,,สำนักงานชลประทานที่ 4
อ่างขนาดเล็ก,อ่างเก็บน้ำคลองคะยุค,อ่างเก็บน้ำคลองคะยุค,กำแพงเพชร,,,สำนักงานชลประทานที่ 4
อ่างขนาดเล็ก,อ่างเก็บน้ำคลองตุ๊กแก,อ่างเก็บน้ำคลองตุ๊กแก,กำแพงเพชร,,,สำนักงานชลประทานที่ 4
อ่างขนาดเล็ก,อ่างเก็บน้ำคลองน้ำไหล 3,อ่างเก็บน้ำคลองน้ำไหล 3,กำแพงเพชร,,,สำนักงานชลประทานที่ 4
อ่างขนาดเล็ก,อ่างเก็บน้ำคลองปู่เล็ก,อ่างเก็บน้ำคลองปู่เล็ก,กำแพงเพชร,,,สำนักงานชลประทานที่ 4
อ่างขนาดเล็ก,อ่างเก็บน้ำคลองมดแดง,อ่างเก็บน้ำคลองมดแดง,กำแพงเพชร,,,สำนักงานชลประทานที่ 4
อ่างขนาดเล็ก,อ่างเก็บน้ำคลองลานพัฒนา4,อ่างเก็บน้ำคลองลานพัฒนา4,กำแพงเพชร,,,สำนักงานชลประทานที่ 4
อ่างขนาดเล็ก,อ่างเก็บน้ำคลองลานพัฒนา5,อ่างเก็บน้ำคลองลานพัฒนา5,กำแพงเพชร,,,สำนักงานชลประทานที่ 4
อ่างขนาดเล็ก,อ่างเก็บน้ำคลองแขยงตอนล่าง,อ่างเก็บน้ำคลองแขยงตอนล่าง,กำแพงเพชร,,,สำนักงานชลประทานที่ 4
อ่างขนาดเล็ก,อ่างเก็บน้ำคลองโป่งค่าง,อ่างเก็บน้ำคลองโป่งค่าง,กำแพงเพชร,,,สำนักงานชลประทานที่ 4
อ่างขนาดเล็ก,อ่างเก็บน้ำบ้านอุดมทรัพย์,อ่างเก็บน้ำบ้านอุดมทรัพย์,กำแพงเพชร,,,สำนักงานชลประทานที่ 4
อ่างขนาดเล็ก,อ่างเก็บน้ำบ้านอุดมทรัพย์ 2,อ่างเก็บน้ำบ้านอุดมทรัพย์ 2,กำแพงเพชร,,,สำนักงานชลประทานที่ 4
อ่างขนาดเล็ก,อ่างเก็บน้ำปางมะนาว 3,อ่างเก็บน้ำปางมะนาว 3,กำแพงเพชร,,,สำนักงานชลประทานที่ 4
อ่างขนาดเล็ก,อ่างเก็บน้ำปางมะนาว 5,อ่างเก็บน้ำปางมะนาว 5,กำแพงเพชร,,,สำนักงานชลประทานที่ 4
,380201,,กำแพงเพชร,,,สำนักงานชลประทานที่ 4
อ่างขนาดเล็ก,คลองคะยุค,คลองคะยุค,กำแพงเพชร,,,สำนักงานชลประทานที่ 4
อ่างขนาดเล็ก,คลองตุ๊กแก,คลองตุ๊กแก,กำแพงเพชร,,,สำนักงานชลประทานที่ 4
อ่างขนาดเล็ก,คลองน้ำไหล3,คลองน้ำไหล3,กำแพงเพชร,,,สำนักงานชลประทานที่ 4
อ่างขนาดเล็ก,คลองปู่เล็ก,คลองปู่เล็ก,กำแพงเพชร,,,สำนักงานชลประทานที่ 4
อ่างขนาดเล็ก,คลองมดแดง,คลองมดแดง,กำแพงเพชร,,,สำนักงานชลประทานที่ 4
อ่างขนาดเล็ก,คลองลานพัฒนา 4,คลองลานพัฒนา 4,กำแพงเพชร,,,สำนักงานชลประทานที่ 4
อ่างขนาดเล็ก,คลองลานพัฒนา 5,คลองลานพัฒนา 5,กำแพงเพชร,,,สำนักงานชลประทานที่ 4
อ่างขนาดเล็ก,คลองแขยงตอนล่าง,คลองแขยงตอนล่าง,กำแพงเพชร,,,สำนักงานชลประทานที่ 4
อ่างขนาดเล็ก,คลองโป่งค่าง,คลองโป่งค่าง,กำแพงเพชร,,,สำนักงานชลประทานที่ 4
อ่างขนาดเล็ก,ปางมะนาว แห่งที่ 3,ปางมะนาว แห่งที่ 3,กำแพงเพชร,,,สำนักงานชลประทานที่ 4
อ่างขนาดเล็ก,ปางมะนาว แห่งที่ 5,ปางมะนาว แห่งที่ 5,กำแพงเพชร,,,สำนักงานชลประทานที่ 4
อ่างขนาดเล็ก,อุดมทรัพย์ ,อุดมทรัพย์ ,กำแพงเพชร,,,สำนักงานชลประทานที่ 4
อ่างขนาดเล็ก,อุดมทรัพย์ 2,อุดมทรัพย์ 2,กำแพงเพชร,,,สำนักงานชลประทานที่ 4
อ่างขนาดเล็ก,อ่างเก็บน้ำคลองคะยุค,อ่างเก็บน้ำคลองคะยุค,กำแพงเพชร,,,สำนักงานชลประทานที่ 4
อ่างขนาดเล็ก,อ่างเก็บน้ำคลองตุ๊กแก,อ่างเก็บน้ำคลองตุ๊กแก,กำแพงเพชร,,,สำนักงานชลประทานที่ 4
อ่างขนาดเล็ก,อ่างเก็บน้ำคลองน้ำไหล 3,อ่างเก็บน้ำคลองน้ำไหล 3,กำแพงเพชร,,,สำนักงานชลประทานที่ 4
อ่างขนาดเล็ก,อ่างเก็บน้ำคลองปู่เล็ก,อ่างเก็บน้ำคลองปู่เล็ก,กำแพงเพชร,,,สำนักงานชลประทานที่ 4
อ่างขนาดเล็ก,อ่างเก็บน้ำคลองมดแดง,อ่างเก็บน้ำคลองมดแดง,กำแพงเพชร,,,สำนักงานชลประทานที่ 4
อ่างขนาดเล็ก,อ่างเก็บน้ำคลองลานพัฒนา4,อ่างเก็บน้ำคลองลานพัฒนา4,กำแพงเพชร,,,สำนักงานชลประทานที่ 4
อ่างขนาดเล็ก,อ่างเก็บน้ำคลองลานพัฒนา5,อ่างเก็บน้ำคลองลานพัฒนา5,กำแพงเพชร,,,สำนักงานชลประทานที่ 4
อ่างขนาดเล็ก,อ่างเก็บน้ำคลองแขยงตอนล่าง,อ่างเก็บน้ำคลองแขยงตอนล่าง,กำแพงเพชร,,,สำนักงานชลประทานที่ 4
อ่างขนาดเล็ก,อ่างเก็บน้ำคลองโป่งค่าง,อ่างเก็บน้ำคลองโป่งค่าง,กำแพงเพชร,,,สำนักงานชลประทานที่ 4
อ่างขนาดเล็ก,อ่างเก็บน้ำบ้านอุดมทรัพย์,อ่างเก็บน้ำบ้านอุดมทรัพย์,กำแพงเพชร,,,สำนักงานชลประทานที่ 4
อ่างขนาดเล็ก,อ่างเก็บน้ำบ้านอุดมทรัพย์ 2,อ่างเก็บน้ำบ้านอุดมทรัพย์ 2,กำแพงเพชร,,,สำนักงานชลประทานที่ 4
อ่างขนาดเล็ก,อ่างเก็บน้ำปางมะนาว 3,อ่างเก็บน้ำปางมะนาว 3,กำแพงเพชร,,,สำนักงานชลประทานที่ 4
อ่างขนาดเล็ก,อ่างเก็บน้ำปางมะนาว 5,อ่างเก็บน้ำปางมะนาว 5,กำแพงเพชร,,,สำนักงานชลประทานที่ 4
สถานีวัดน้ำ,Ct.5A,บ้านปางมะค่า,กำแพงเพชร,ขาณุวรลักษบุรี,,สำนักงานชลประทานที่ 4
สถานีวัดน้ำ,P.16,บ้านแสนตอ,กำแพงเพชร,ขาณุวรลักษบุรี,,สำนักงานชลประทานที่ 4
สถานีวัดน้ำ,Ct.5A,บ้านปางมะค่า,กำแพงเพชร,ขาณุวรลักษบุรี,,สำนักงานชลประทานที่ 4
สถานีวัดน้ำ,P.16,บ้านแสนตอ,กำแพงเพชร,ขาณุวรลักษบุรี,,สำนักงานชลประทานที่ 4
,618,สะพานแม่วงก์,กำแพงเพชร,ขาณุวรลักษบุรี,ปางมะค่า,สำนักงานชลประทานที่ 4
,619,สะพานต้นน้ำ (เกาะแก้ว-ตลิ่งสูง),กำแพงเพชร,ขาณุวรลักษบุรี,ปางมะค่า,สำนักงานชลประทานที่ 4
,618,สะพานแม่วงก์,กำแพงเพชร,ขาณุวรลักษบุรี,ปางมะค่า,สำนักงานชลประทานที่ 4
,619,สะพานต้นน้ำ (เกาะแก้ว-ตลิ่งสูง),กำแพงเพชร,ขาณุวรลักษบุรี,ปางมะค่า,สำนักงานชลประทานที่ 4
,616,ขาณุวรลักษบุรี,กำแพงเพชร,ขาณุวรลักษบุรี,ป่าพุทรา,สำนักงานชลประทานที่ 4
,616,ขาณุวรลักษบุรี,กำแพงเพชร,ขาณุวรลักษบุรี,ป่าพุทรา,สำนักงานชลประทานที่ 4
,617,อบต.สลกบาตร,กำแพงเพชร,ขาณุวรลักษบุรี,สลกบาตร,สำนักงานชลประทานที่ 4
,617,อบต.สลกบาตร,กำแพงเพชร,ขาณุวรลักษบุรี,สลกบาตร,สำนักงานชลประทานที่ 4
สถานีวัดน้ำ,TP.113,บ้านเกาะตาล,กำแพงเพชร,ขาณุวรลักษบุรี,เกาะตาล,สำนักงานชลประทานที่ 4
สถานีวัดน้ำ,TCt.5A,สถานีโทรมาตร อ.ขารนุวรลักษ์บุรี จ.กำแพงเพชร,กำแพงเพชร,ขารนุวรลักษ์บุรี,ปางมะค่า,สำนักงานชลประทานที่ 4
สถานีวัดน้ำ,P.15,หน้าวัดศรีภิรมย์,กำแพงเพชร,คลองขลุง,,สำนักงานชลประทานที่ 4
สถานีวัดน้ำ,P.78,บ้านสามเรือน,กำแพงเพชร,คลองขลุง,,สำนักงานชลประทานที่ 4
สถานีวัดน้ำ,P.15,หน้าวัดศรีภิรมย์,กำแพงเพชร,คลองขลุง,,สำนักงานชลประทานที่ 4
สถานีวัดน้ำ,P.78,บ้านสามเรือน,กำแพงเพชร,คลองขลุง,,สำนักงานชลประทานที่ 4
,620,อบต.คลองขลุง,กำแพงเพชร,คลองขลุง,คลองขลุง,สำนักงานชลประทานที่ 4
,620,อบต.คลองขลุง,กำแพงเพชร,คลองขลุง,คลองขลุง,สำนักงานชลประทานที่ 4
สถานีวัดน้ำ,TP.102,คลองวังหิน,กำแพงเพชร,คลองขลุง,คลองขลุง,สำนักงานชลประทานที่ 4
สถานีวัดน้ำ,TP.105,สำนักสงฆ์มอหินเพลิง,กำแพงเพชร,คลองขลุง,วังไทร,สำนักงานชลประทานที่ 4
สถานีวัดน้ำ,TP.78,สถานีโทรมาตร อ.คลองขลุง จ.กำแพงเพชร,กำแพงเพชร,คลองขลุง,วังไทร,สำนักงานชลประทานที่ 4
สถานีวัดน้ำ,P.26B,คลองสวนหมาก,กำแพงเพชร,คลองลาน,,สำนักงานชลประทานที่ 4
สถานีวัดน้ำ,P.47A,บ้านโป่งน้ำร้อน,กำแพงเพชร,คลองลาน,,สำนักงานชลประทานที่ 4
สถานีวัดน้ำ,P.26B,คลองสวนหมาก,กำแพงเพชร,คลองลาน,,สำนักงานชลประทานที่ 4
สถานีวัดน้ำ,P.47A,บ้านโป่งน้ำร้อน,กำแพงเพชร,คลองลาน,,สำนักงานชลประทานที่ 4
,1673,บ้านรวงผึ้งพัฒนา,กำแพงเพชร,คลองลาน,คลองน้ำไหล,สำนักงานชลประทานที่ 4
,1673,บ้านรวงผึ้งพัฒนา,กำแพงเพชร,คลองลาน,คลองน้ำไหล,สำนักงานชลประทานที่ 4
สถานีวัดน้ำ,TRKl.1,อ่างเก็บน้ำคลองน้ำไหล,กำแพงเพชร,คลองลาน,คลองน้ำไหล,สำนักงานชลประทานที่ 4
สถานีวัดน้ำ,TRKl.2,โรงเรียนบ้านบึงหล่ม,กำแพงเพชร,คลองลาน,คลองน้ำไหล,สำนักงานชลประทานที่ 4
อ่างเก็บน้ำ,rsv57,อ่างเก็บน้ำคลองน้ำไหล,กำแพงเพชร,คลองลาน,คลองน้ำไหล,สำนักงานชลประทานที่ 4
,1675,บ้านกะเหรี่ยงน้ำตก*,กำแพงเพชร,คลองลาน,คลองลานพัฒนา,สำนักงานชลประทานที่ 4
,614,ทต.คลองลานพัฒนา,กำแพงเพชร,คลองลาน,คลองลานพัฒนา,สำนักงานชลประทานที่ 4
,1675,บ้านกะเหรี่ยงน้ำตก*,กำแพงเพชร,คลองลาน,คลองลานพัฒนา,สำนักงานชลประทานที่ 4
,614,ทต.คลองลานพัฒนา,กำแพงเพชร,คลองลาน,คลองลานพัฒนา,สำนักงานชลประทานที่ 4
สถานีวัดน้ำ,TP.103,บ้านโชคชัยพัฒนา-หินดาต,กำแพงเพชร,คลองลาน,คลองลานพัฒนา,สำนักงานชลประทานที่ 4
สถานีวัดน้ำ,TP.104,ศูนย์พัฒนาสังคมหน่วยที่ 4,กำแพงเพชร,คลองลาน,คลองลานพัฒนา,สำนักงานชลประทานที่ 4
สถานีวัดน้ำ,TP.106,บ้านคลองน้ำไหลใต้,กำแพงเพชร,คลองลาน,คลองลานพัฒนา,สำนักงานชลประทานที่ 4
,1677,บ้านเพชรนิยม,กำแพงเพชร,คลองลาน,สักงาม,สำนักงานชลประทานที่ 4
,1677,บ้านเพชรนิยม,กำแพงเพชร,คลองลาน,สักงาม,สำนักงานชลประทานที่ 4
สถานีวัดน้ำ,TP.101,บ้านโป่งน้ำร้อน,กำแพงเพชร,คลองลาน,สักงาม,สำนักงานชลประทานที่ 4
,1556931,หน่วยพิทักษ์อุทยานแห่งชาติที่ คล.4 (คลองสวนหมาก),กำแพงเพชร,คลองลาน,โป่งน้ำร้อน,สำนักงานชลประทานที่ 4
,1674,บ้านคลองมดแดง,กำแพงเพชร,คลองลาน,โป่งน้ำร้อน,สำนักงานชลประทานที่ 4
,1676,บ้านโป่งน้ำร้อน*,กำแพงเพชร,คลองลาน,โป่งน้ำร้อน,สำนักงานชลประทานที่ 4
,1556931,หน่วยพิทักษ์อุทยานแห่งชาติที่ คล.4 (คลองสวนหมาก),กำแพงเพชร,คลองลาน,โป่งน้ำร้อน,สำนักงานชลประทานที่ 4
,1674,บ้านคลองมดแดง,กำแพงเพชร,คลองลาน,โป่งน้ำร้อน,สำนักงานชลประทานที่ 4
,1676,บ้านโป่งน้ำร้อน*,กำแพงเพชร,คลองลาน,โป่งน้ำร้อน,สำนักงานชลประทานที่ 4
สถานีวัดน้ำ,TP.100,ฝายคลองสวนหมาก,กำแพงเพชร,คลองลาน,โป่งน้ำร้อน,สำนักงานชลประทานที่ 4
สถานีวัดน้ำ,TRSm.2,อ่างเก็บน้ำคลองมดแดง,กำแพงเพชร,คลองลาน,โป่งน้ำร้อน,สำนักงานชลประทานที่ 4
,623,ทต.ทุ่งทราย,กำแพงเพชร,ทรายทองวัฒนา,ทุ่งทราย,สำนักงานชลประทานที่ 4
,623,ทต.ทุ่งทราย,กำแพงเพชร,ทรายทองวัฒนา,ทุ่งทราย,สำนักงานชลประทานที่ 4
,1121230,ที่ทำการอุทยานแห่งชาติแม่วงก์,กำแพงเพชร,ปางศิลาทอง,ปางตาไว,สำนักงานชลประทานที่ 4
,1678,บ้านตากฟ้า,กำแพงเพชร,ปางศิลาทอง,ปางตาไว,สำนักงานชลประทานที่ 4
,1680,บ้านปางเหนือ*,กำแพงเพชร,ปางศิลาทอง,ปางตาไว,สำนักงานชลประทานที่ 4
,1681,บ้านไพรสวรรค์,กำแพงเพชร,ปางศิลาทอง,ปางตาไว,สำนักงานชลประทานที่ 4
,1121230,ที่ทำการอุทยานแห่งชาติแม่วงก์,กำแพงเพชร,ปางศิลาทอง,ปางตาไว,สำนักงานชลประทานที่ 4
,1678,บ้านตากฟ้า,กำแพงเพชร,ปางศิลาทอง,ปางตาไว,สำนักงานชลประทานที่ 4
,1680,บ้านปางเหนือ*,กำแพงเพชร,ปางศิลาทอง,ปางตาไว,สำนักงานชลประทานที่ 4
,1681,บ้านไพรสวรรค์,กำแพงเพชร,ปางศิลาทอง,ปางตาไว,สำนักงานชลประทานที่ 4
สถานีวัดน้ำ,TRKl.3,โรงเรียนบ้านคลองปลาสร้อย,กำแพงเพชร,ปางศิลาทอง,ปางตาไว,สำนักงานชลประทานที่ 4
สถานีวัดน้ำ,TP.111,บ้านวังชะโอน,กำแพงเพชร,พรานกระต่าย,ท่าไม้,สำนักงานชลประทานที่ 4
,621,ทต.พรานกระต่าย,กำแพงเพชร,พรานกระต่าย,พรานกระต่าย,สำนักงานชลประทานที่ 4
,621,ทต.พรานกระต่าย,กำแพงเพชร,พรานกระต่าย,พรานกระต่าย,สำนักงานชลประทานที่ 4
สถานีวัดน้ำ,12247,อบต.ห้วยยั้ง,กำแพงเพชร,พรานกระต่าย,พรานกระต่าย,สำนักงานชลประทานที่ 4
อ่างเก็บน้ำ,rsv56,อ่างเก็บน้ำห้วยป่าบง,กำแพงเพชร,พรานกระต่าย,หนองหัววัว,สำนักงานชลประทานที่ 4
,1679,บ้านทุ่งยาว,กำแพงเพชร,พรานกระต่าย,ห้วยยั้ง,สำนักงานชลประทานที่ 4
,1679,บ้านทุ่งยาว,กำแพงเพชร,พรานกระต่าย,ห้วยยั้ง,สำนักงานชลประทานที่ 4
อ่างเก็บน้ำ,rsv511,อ่างเก็บน้ำคลองไพร,กำแพงเพชร,พรานกระต่าย,เขาคีริส,สำนักงานชลประทานที่ 4
,622,อบต.ลานกระบือ,กำแพงเพชร,ลานกระบือ,ลานกระบือ,สำนักงานชลประทานที่ 4
,622,อบต.ลานกระบือ,กำแพงเพชร,ลานกระบือ,ลานกระบือ,สำนักงานชลประทานที่ 4
สถานีวัดน้ำ,TP.7A,สถานีโทรมาตร อ.เมือง จ.กำแพงเพชร,กำแพงเพชร,เมือง,ในเมือง,สำนักงานชลประทานที่ 4
สถานีวัดน้ำ,P.7A,ต.ในเมือง,กำแพงเพชร,เมืองกำแพงเพชร,,สำนักงานชลประทานที่ 4
สถานีวัดน้ำ,P.7A,ต.ในเมือง,กำแพงเพชร,เมืองกำแพงเพชร,,สำนักงานชลประทานที่ 4
,1671,บ้านเขาน้ำเพชร,กำแพงเพชร,เมืองกำแพงเพชร,คลองแม่ลาย,สำนักงานชลประทานที่ 4
,1671,บ้านเขาน้ำเพชร,กำแพงเพชร,เมืองกำแพงเพชร,คลองแม่ลาย,สำนักงานชลประทานที่ 4
,1669,บ้านห้วยกุ่ม,กำแพงเพชร,เมืองกำแพงเพชร,ทรงธรรม,สำนักงานชลประทานที่ 4
,1669,บ้านห้วยกุ่ม,กำแพงเพชร,เมืองกำแพงเพชร,ทรงธรรม,สำนักงานชลประทานที่ 4
,1672,บ้านสันติสุข,กำแพงเพชร,เมืองกำแพงเพชร,ท่าขุนราม,สำนักงานชลประทานที่ 4
,1672,บ้านสันติสุข,กำแพงเพชร,เมืองกำแพงเพชร,ท่าขุนราม,สำนักงานชลประทานที่ 4
สถานีวัดน้ำ,TP.26A,บ้านหัวฝาย( P.26A เดิม),กำแพงเพชร,เมืองกำแพงเพชร,ท่าขุนราม,สำนักงานชลประทานที่ 4
สถานีวัดน้ำ,TP.98,วัดอุทุมพร,กำแพงเพชร,เมืองกำแพงเพชร,ท่าขุนราม,สำนักงานชลประทานที่ 4
สถานีวัดน้ำ,TP.107,บ้านคลองสีนวล,กำแพงเพชร,เมืองกำแพงเพชร,ธำมะรงค์,สำนักงานชลประทานที่ 4
,609,เมืองกำแพงเพชร (P7A),กำแพงเพชร,เมืองกำแพงเพชร,นครชุม,สำนักงานชลประทานที่ 4
,609,เมืองกำแพงเพชร (P7A),กำแพงเพชร,เมืองกำแพงเพชร,นครชุม,สำนักงานชลประทานที่ 4
,1667,บ้านปางขนุน,กำแพงเพชร,เมืองกำแพงเพชร,นาบ่อคำ,สำนักงานชลประทานที่ 4
,1668,บ้านศรีไกรลาศ,กำแพงเพชร,เมืองกำแพงเพชร,นาบ่อคำ,สำนักงานชลประทานที่ 4
,608,ชุมชนหนองปิ้งไก่,กำแพงเพชร,เมืองกำแพงเพชร,นาบ่อคำ,สำนักงานชลประทานที่ 4
,1667,บ้านปางขนุน,กำแพงเพชร,เมืองกำแพงเพชร,นาบ่อคำ,สำนักงานชลประทานที่ 4
,1668,บ้านศรีไกรลาศ,กำแพงเพชร,เมืองกำแพงเพชร,นาบ่อคำ,สำนักงานชลประทานที่ 4
,608,ชุมชนหนองปิ้งไก่,กำแพงเพชร,เมืองกำแพงเพชร,นาบ่อคำ,สำนักงานชลประทานที่ 4
สถานีวัดน้ำ,TP.99,วัดเขาแก้วสวรรค์,กำแพงเพชร,เมืองกำแพงเพชร,นาบ่อคำ,สำนักงานชลประทานที่ 4
สถานีวัดน้ำ,TRSm.1,อ่างเก็บน้ำหนองกอง,กำแพงเพชร,เมืองกำแพงเพชร,นาบ่อคำ,สำนักงานชลประทานที่ 4
,610,สะพานลานดอกไม้,กำแพงเพชร,เมืองกำแพงเพชร,ลานดอกไม้,สำนักงานชลประทานที่ 4
,610,สะพานลานดอกไม้,กำแพงเพชร,เมืองกำแพงเพชร,ลานดอกไม้,สำนักงานชลประทานที่ 4
สถานีวัดน้ำ,TRSn.1,วัดวังทอง,กำแพงเพชร,เมืองกำแพงเพชร,วังทอง,สำนักงานชลประทานที่ 4
,611,ท่อทองแดง1,กำแพงเพชร,เมืองกำแพงเพชร,หนองปลิง,สำนักงานชลประทานที่ 4
,611,ท่อทองแดง1,กำแพงเพชร,เมืองกำแพงเพชร,หนองปลิง,สำนักงานชลประทานที่ 4
,607,อบจ.กำแพงเพชร,กำแพงเพชร,เมืองกำแพงเพชร,อ่างทอง,สำนักงานชลประทานที่ 4
,607,อบจ.กำแพงเพชร,กำแพงเพชร,เมืองกำแพงเพชร,อ่างทอง,สำนักงานชลประทานที่ 4
,3668,กำแพงเพชร,กำแพงเพชร,เมืองกำแพงเพชร,ในเมือง,สำนักงานชลประทานที่ 4
,3668,กำแพงเพชร,กำแพงเพชร,เมืองกำแพงเพชร,ในเมือง,สำนักงานชลประทานที่ 4
สถานีวัดน้ำ,P.50A,คลองวังเจ้า,กำแพงเพชร,โกสัมพีนคร,,สำนักงานชลประทานที่ 4
สถานีวัดน้ำ,P.50A,คลองวังเจ้า,กำแพงเพชร,โกสัมพีนคร,,สำนักงานชลประทานที่ 4
,502739,บ้านมอเสือดุ,กำแพงเพชร,โกสัมพีนคร,เพชรชมภู,สำนักงานชลประทานที่ 4
,502739,บ้านมอเสือดุ,กำแพงเพชร,โกสัมพีนคร,เพชรชมภู,สำนักงานชลประทานที่ 4
,1475102,หน่วยพิทักษ์อุทยานแห่งชาติที่ วจ.5 (โละโคะ),กำแพงเพชร,โกสัมพีนคร,โกสัมพี,สำนักงานชลประทานที่ 4
,1556910,หน่วยจัดการต้นน้ำขุนวังเจ้า,กำแพงเพชร,โกสัมพีนคร,โกสัมพี,สำนักงานชลประทานที่ 4
,1683,บ้านหนองบัวสามัคคี,กำแพงเพชร,โกสัมพีนคร,โกสัมพี,สำนักงานชลประทานที่ 4
,1475102,หน่วยพิทักษ์อุทยานแห่งชาติที่ วจ.5 (โละโคะ),กำแพงเพชร,โกสัมพีนคร,โกสัมพี,สำนักงานชลประทานที่ 4
,1556910,หน่วยจัดการต้นน้ำขุนวังเจ้า,กำแพงเพชร,โกสัมพีนคร,โกสัมพี,สำนักงานชลประทานที่ 4
,1683,บ้านหนองบัวสามัคคี,กำแพงเพชร,โกสัมพีนคร,โกสัมพี,สำนักงานชลประทานที่ 4
สถานีวัดน้ำ,TP.96,บ้านใหม่เสรีธรรม,กำแพงเพชร,โกสัมพีนคร,โกสัมพี,สำนักงานชลประทานที่ 4
สถานีวัดน้ำ,TP.97,อุทยานแห่งชาติคลองวังเจ้า,กำแพงเพชร,โกสัมพีนคร,โกสัมพี,สำนักงานชลประทานที่ 4
,613,อบต.หนองไม้กอง,กำแพงเพชร,ไทรงาม,หนองไม้กอง,สำนักงานชลประทานที่ 4
,613,อบต.หนองไม้กอง,กำแพงเพชร,ไทรงาม,หนองไม้กอง,สำนักงานชลประทานที่ 4
สถานีวัดน้ำ,12237,บ้านแก้วสุวรรณ จ.กำแพงเพชร,กำแพงเพชร,ไทรยงาม,หนองคล้า,สำนักงานชลประทานที่ 4
,376201,,ตาก,,,สำนักงานชลประทานที่ 4
อ่างขนาดเล็ก,อ่างเก็บน้ำคลองข่อย,อ่างเก็บน้ำคลองข่อย,ตาก,,,สำนักงานชลประทานที่ 4
อ่างขนาดเล็ก,อ่างเก็บน้ำคลองไม้แดง,อ่างเก็บน้ำคลองไม้แดง,ตาก,,,สำนักงานชลประทานที่ 4
อ่างขนาดเล็ก,อ่างเก็บน้ำคีรีราษฎร์ (ร่มเกล้า 1),อ่างเก็บน้ำคีรีราษฎร์ (ร่มเกล้า 1),ตาก,,,สำนักงานชลประทานที่ 4
อ่างขนาดเล็ก,อ่างเก็บน้ำค่ายวชิรปราการ,อ่างเก็บน้ำค่ายวชิรปราการ,ตาก,,,สำนักงานชลประทานที่ 4
อ่างขนาดเล็ก,อ่างเก็บน้ำช่องหามกายอันเนื่องมาจากพระราชดำริ,อ่างเก็บน้ำช่องหามกายอันเนื่องมาจากพระราชดำริ,ตาก,,,สำนักงานชลประทานที่ 4
อ่างขนาดเล็ก,อ่างเก็บน้ำบ้านรวมไทยพัฒนาที่ 13,อ่างเก็บน้ำบ้านรวมไทยพัฒนาที่ 13,ตาก,,,สำนักงานชลประทานที่ 4
อ่างขนาดเล็ก,อ่างเก็บน้ำบ้านหมื่นฤาชัย,อ่างเก็บน้ำบ้านหมื่นฤาชัย,ตาก,,,สำนักงานชลประทานที่ 4
อ่างขนาดเล็ก,อ่างเก็บน้ำปรอผาโด้ (ร่มเกล้า 6),อ่างเก็บน้ำปรอผาโด้ (ร่มเกล้า 6),ตาก,,,สำนักงานชลประทานที่ 4
อ่างขนาดเล็ก,อ่างเก็บน้ำร่มเกล้า 2,อ่างเก็บน้ำร่มเกล้า 2,ตาก,,,สำนักงานชลประทานที่ 4
อ่างขนาดเล็ก,อ่างเก็บน้ำร่มเกล้า 3,อ่างเก็บน้ำร่มเกล้า 3,ตาก,,,สำนักงานชลประทานที่ 4
อ่างขนาดเล็ก,อ่างเก็บน้ำร่มเกล้า 4,อ่างเก็บน้ำร่มเกล้า 4,ตาก,,,สำนักงานชลประทานที่ 4
อ่างขนาดเล็ก,อ่างเก็บน้ำห้วยชิบาโบ,อ่างเก็บน้ำห้วยชิบาโบ,ตาก,,,สำนักงานชลประทานที่ 4
อ่างขนาดเล็ก,อ่างเก็บน้ำห้วยดงตึง,อ่างเก็บน้ำห้วยดงตึง,ตาก,,,สำนักงานชลประทานที่ 4
อ่างขนาดเล็ก,อ่างเก็บน้ำห้วยน้ำหนัก,อ่างเก็บน้ำห้วยน้ำหนัก,ตาก,,,สำนักงานชลประทานที่ 4
อ่างขนาดเล็ก,อ่างเก็บน้ำห้วยน้ำเย็น,อ่างเก็บน้ำห้วยน้ำเย็น,ตาก,,,สำนักงานชลประทานที่ 4
อ่างขนาดเล็ก,อ่างเก็บน้ำห้วยผักชี,อ่างเก็บน้ำห้วยผักชี,ตาก,,,สำนักงานชลประทานที่ 4
อ่างขนาดเล็ก,อ่างเก็บน้ำห้วยผากระเชอ,อ่างเก็บน้ำห้วยผากระเชอ,ตาก,,,สำนักงานชลประทานที่ 4
อ่างขนาดเล็ก,อ่างเก็บน้ำห้วยเดื่อ,อ่างเก็บน้ำห้วยเดื่อ,ตาก,,,สำนักงานชลประทานที่ 4
อ่างขนาดเล็ก,อ่างเก็บน้ำห้วยเพอะพะ,อ่างเก็บน้ำห้วยเพอะพะ,ตาก,,,สำนักงานชลประทานที่ 4
อ่างขนาดเล็ก,อ่างเก็บน้ำห้วยเพอะพะ 2,อ่างเก็บน้ำห้วยเพอะพะ 2,ตาก,,,สำนักงานชลประทานที่ 4
อ่างขนาดเล็ก,อ่างเก็บน้ำห้วยแม่ตาว,อ่างเก็บน้ำห้วยแม่ตาว,ตาก,,,สำนักงานชลประทานที่ 4
อ่างขนาดเล็ก,อ่างเก็บน้ำแม่กลองใหม่ (ร่มเกล้า 7),อ่างเก็บน้ำแม่กลองใหม่ (ร่มเกล้า 7),ตาก,,,สำนักงานชลประทานที่ 4
อ่างขนาดเล็ก,อ่างเก็บน้ำแม่หินหลวงน้อย,อ่างเก็บน้ำแม่หินหลวงน้อย,ตาก,,,สำนักงานชลประทานที่ 4
อ่างขนาดเล็ก,อ่างเก็บน้ำโพรงตะเข้,อ่างเก็บน้ำโพรงตะเข้,ตาก,,,สำนักงานชลประทานที่ 4
,376201,,ตาก,,,สำนักงานชลประทานที่ 4
อ่างขนาดเล็ก,อ่างเก็บน้ำคลองข่อย,อ่างเก็บน้ำคลองข่อย,ตาก,,,สำนักงานชลประทานที่ 4
อ่างขนาดเล็ก,อ่างเก็บน้ำคลองไม้แดง,อ่างเก็บน้ำคลองไม้แดง,ตาก,,,สำนักงานชลประทานที่ 4
อ่างขนาดเล็ก,อ่างเก็บน้ำคีรีราษฎร์ (ร่มเกล้า 1),อ่างเก็บน้ำคีรีราษฎร์ (ร่มเกล้า 1),ตาก,,,สำนักงานชลประทานที่ 4
อ่างขนาดเล็ก,อ่างเก็บน้ำค่ายวชิรปราการ,อ่างเก็บน้ำค่ายวชิรปราการ,ตาก,,,สำนักงานชลประทานที่ 4
อ่างขนาดเล็ก,อ่างเก็บน้ำช่องหามกายอันเนื่องมาจากพระราชดำริ,อ่างเก็บน้ำช่องหามกายอันเนื่องมาจากพระราชดำริ,ตาก,,,สำนักงานชลประทานที่ 4
อ่างขนาดเล็ก,อ่างเก็บน้ำบ้านรวมไทยพัฒนาที่ 13,อ่างเก็บน้ำบ้านรวมไทยพัฒนาที่ 13,ตาก,,,สำนักงานชลประทานที่ 4
อ่างขนาดเล็ก,อ่างเก็บน้ำบ้านหมื่นฤาชัย,อ่างเก็บน้ำบ้านหมื่นฤาชัย,ตาก,,,สำนักงานชลประทานที่ 4
อ่างขนาดเล็ก,อ่างเก็บน้ำปรอผาโด้ (ร่มเกล้า 6),อ่างเก็บน้ำปรอผาโด้ (ร่มเกล้า 6),ตาก,,,สำนักงานชลประทานที่ 4
อ่างขนาดเล็ก,อ่างเก็บน้ำร่มเกล้า 2,อ่างเก็บน้ำร่มเกล้า 2,ตาก,,,สำนักงานชลประทานที่ 4
อ่างขนาดเล็ก,อ่างเก็บน้ำร่มเกล้า 3,อ่างเก็บน้ำร่มเกล้า 3,ตาก,,,สำนักงานชลประทานที่ 4
อ่างขนาดเล็ก,อ่างเก็บน้ำร่มเกล้า 4,อ่างเก็บน้ำร่มเกล้า 4,ตาก,,,สำนักงานชลประทานที่ 4
อ่างขนาดเล็ก,อ่างเก็บน้ำห้วยชิบาโบ,อ่างเก็บน้ำห้วยชิบาโบ,ตาก,,,สำนักงานชลประทานที่ 4
อ่างขนาดเล็ก,อ่างเก็บน้ำห้วยดงตึง,อ่างเก็บน้ำห้วยดงตึง,ตาก,,,สำนักงานชลประทานที่ 4
อ่างขนาดเล็ก,อ่างเก็บน้ำห้วยน้ำหนัก,อ่างเก็บน้ำห้วยน้ำหนัก,ตาก,,,สำนักงานชลประทานที่ 4
อ่างขนาดเล็ก,อ่างเก็บน้ำห้วยน้ำเย็น,อ่างเก็บน้ำห้วยน้ำเย็น,ตาก,,,สำนักงานชลประทานที่ 4
อ่างขนาดเล็ก,อ่างเก็บน้ำห้วยผักชี,อ่างเก็บน้ำห้วยผักชี,ตาก,,,สำนักงานชลประทานที่ 4
อ่างขนาดเล็ก,อ่างเก็บน้ำห้วยผากระเชอ,อ่างเก็บน้ำห้วยผากระเชอ,ตาก,,,สำนักงานชลประทานที่ 4
อ่างขนาดเล็ก,อ่างเก็บน้ำห้วยเดื่อ,อ่างเก็บน้ำห้วยเดื่อ,ตาก,,,สำนักงานชลประทานที่ 4
อ่างขนาดเล็ก,อ่างเก็บน้ำห้วยเพอะพะ,อ่างเก็บน้ำห้วยเพอะพะ,ตาก,,,สำนักงานชลประทานที่ 4
อ่างขนาดเล็ก,อ่างเก็บน้ำห้วยเพอะพะ 2,อ่างเก็บน้ำห้วยเพอะพะ 2,ตาก,,,สำนักงานชลประทานที่ 4
อ่างขนาดเล็ก,อ่างเก็บน้ำห้วยแม่ตาว,อ่างเก็บน้ำห้วยแม่ตาว,ตาก,,,สำนักงานชลประทานที่ 4
อ่างขนาดเล็ก,อ่างเก็บน้ำแม่กลองใหม่ (ร่มเกล้า 7),อ่างเก็บน้ำแม่กลองใหม่ (ร่มเกล้า 7),ตาก,,,สำนักงานชลประทานที่ 4
อ่างขนาดเล็ก,อ่างเก็บน้ำแม่หินหลวงน้อย,อ่างเก็บน้ำแม่หินหลวงน้อย,ตาก,,,สำนักงานชลประทานที่ 4
อ่างขนาดเล็ก,อ่างเก็บน้ำโพรงตะเข้,อ่างเก็บน้ำโพรงตะเข้,ตาก,,,สำนักงานชลประทานที่ 4
,1698,บ้านขุนห้วยแม่ต้าน,ตาก,ท่าสองยาง,แม่ต้าน,สำนักงานชลประทานที่ 4
,1698,บ้านขุนห้วยแม่ต้าน,ตาก,ท่าสองยาง,แม่ต้าน,สำนักงานชลประทานที่ 4
,1132569,โรงพยาบาลส่งเสริมสุขภาพตำบล บ้านแม่เหว่ย,ตาก,ท่าสองยาง,แม่วะหลวง,สำนักงานชลประทานที่ 4
,632,รร.แม่อมกิ,ตาก,ท่าสองยาง,แม่วะหลวง,สำนักงานชลประทานที่ 4
,1132569,โรงพยาบาลส่งเสริมสุขภาพตำบล บ้านแม่เหว่ย,ตาก,ท่าสองยาง,แม่วะหลวง,สำนักงานชลประทานที่ 4
,632,รร.แม่อมกิ,ตาก,ท่าสองยาง,แม่วะหลวง,สำนักงานชลประทานที่ 4
,1132568,สถานบริการสาธารณสุขชุมชนบ้านทีโบ๊ะคี,ตาก,ท่าสองยาง,แม่สอง,สำนักงานชลประทานที่ 4
,642761,อุทยานแห่งชาติแม่เมย,ตาก,ท่าสองยาง,แม่สอง,สำนักงานชลประทานที่ 4
,1132568,สถานบริการสาธารณสุขชุมชนบ้านทีโบ๊ะคี,ตาก,ท่าสองยาง,แม่สอง,สำนักงานชลประทานที่ 4
,642761,อุทยานแห่งชาติแม่เมย,ตาก,ท่าสองยาง,แม่สอง,สำนักงานชลประทานที่ 4
,1697,บ้านขุนห้วยนกกก,ตาก,ท่าสองยาง,แม่หละ,สำนักงานชลประทานที่ 4
,685675,หน่วยจัดการต้นน้ำดอยเปเปอร์,ตาก,ท่าสองยาง,แม่หละ,สำนักงานชลประทานที่ 4
,1697,บ้านขุนห้วยนกกก,ตาก,ท่าสองยาง,แม่หละ,สำนักงานชลประทานที่ 4
,685675,หน่วยจัดการต้นน้ำดอยเปเปอร์,ตาก,ท่าสองยาง,แม่หละ,สำนักงานชลประทานที่ 4
,1132567,ศูนย์การเรียนตำรวจตระเวนชายแดนบ้านคะเนจือทะ,ตาก,ท่าสองยาง,แม่อุสุ,สำนักงานชลประทานที่ 4
,1132567,ศูนย์การเรียนตำรวจตระเวนชายแดนบ้านคะเนจือทะ,ตาก,ท่าสองยาง,แม่อุสุ,สำนักงานชลประทานที่ 4
,501312,บ้านหนองชะลาบ,ตาก,บ้านตาก,ตากตก,สำนักงานชลประทานที่ 4
,628,บ้านตาก,ตาก,บ้านตาก,ตากตก,สำนักงานชลประทานที่ 4
,501312,บ้านหนองชะลาบ,ตาก,บ้านตาก,ตากตก,สำนักงานชลประทานที่ 4
,628,บ้านตาก,ตาก,บ้านตาก,ตากตก,สำนักงานชลประทานที่ 4
,1121227,ที่ทำการอุทยานแห่งชาติดอยสอยมาลัย-ไม้กลายเป็นหิน,ตาก,บ้านตาก,ตากออก,สำนักงานชลประทานที่ 4
,627,อบต.ตากออก,ตาก,บ้านตาก,ตากออก,สำนักงานชลประทานที่ 4
,1121227,ที่ทำการอุทยานแห่งชาติดอยสอยมาลัย-ไม้กลายเป็นหิน,ตาก,บ้านตาก,ตากออก,สำนักงานชลประทานที่ 4
,627,อบต.ตากออก,ตาก,บ้านตาก,ตากออก,สำนักงานชลประทานที่ 4
,1689,บ้านลีซอขุนห้วยทู่,ตาก,บ้านตาก,ทุ่งกระเชาะ,สำนักงานชลประทานที่ 4
,1689,บ้านลีซอขุนห้วยทู่,ตาก,บ้านตาก,ทุ่งกระเชาะ,สำนักงานชลประทานที่ 4
,1690,บ้านสันพระบาท,ตาก,บ้านตาก,ท้องฟ้า,สำนักงานชลประทานที่ 4
,1691,บ้านท้องฟ้า,ตาก,บ้านตาก,ท้องฟ้า,สำนักงานชลประทานที่ 4
,1692,บ้านห้วยพลู,ตาก,บ้านตาก,ท้องฟ้า,สำนักงานชลประทานที่ 4
,1690,บ้านสันพระบาท,ตาก,บ้านตาก,ท้องฟ้า,สำนักงานชลประทานที่ 4
,1691,บ้านท้องฟ้า,ตาก,บ้านตาก,ท้องฟ้า,สำนักงานชลประทานที่ 4
,1692,บ้านห้วยพลู,ตาก,บ้านตาก,ท้องฟ้า,สำนักงานชลประทานที่ 4
สถานีวัดน้ำ,TP.109,บ้านท้องฟ้า,ตาก,บ้านตาก,ท้องฟ้า,สำนักงานชลประทานที่ 4
,1688,บ้านชัยมงคล,ตาก,บ้านตาก,สมอโคน,สำนักงานชลประทานที่ 4
,1688,บ้านชัยมงคล,ตาก,บ้านตาก,สมอโคน,สำนักงานชลประทานที่ 4
,501206,บ้านเด่นไม้ซุง,ตาก,บ้านตาก,แม่สลิด,สำนักงานชลประทานที่ 4
,501296,บ้านยางโองนอก,ตาก,บ้านตาก,แม่สลิด,สำนักงานชลประทานที่ 4
,501206,บ้านเด่นไม้ซุง,ตาก,บ้านตาก,แม่สลิด,สำนักงานชลประทานที่ 4
,501296,บ้านยางโองนอก,ตาก,บ้านตาก,แม่สลิด,สำนักงานชลประทานที่ 4
,1707,บ้านร่มเกล้าสหมิตร,ตาก,พบพระ,คีรีราษฎร์,สำนักงานชลประทานที่ 4
,1708,บ้านอุ้มเปี้ยม,ตาก,พบพระ,คีรีราษฎร์,สำนักงานชลประทานที่ 4
,1707,บ้านร่มเกล้าสหมิตร,ตาก,พบพระ,คีรีราษฎร์,สำนักงานชลประทานที่ 4
,1708,บ้านอุ้มเปี้ยม,ตาก,พบพระ,คีรีราษฎร์,สำนักงานชลประทานที่ 4
,1705,บ้านเสรีราษฎร์,ตาก,พบพระ,ช่องแคบ,สำนักงานชลประทานที่ 4
,1706,บ้านช่องแคบ,ตาก,พบพระ,ช่องแคบ,สำนักงานชลประทานที่ 4
,1705,บ้านเสรีราษฎร์,ตาก,พบพระ,ช่องแคบ,สำนักงานชลประทานที่ 4
,1706,บ้านช่องแคบ,ตาก,พบพระ,ช่องแคบ,สำนักงานชลประทานที่ 4
,1704,บ้านห้วยน้ำนัก,ตาก,พบพระ,พบพระ,สำนักงานชลประทานที่ 4
,500131,บ้านหมื่นฤาชัย,ตาก,พบพระ,พบพระ,สำนักงานชลประทานที่ 4
,500132,บ้านผากระเจ้อ,ตาก,พบพระ,พบพระ,สำนักงานชลประทานที่ 4
,636,อบต.พบพระ,ตาก,พบพระ,พบพระ,สำนักงานชลประทานที่ 4
,1704,บ้านห้วยน้ำนัก,ตาก,พบพระ,พบพระ,สำนักงานชลประทานที่ 4
,500131,บ้านหมื่นฤาชัย,ตาก,พบพระ,พบพระ,สำนักงานชลประทานที่ 4
,500132,บ้านผากระเจ้อ,ตาก,พบพระ,พบพระ,สำนักงานชลประทานที่ 4
,636,อบต.พบพระ,ตาก,พบพระ,พบพระ,สำนักงานชลประทานที่ 4
,501311,บ้านทหารผ่านศึก,ตาก,พบพระ,รวมไทยพัฒนา,สำนักงานชลประทานที่ 4
,501320,บ้านรวมไทยพัฒนาที่ 8,ตาก,พบพระ,รวมไทยพัฒนา,สำนักงานชลประทานที่ 4
,501311,บ้านทหารผ่านศึก,ตาก,พบพระ,รวมไทยพัฒนา,สำนักงานชลประทานที่ 4
,501320,บ้านรวมไทยพัฒนาที่ 8,ตาก,พบพระ,รวมไทยพัฒนา,สำนักงานชลประทานที่ 4
,501319,บ้านแม่ออกฮู,ตาก,พบพระ,วาเล่ย์,สำนักงานชลประทานที่ 4
,501319,บ้านแม่ออกฮู,ตาก,พบพระ,วาเล่ย์,สำนักงานชลประทานที่ 4
,1670,บ้านท่าทองแดง,ตาก,วังเจ้า,นาโบสถ์,สำนักงานชลประทานที่ 4
,1711,บ้านใหม่พรสวรรค์,ตาก,วังเจ้า,นาโบสถ์,สำนักงานชลประทานที่ 4
,1670,บ้านท่าทองแดง,ตาก,วังเจ้า,นาโบสถ์,สำนักงานชลประทานที่ 4
,1711,บ้านใหม่พรสวรรค์,ตาก,วังเจ้า,นาโบสถ์,สำนักงานชลประทานที่ 4
สถานีวัดน้ำ,TRWc.1,โรงเรียนบ้านหนองปลาไหล,ตาก,วังเจ้า,นาโบสถ์,สำนักงานชลประทานที่ 4
,638,เมืองตาก,ตาก,วังเจ้า,ประดาง,สำนักงานชลประทานที่ 4
,638,เมืองตาก,ตาก,วังเจ้า,ประดาง,สำนักงานชลประทานที่ 4
,1710,บ้านเด่นวัวน้ำทิพย์,ตาก,วังเจ้า,เชียงทอง,สำนักงานชลประทานที่ 4
,1710,บ้านเด่นวัวน้ำทิพย์,ตาก,วังเจ้า,เชียงทอง,สำนักงานชลประทานที่ 4
สถานีวัดน้ำ,TP.95,เทศบาลวังเจ้า,ตาก,วังเจ้า,เชียงทอง,สำนักงานชลประทานที่ 4
สถานีวัดน้ำ,P.12C,บ้านย่านรี,ตาก,สามเงา,,สำนักงานชลประทานที่ 4
สถานีวัดน้ำ,W.23,บ้านแม่เชียงราย,ตาก,สามเงา,,สำนักงานชลประทานที่ 4
สถานีวัดน้ำ,W.24,บ้านท่าไผ่,ตาก,สามเงา,,สำนักงานชลประทานที่ 4
สถานีวัดน้ำ,W.4A,บ้านวังหมัน,ตาก,สามเงา,,สำนักงานชลประทานที่ 4
สถานีวัดน้ำ,P.12C,บ้านย่านรี,ตาก,สามเงา,,สำนักงานชลประทานที่ 4
สถานีวัดน้ำ,W.23,บ้านแม่เชียงราย,ตาก,สามเงา,,สำนักงานชลประทานที่ 4
สถานีวัดน้ำ,W.24,บ้านท่าไผ่,ตาก,สามเงา,,สำนักงานชลประทานที่ 4
สถานีวัดน้ำ,W.4A,บ้านวังหมัน,ตาก,สามเงา,,สำนักงานชลประทานที่ 4
สถานีวัดน้ำ,TW.23,แม่น้ำวัง  W.23,ตาก,สามเงา,นายาง,สำนักงานชลประทานที่ 4
,1601372,อ่างเก็บน้ำสองแควหลวง,ตาก,สามเงา,ยกกระบัตร,สำนักงานชลประทานที่ 4
,1601373,อ่างเก็บน้ำสองแควเหนือ,ตาก,สามเงา,ยกกระบัตร,สำนักงานชลประทานที่ 4
,1601374,อ่างเก็บน้ำสองแควใต้,ตาก,สามเงา,ยกกระบัตร,สำนักงานชลประทานที่ 4
,1601375,อ่างเก็บน้ำห้วยคลองไม้แดง,ตาก,สามเงา,ยกกระบัตร,สำนักงานชลประทานที่ 4
,1601376,อ่างเก็บน้ำหนองเข้,ตาก,สามเงา,ยกกระบัตร,สำนักงานชลประทานที่ 4
,1601377,อ่างเก็บน้ำหนองก้างปลา,ตาก,สามเงา,ยกกระบัตร,สำนักงานชลประทานที่ 4
,501286,บ้านใหม่สามัคคี,ตาก,สามเงา,ยกกระบัตร,สำนักงานชลประทานที่ 4
,501299,บ้านหนองเชียงคา,ตาก,สามเงา,ยกกระบัตร,สำนักงานชลประทานที่ 4
,1601372,อ่างเก็บน้ำสองแควหลวง,ตาก,สามเงา,ยกกระบัตร,สำนักงานชลประทานที่ 4
,1601373,อ่างเก็บน้ำสองแควเหนือ,ตาก,สามเงา,ยกกระบัตร,สำนักงานชลประทานที่ 4
,1601374,อ่างเก็บน้ำสองแควใต้,ตาก,สามเงา,ยกกระบัตร,สำนักงานชลประทานที่ 4
,1601375,อ่างเก็บน้ำห้วยคลองไม้แดง,ตาก,สามเงา,ยกกระบัตร,สำนักงานชลประทานที่ 4
,1601376,อ่างเก็บน้ำหนองเข้,ตาก,สามเงา,ยกกระบัตร,สำนักงานชลประทานที่ 4
,1601377,อ่างเก็บน้ำหนองก้างปลา,ตาก,สามเงา,ยกกระบัตร,สำนักงานชลประทานที่ 4
,501286,บ้านใหม่สามัคคี,ตาก,สามเงา,ยกกระบัตร,สำนักงานชลประทานที่ 4
,501299,บ้านหนองเชียงคา,ตาก,สามเงา,ยกกระบัตร,สำนักงานชลประทานที่ 4
,501497,บ้านท่าปุยตก,ตาก,สามเงา,ย่านรี,สำนักงานชลประทานที่ 4
,501497,บ้านท่าปุยตก,ตาก,สามเงา,ย่านรี,สำนักงานชลประทานที่ 4
สถานีวัดน้ำ,TP.12C,สถานีโทรมาตร เขื่อนแม่ปิงตอนล่าง,ตาก,สามเงา,ย่านรี,สำนักงานชลประทานที่ 4
,1476446,หน่วยพิทักษ์อุทยานแห่งชาติที่ มว.3 (ดงลาน),ตาก,สามเงา,วังจันทร์,สำนักงานชลประทานที่ 4
,501288,บ้านดงลาน,ตาก,สามเงา,วังจันทร์,สำนักงานชลประทานที่ 4
,1476446,หน่วยพิทักษ์อุทยานแห่งชาติที่ มว.3 (ดงลาน),ตาก,สามเงา,วังจันทร์,สำนักงานชลประทานที่ 4
,501288,บ้านดงลาน,ตาก,สามเงา,วังจันทร์,สำนักงานชลประทานที่ 4
,630,สามเงา,ตาก,สามเงา,วังหมัน,สำนักงานชลประทานที่ 4
,630,สามเงา,ตาก,สามเงา,วังหมัน,สำนักงานชลประทานที่ 4
สถานีวัดน้ำ,TW.4A,วังหมัน อ.สามเงา จ.ตาก,ตาก,สามเงา,วังหมัน,สำนักงานชลประทานที่ 4
,3665,เขื่อนภูมิพล,ตาก,สามเงา,สามเงา,สำนักงานชลประทานที่ 4
,629,ศูนย์ดูแลผู้สูงอายุ ทต.สามเงา,ตาก,สามเงา,สามเงา,สำนักงานชลประทานที่ 4
,3665,เขื่อนภูมิพล,ตาก,สามเงา,สามเงา,สำนักงานชลประทานที่ 4
,629,ศูนย์ดูแลผู้สูงอายุ ทต.สามเงา,ตาก,สามเงา,สามเงา,สำนักงานชลประทานที่ 4
เขื่อน,200101,เขื่อนภูมิพล,ตาก,สามเงา,สามเงา,สำนักงานชลประทานที่ 4
,3673,อุ้มผาง,ตาก,อุ้มผาง,อุ้มผาง,สำนักงานชลประทานที่ 4
,637,ทต.อุ้มผาง,ตาก,อุ้มผาง,อุ้มผาง,สำนักงานชลประทานที่ 4
,3673,อุ้มผาง,ตาก,อุ้มผาง,อุ้มผาง,สำนักงานชลประทานที่ 4
,637,ทต.อุ้มผาง,ตาก,อุ้มผาง,อุ้มผาง,สำนักงานชลประทานที่ 4
,1121258,สะพานแม่น้ำแควใหญ่,ตาก,อุ้มผาง,แม่กลอง,สำนักงานชลประทานที่ 4
,1121258,สะพานแม่น้ำแควใหญ่,ตาก,อุ้มผาง,แม่กลอง,สำนักงานชลประทานที่ 4
,1709,บ้านกล้อทอ,ตาก,อุ้มผาง,แม่จัน,สำนักงานชลประทานที่ 4
,1709,บ้านกล้อทอ,ตาก,อุ้มผาง,แม่จัน,สำนักงานชลประทานที่ 4
,13829,สำนักสงฆ์เซปะหละ,ตาก,อุ้มผาง,แม่ละมุ้ง,สำนักงานชลประทานที่ 4
,13829,สำนักสงฆ์เซปะหละ,ตาก,อุ้มผาง,แม่ละมุ้ง,สำนักงานชลประทานที่ 4
,685684,หน่วยจัดการต้นน้ำแม่กลองน้อย-แม่กลองใหญ่,ตาก,อุ้มผาง,โมโกร,สำนักงานชลประทานที่ 4
,685684,หน่วยจัดการต้นน้ำแม่กลองน้อย-แม่กลองใหญ่,ตาก,อุ้มผาง,โมโกร,สำนักงานชลประทานที่ 4
สถานีวัดน้ำ,TP.2A,สถานีโทรมาตร อ.เมือง จ.ตาก,ตาก,เมือง,แม่ท้อ,สำนักงานชลประทานที่ 4
สถานีวัดน้ำ,P.2A,บ้านท่าแค,ตาก,เมืองตาก,,สำนักงานชลประทานที่ 4
สถานีวัดน้ำ,P.2A,บ้านท่าแค,ตาก,เมืองตาก,,สำนักงานชลประทานที่ 4
,1687,บ้านมาบป่าแฝก,ตาก,เมืองตาก,ตลุกกลางทุ่ง,สำนักงานชลประทานที่ 4
,1687,บ้านมาบป่าแฝก,ตาก,เมืองตาก,ตลุกกลางทุ่ง,สำนักงานชลประทานที่ 4
,3664,ตาก,ตาก,เมืองตาก,น้ำรึม,สำนักงานชลประทานที่ 4
,501261,บ้านลานตาเกลี้ยง,ตาก,เมืองตาก,น้ำรึม,สำนักงานชลประทานที่ 4
,3664,ตาก,ตาก,เมืองตาก,น้ำรึม,สำนักงานชลประทานที่ 4
,501261,บ้านลานตาเกลี้ยง,ตาก,เมืองตาก,น้ำรึม,สำนักงานชลประทานที่ 4
สถานีวัดน้ำ,TP.110,บ้านปากร้อง,ตาก,เมืองตาก,ป่ามะม่วง,สำนักงานชลประทานที่ 4
,625,อบจ.ตาก,ตาก,เมืองตาก,ระแหง,สำนักงานชลประทานที่ 4
,625,อบจ.ตาก,ตาก,เมืองตาก,ระแหง,สำนักงานชลประทานที่ 4
,1686,บ้านโป่งแค,ตาก,เมืองตาก,วังประจบ,สำนักงานชลประทานที่ 4
,501578,บ้านแก่งหิน*,ตาก,เมืองตาก,วังประจบ,สำนักงานชลประทานที่ 4
,1686,บ้านโป่งแค,ตาก,เมืองตาก,วังประจบ,สำนักงานชลประทานที่ 4
,501578,บ้านแก่งหิน*,ตาก,เมืองตาก,วังประจบ,สำนักงานชลประทานที่ 4
,501304,บ้านไร่ท่าตะกู,ตาก,เมืองตาก,หนองบัวเหนือ,สำนักงานชลประทานที่ 4
,501304,บ้านไร่ท่าตะกู,ตาก,เมืองตาก,หนองบัวเหนือ,สำนักงานชลประทานที่ 4
,1601378,อ่างเก็บน้ำตลุกหิน,ตาก,เมืองตาก,หนองบัวใต้,สำนักงานชลประทานที่ 4
,1601378,อ่างเก็บน้ำตลุกหิน,ตาก,เมืองตาก,หนองบัวใต้,สำนักงานชลประทานที่ 4
,1121226,ที่ทำการอุทยานแห่งชาติลานสาง,ตาก,เมืองตาก,แม่ท้อ,สำนักงานชลประทานที่ 4
,1121231,ที่ทำการอุทยานแห่งชาติตากสินมหาราช,ตาก,เมืองตาก,แม่ท้อ,สำนักงานชลประทานที่ 4
,1684,บ้านลานสาง,ตาก,เมืองตาก,แม่ท้อ,สำนักงานชลประทานที่ 4
,1685,บ้านลีซอ,ตาก,เมืองตาก,แม่ท้อ,สำนักงานชลประทานที่ 4
,3675,ดอยมูเซอร์ สกษ.,ตาก,เมืองตาก,แม่ท้อ,สำนักงานชลประทานที่ 4
,1121226,ที่ทำการอุทยานแห่งชาติลานสาง,ตาก,เมืองตาก,แม่ท้อ,สำนักงานชลประทานที่ 4
,1121231,ที่ทำการอุทยานแห่งชาติตากสินมหาราช,ตาก,เมืองตาก,แม่ท้อ,สำนักงานชลประทานที่ 4
,1684,บ้านลานสาง,ตาก,เมืองตาก,แม่ท้อ,สำนักงานชลประทานที่ 4
,1685,บ้านลีซอ,ตาก,เมืองตาก,แม่ท้อ,สำนักงานชลประทานที่ 4
,3675,ดอยมูเซอร์ สกษ.,ตาก,เมืองตาก,แม่ท้อ,สำนักงานชลประทานที่ 4
อ่างเก็บน้ำ,rsv486,อ่างเก็บน้ำห้วยแม่ท้อ,ตาก,เมืองตาก,แม่ท้อ,สำนักงานชลประทานที่ 4
,501248,บ้านโป่งแดง,ตาก,เมืองตาก,โป่งแดง,สำนักงานชลประทานที่ 4
,501310,บ้านตลุกป่าตาล,ตาก,เมืองตาก,โป่งแดง,สำนักงานชลประทานที่ 4
,501314,บ้านหนองนกปีกกา,ตาก,เมืองตาก,โป่งแดง,สำนักงานชลประทานที่ 4
,501421,บ้านหนองมะค่า,ตาก,เมืองตาก,โป่งแดง,สำนักงานชลประทานที่ 4
,501248,บ้านโป่งแดง,ตาก,เมืองตาก,โป่งแดง,สำนักงานชลประทานที่ 4
,501310,บ้านตลุกป่าตาล,ตาก,เมืองตาก,โป่งแดง,สำนักงานชลประทานที่ 4
,501314,บ้านหนองนกปีกกา,ตาก,เมืองตาก,โป่งแดง,สำนักงานชลประทานที่ 4
,501421,บ้านหนองมะค่า,ตาก,เมืองตาก,โป่งแดง,สำนักงานชลประทานที่ 4
,1123666,บ้านพะละ,ตาก,แม่ระมาด,ขะเนจื้อ,สำนักงานชลประทานที่ 4
,1694,บ้านแม่ระมาดน้อย,ตาก,แม่ระมาด,ขะเนจื้อ,สำนักงานชลประทานที่ 4
,1695,บ้านขะเนจื้อ,ตาก,แม่ระมาด,ขะเนจื้อ,สำนักงานชลประทานที่ 4
,501309,บ้านห้วยแห้ง,ตาก,แม่ระมาด,ขะเนจื้อ,สำนักงานชลประทานที่ 4
,1123666,บ้านพะละ,ตาก,แม่ระมาด,ขะเนจื้อ,สำนักงานชลประทานที่ 4
,1694,บ้านแม่ระมาดน้อย,ตาก,แม่ระมาด,ขะเนจื้อ,สำนักงานชลประทานที่ 4
,1695,บ้านขะเนจื้อ,ตาก,แม่ระมาด,ขะเนจื้อ,สำนักงานชลประทานที่ 4
,501309,บ้านห้วยแห้ง,ตาก,แม่ระมาด,ขะเนจื้อ,สำนักงานชลประทานที่ 4
,1123667,บ้านห้วยนกแลเหนือ,ตาก,แม่ระมาด,พระธาตุ,สำนักงานชลประทานที่ 4
,1550729,ที่ทำการอุทยานแห่งชาติขุนพะวอ,ตาก,แม่ระมาด,พระธาตุ,สำนักงานชลประทานที่ 4
,1696,บ้านป่าไร่เหนือ*,ตาก,แม่ระมาด,พระธาตุ,สำนักงานชลประทานที่ 4
,1123667,บ้านห้วยนกแลเหนือ,ตาก,แม่ระมาด,พระธาตุ,สำนักงานชลประทานที่ 4
,1550729,ที่ทำการอุทยานแห่งชาติขุนพะวอ,ตาก,แม่ระมาด,พระธาตุ,สำนักงานชลประทานที่ 4
,1696,บ้านป่าไร่เหนือ*,ตาก,แม่ระมาด,พระธาตุ,สำนักงานชลประทานที่ 4
,1556896,หน่วยพิทักษ์อุทยานแห่งชาติที่ ขพ.3 (สามหมื่น),ตาก,แม่ระมาด,สามหมื่น,สำนักงานชลประทานที่ 4
,1556896,หน่วยพิทักษ์อุทยานแห่งชาติที่ ขพ.3 (สามหมื่น),ตาก,แม่ระมาด,สามหมื่น,สำนักงานชลประทานที่ 4
,501306,บ้านห้วยบงใหม่,ตาก,แม่ระมาด,แม่จะเรา,สำนักงานชลประทานที่ 4
,501306,บ้านห้วยบงใหม่,ตาก,แม่ระมาด,แม่จะเรา,สำนักงานชลประทานที่ 4
,685677,โครงการอนุรักษ์สภาพป่าแม่ตื่น ฯ (บ้านห้วยน้ำเย็น),ตาก,แม่ระมาด,แม่ตื่น,สำนักงานชลประทานที่ 4
,685678,สะพานแม่ตื่น,ตาก,แม่ระมาด,แม่ตื่น,สำนักงานชลประทานที่ 4
,685677,โครงการอนุรักษ์สภาพป่าแม่ตื่น ฯ (บ้านห้วยน้ำเย็น),ตาก,แม่ระมาด,แม่ตื่น,สำนักงานชลประทานที่ 4
,685678,สะพานแม่ตื่น,ตาก,แม่ระมาด,แม่ตื่น,สำนักงานชลประทานที่ 4
,1556822,สะพานแม่ระมาด,ตาก,แม่ระมาด,แม่ระมาด,สำนักงานชลประทานที่ 4
,1693,บ้านไหล่ท่า*,ตาก,แม่ระมาด,แม่ระมาด,สำนักงานชลประทานที่ 4
,631,อบต.แม่ระมาด,ตาก,แม่ระมาด,แม่ระมาด,สำนักงานชลประทานที่ 4
,1556822,สะพานแม่ระมาด,ตาก,แม่ระมาด,แม่ระมาด,สำนักงานชลประทานที่ 4
,1693,บ้านไหล่ท่า*,ตาก,แม่ระมาด,แม่ระมาด,สำนักงานชลประทานที่ 4
,631,อบต.แม่ระมาด,ตาก,แม่ระมาด,แม่ระมาด,สำนักงานชลประทานที่ 4
,1702,บ้านห้วยพลู,ตาก,แม่สอด,ด่านแม่ละเมา,สำนักงานชลประทานที่ 4
,635,พิพิธภัณฑ์ธรรมชาติบ้านห้วยปลาหลด,ตาก,แม่สอด,ด่านแม่ละเมา,สำนักงานชลประทานที่ 4
,1702,บ้านห้วยพลู,ตาก,แม่สอด,ด่านแม่ละเมา,สำนักงานชลประทานที่ 4
,635,พิพิธภัณฑ์ธรรมชาติบ้านห้วยปลาหลด,ตาก,แม่สอด,ด่านแม่ละเมา,สำนักงานชลประทานที่ 4
,633,วัดวังตะเคียน,ตาก,แม่สอด,ท่าสายลวด,สำนักงานชลประทานที่ 4
,633,วัดวังตะเคียน,ตาก,แม่สอด,ท่าสายลวด,สำนักงานชลประทานที่ 4
,1703,บ้านขุนห้วยแม่สอด,ตาก,แม่สอด,พระธาตุผาแดง,สำนักงานชลประทานที่ 4
,1703,บ้านขุนห้วยแม่สอด,ตาก,แม่สอด,พระธาตุผาแดง,สำนักงานชลประทานที่ 4
สถานีวัดน้ำ,TSW.01,อ่างเก็บน้ำห้วยแม่สอด,ตาก,แม่สอด,พระธาตุผาแดง,สำนักงานชลประทานที่ 4
อ่างเก็บน้ำ,rsv535,อ่างเก็บน้ำ แม่สอดตอนบน,ตาก,แม่สอด,พระธาตุผาแดง,สำนักงานชลประทานที่ 4
,1699,บ้านแม่ละเมา*,ตาก,แม่สอด,พะวอ,สำนักงานชลประทานที่ 4
,685682,หน่วยพิทักษ์อุทยานแห่งชาติที่ ตม.๓ (ปูแป้),ตาก,แม่สอด,พะวอ,สำนักงานชลประทานที่ 4
,1699,บ้านแม่ละเมา*,ตาก,แม่สอด,พะวอ,สำนักงานชลประทานที่ 4
,685682,หน่วยพิทักษ์อุทยานแห่งชาติที่ ตม.๓ (ปูแป้),ตาก,แม่สอด,พะวอ,สำนักงานชลประทานที่ 4
,1701,บ้านเจดีย์โคะ,ตาก,แม่สอด,มหาวัน,สำนักงานชลประทานที่ 4
,501307,บ้านห้วยหมี,ตาก,แม่สอด,มหาวัน,สำนักงานชลประทานที่ 4
,501318,บ้านมหาวัน,ตาก,แม่สอด,มหาวัน,สำนักงานชลประทานที่ 4
,1701,บ้านเจดีย์โคะ,ตาก,แม่สอด,มหาวัน,สำนักงานชลประทานที่ 4
,501307,บ้านห้วยหมี,ตาก,แม่สอด,มหาวัน,สำนักงานชลประทานที่ 4
,501318,บ้านมหาวัน,ตาก,แม่สอด,มหาวัน,สำนักงานชลประทานที่ 4
,1700,บ้านแม่กาษาใหม่ไหล่ท่า*,ตาก,แม่สอด,แม่กาษา,สำนักงานชลประทานที่ 4
,501313,บ้านไทยสามัคคี,ตาก,แม่สอด,แม่กาษา,สำนักงานชลประทานที่ 4
,1700,บ้านแม่กาษาใหม่ไหล่ท่า*,ตาก,แม่สอด,แม่กาษา,สำนักงานชลประทานที่ 4
,501313,บ้านไทยสามัคคี,ตาก,แม่สอด,แม่กาษา,สำนักงานชลประทานที่ 4
สถานีวัดน้ำ,TSW.04,บ้านโกกโก่,ตาก,แม่สอด,แม่กาษา,สำนักงานชลประทานที่ 4
สถานีวัดน้ำ,TSW.05,บ้านแม่กึ๊ดสามท่า,ตาก,แม่สอด,แม่กาษา,สำนักงานชลประทานที่ 4
สถานีวัดน้ำ,TSW.06,บ้านวังผา,ตาก,แม่สอด,แม่กาษา,สำนักงานชลประทานที่ 4
,501317,บ้านผาลาด,ตาก,แม่สอด,แม่กุ,สำนักงานชลประทานที่ 4
,501317,บ้านผาลาด,ตาก,แม่สอด,แม่กุ,สำนักงานชลประทานที่ 4
,3663,แม่สอด,ตาก,แม่สอด,แม่ตาว,สำนักงานชลประทานที่ 4
,3663,แม่สอด,ตาก,แม่สอด,แม่ตาว,สำนักงานชลประทานที่ 4
อ่างเก็บน้ำ,rsv65,อ่างเก็บน้ำห้วยแม่สอด,ตาก,แม่สอด,แม่ตาว,สำนักงานชลประทานที่ 4
อ่างเก็บน้ำ,rsv66,อ่างเก็บน้ำห้วยลึก,ตาก,แม่สอด,แม่ตาว,สำนักงานชลประทานที่ 4
,501308,บ้านห้วยหินฝน,ตาก,แม่สอด,แม่ปะ,สำนักงานชลประทานที่ 4
,501315,บ้านปากห้วยแม่ปะ,ตาก,แม่สอด,แม่ปะ,สำนักงานชลประทานที่ 4
,501308,บ้านห้วยหินฝน,ตาก,แม่สอด,แม่ปะ,สำนักงานชลประทานที่ 4
,501315,บ้านปากห้วยแม่ปะ,ตาก,แม่สอด,แม่ปะ,สำนักงานชลประทานที่ 4
สถานีวัดน้ำ,TSW.02,แม่สอด,ตาก,แม่สอด,แม่สอด,สำนักงานชลประทานที่ 4
สถานีวัดน้ำ,TSW.03,ห้วยแม่สอด,ตาก,แม่สอด,แม่สอด,สำนักงานชลประทานที่ 4
,373201,,สุโขทัย,,,สำนักงานชลประทานที่ 4
คลอง,DR 15.8,DR 15.8,สุโขทัย,,,สำนักงานชลประทานที่ 4
คลอง,DR 2.8,DR 2.8,สุโขทัย,,,สำนักงานชลประทานที่ 4
คลอง,คลองต้นข้อ,คลองต้นข้อ,สุโขทัย,,,สำนักงานชลประทานที่ 4
คลอง,คลองบ้านหลุม,คลองบ้านหลุม,สุโขทัย,,,สำนักงานชลประทานที่ 4
คลอง,คลองยาง,คลองยาง,สุโขทัย,,,สำนักงานชลประทานที่ 4
บึง,บึงใหญ่,บึงใหญ่,สุโขทัย,,,สำนักงานชลประทานที่ 4
ปตร.,ปตร. DR,ปตร. DR,สุโขทัย,,,สำนักงานชลประทานที่ 4
ปตร.,ปตร.คลองน้ำโจน,ปตร.คลองน้ำโจน,สุโขทัย,,,สำนักงานชลประทานที่ 4
ปตร.,ปตร.ตะคร้อ (ยมน่าน),ปตร.ตะคร้อ (ยมน่าน),สุโขทัย,,,สำนักงานชลประทานที่ 4
ปตร.,ปตร.ตะคร้อ,ปตร.ตะคร้อ,สุโขทัย,,,สำนักงานชลประทานที่ 4
ปตร.,ปตร.ตะคร้อ(ยมน่าน),ปตร.ตะคร้อ(ยมน่าน),สุโขทัย,,,สำนักงานชลประทานที่ 4
ปตร.,ปตร.บางแก้ว,ปตร.บางแก้ว,สุโขทัย,,,สำนักงานชลประทานที่ 4
ปตร.,ปตร.บ้านยางซ้าย,ปตร.บ้านยางซ้าย,สุโขทัย,,,สำนักงานชลประทานที่ 4
ปตร.,ปตร.บ้านวังสะตือ,ปตร.บ้านวังสะตือ,สุโขทัย,,,สำนักงานชลประทานที่ 4
ปตร.,ปตร.บ้านหาดสะพานจันทร์,ปตร.บ้านหาดสะพานจันทร์,สุโขทัย,,,สำนักงานชลประทานที่ 4
ปตร.,ปตร.ยมเก่า,ปตร.ยมเก่า,สุโขทัย,,,สำนักงานชลประทานที่ 4
ปตร.,ปตร.หกบาท,ปตร.หกบาท,สุโขทัย,,,สำนักงานชลประทานที่ 4
ฝาย,ฝายแม่ยม,ฝายแม่ยม,สุโขทัย,,,สำนักงานชลประทานที่ 4
อ่างขนาดเล็ก,อ่างเก็บน้ำห้วยไคร้,อ่างเก็บน้ำห้วยไคร้,สุโขทัย,,,สำนักงานชลประทานที่ 4
อ่างฯ,อ่างฯห้วยแม่รำพัน,อ่างฯห้วยแม่รำพัน,สุโขทัย,,,สำนักงานชลประทานที่ 4
แก้มลิง,แก้มลิงทุ่งทะเลหลวง,แก้มลิงทุ่งทะเลหลวง,สุโขทัย,,,สำนักงานชลประทานที่ 4
แก้มลิง,แก้มลิงวังทองแดง,แก้มลิงวังทองแดง,สุโขทัย,,,สำนักงานชลประทานที่ 4
,373201,,สุโขทัย,,,สำนักงานชลประทานที่ 4
คลอง,DR 15.8,DR 15.8,สุโขทัย,,,สำนักงานชลประทานที่ 4
คลอง,DR 2.8,DR 2.8,สุโขทัย,,,สำนักงานชลประทานที่ 4
คลอง,คลองต้นข้อ,คลองต้นข้อ,สุโขทัย,,,สำนักงานชลประทานที่ 4
คลอง,คลองบ้านหลุม,คลองบ้านหลุม,สุโขทัย,,,สำนักงานชลประทานที่ 4
คลอง,คลองยาง,คลองยาง,สุโขทัย,,,สำนักงานชลประทานที่ 4
บึง,บึงใหญ่,บึงใหญ่,สุโขทัย,,,สำนักงานชลประทานที่ 4
ปตร.,ปตร. DR,ปตร. DR,สุโขทัย,,,สำนักงานชลประทานที่ 4
ปตร.,ปตร.คลองน้ำโจน,ปตร.คลองน้ำโจน,สุโขทัย,,,สำนักงานชลประทานที่ 4
ปตร.,ปตร.ตะคร้อ (ยมน่าน),ปตร.ตะคร้อ (ยมน่าน),สุโขทัย,,,สำนักงานชลประทานที่ 4
ปตร.,ปตร.ตะคร้อ,ปตร.ตะคร้อ,สุโขทัย,,,สำนักงานชลประทานที่ 4
ปตร.,ปตร.ตะคร้อ(ยมน่าน),ปตร.ตะคร้อ(ยมน่าน),สุโขทัย,,,สำนักงานชลประทานที่ 4
ปตร.,ปตร.บางแก้ว,ปตร.บางแก้ว,สุโขทัย,,,สำนักงานชลประทานที่ 4
ปตร.,ปตร.บ้านยางซ้าย,ปตร.บ้านยางซ้าย,สุโขทัย,,,สำนักงานชลประทานที่ 4
ปตร.,ปตร.บ้านวังสะตือ,ปตร.บ้านวังสะตือ,สุโขทัย,,,สำนักงานชลประทานที่ 4
ปตร.,ปตร.บ้านหาดสะพานจันทร์,ปตร.บ้านหาดสะพานจันทร์,สุโขทัย,,,สำนักงานชลประทานที่ 4
ปตร.,ปตร.ยมเก่า,ปตร.ยมเก่า,สุโขทัย,,,สำนักงานชลประทานที่ 4
ปตร.,ปตร.หกบาท,ปตร.หกบาท,สุโขทัย,,,สำนักงานชลประทานที่ 4
ฝาย,ฝายแม่ยม,ฝายแม่ยม,สุโขทัย,,,สำนักงานชลประทานที่ 4
อ่างขนาดเล็ก,อ่างเก็บน้ำห้วยไคร้,อ่างเก็บน้ำห้วยไคร้,สุโขทัย,,,สำนักงานชลประทานที่ 4
อ่างฯ,อ่างฯห้วยแม่รำพัน,อ่างฯห้วยแม่รำพัน,สุโขทัย,,,สำนักงานชลประทานที่ 4
แก้มลิง,แก้มลิงทุ่งทะเลหลวง,แก้มลิงทุ่งทะเลหลวง,สุโขทัย,,,สำนักงานชลประทานที่ 4
แก้มลิง,แก้มลิงวังทองแดง,แก้มลิงวังทองแดง,สุโขทัย,,,สำนักงานชลประทานที่ 4
สถานีวัดน้ำ,Y.15,บ้านกง,สุโขทัย,กงไกรลาศ,,สำนักงานชลประทานที่ 4
สถานีวัดน้ำ,Y.15,บ้านกง,สุโขทัย,กงไกรลาศ,,สำนักงานชลประทานที่ 4
,645,กงไกรลาศ,สุโขทัย,กงไกรลาศ,กง,สำนักงานชลประทานที่ 4
,645,กงไกรลาศ,สุโขทัย,กงไกรลาศ,กง,สำนักงานชลประทานที่ 4
สถานีวัดน้ำ,TY.57,ปตร.บ้านวังสะตือ,สุโขทัย,กงไกรลาศ,ชุมแสงสงคราม,สำนักงานชลประทานที่ 4
สถานีวัดน้ำ,TY.56,สะพานเขาโค้ง,สุโขทัย,กงไกรลาศ,ท่าฉนวน,สำนักงานชลประทานที่ 4
,1109529,สะพานข้ามแม่น้ำยมสายเก่า-ตำบลไกรใน,สุโขทัย,กงไกรลาศ,ไกรใน,สำนักงานชลประทานที่ 4
,1109529,สะพานข้ามแม่น้ำยมสายเก่า-ตำบลไกรใน,สุโขทัย,กงไกรลาศ,ไกรใน,สำนักงานชลประทานที่ 4
,501239,บ้านน้ำพุ,สุโขทัย,คีรีมาศ,บ้านน้ำพุ,สำนักงานชลประทานที่ 4
,501239,บ้านน้ำพุ,สุโขทัย,คีรีมาศ,บ้านน้ำพุ,สำนักงานชลประทานที่ 4
,638736,ยอดเขาหลวง (อุทยานแห่งชาติรามคำแหง),สุโขทัย,คีรีมาศ,ศรีคีรีมาศ,สำนักงานชลประทานที่ 4
,638736,ยอดเขาหลวง (อุทยานแห่งชาติรามคำแหง),สุโขทัย,คีรีมาศ,ศรีคีรีมาศ,สำนักงานชลประทานที่ 4
,501563,บ้านสามพวง 1*,สุโขทัย,คีรีมาศ,สามพวง,สำนักงานชลประทานที่ 4
,501563,บ้านสามพวง 1*,สุโขทัย,คีรีมาศ,สามพวง,สำนักงานชลประทานที่ 4
,501284,บ้านใหม่เจริญผล,สุโขทัย,คีรีมาศ,หนองจิก,สำนักงานชลประทานที่ 4
,501284,บ้านใหม่เจริญผล,สุโขทัย,คีรีมาศ,หนองจิก,สำนักงานชลประทานที่ 4
,642,ทต.บ้านโตนด,สุโขทัย,คีรีมาศ,โตนด,สำนักงานชลประทานที่ 4
,642,ทต.บ้านโตนด,สุโขทัย,คีรีมาศ,โตนด,สำนักงานชลประทานที่ 4
,1720,บ้านเชิงผา,สุโขทัย,ทุ่งเสลี่ยม,กลางดง,สำนักงานชลประทานที่ 4
,1721,บ้านแม่ทุเลาใน,สุโขทัย,ทุ่งเสลี่ยม,กลางดง,สำนักงานชลประทานที่ 4
,1720,บ้านเชิงผา,สุโขทัย,ทุ่งเสลี่ยม,กลางดง,สำนักงานชลประทานที่ 4
,1721,บ้านแม่ทุเลาใน,สุโขทัย,ทุ่งเสลี่ยม,กลางดง,สำนักงานชลประทานที่ 4
สถานีวัดน้ำ,59287,บ้านกุ้มเนิ้ง จ.สุโขทัย,สุโขทัย,ทุ่งเสลี่ยม,กุ้มเนิ้ง,สำนักงานชลประทานที่ 4
,655,ทต.ทุ่งเสลี่ยม,สุโขทัย,ทุ่งเสลี่ยม,ทุ่งเสลี่ยม,สำนักงานชลประทานที่ 4
,655,ทต.ทุ่งเสลี่ยม,สุโขทัย,ทุ่งเสลี่ยม,ทุ่งเสลี่ยม,สำนักงานชลประทานที่ 4
อ่างเก็บน้ำ,rsv62,อ่างเก็บน้ำคลองข้างใน,สุโขทัย,ทุ่งเสลี่ยม,เขาแก้วศรีสมบูรณ์,สำนักงานชลประทานที่ 4
,1123875,บ้านแม่ทุเลา*,สุโขทัย,ทุ่งเสลี่ยม,ไทยชนะศึก,สำนักงานชลประทานที่ 4
,501528,บ้านหนองหมื่นชัย,สุโขทัย,ทุ่งเสลี่ยม,ไทยชนะศึก,สำนักงานชลประทานที่ 4
,1123875,บ้านแม่ทุเลา*,สุโขทัย,ทุ่งเสลี่ยม,ไทยชนะศึก,สำนักงานชลประทานที่ 4
,501528,บ้านหนองหมื่นชัย,สุโขทัย,ทุ่งเสลี่ยม,ไทยชนะศึก,สำนักงานชลประทานที่ 4
,1712,บ้านวังหาด,สุโขทัย,บ้านด่านลานหอย,ตลิ่งชัน,สำนักงานชลประทานที่ 4
,1713,บ้านตลิ่งชัน,สุโขทัย,บ้านด่านลานหอย,ตลิ่งชัน,สำนักงานชลประทานที่ 4
,501264,บ้านวังโตก,สุโขทัย,บ้านด่านลานหอย,ตลิ่งชัน,สำนักงานชลประทานที่ 4
,1712,บ้านวังหาด,สุโขทัย,บ้านด่านลานหอย,ตลิ่งชัน,สำนักงานชลประทานที่ 4
,1713,บ้านตลิ่งชัน,สุโขทัย,บ้านด่านลานหอย,ตลิ่งชัน,สำนักงานชลประทานที่ 4
,501264,บ้านวังโตก,สุโขทัย,บ้านด่านลานหอย,ตลิ่งชัน,สำนักงานชลประทานที่ 4
อ่างเก็บน้ำ,rsv494,อ่างเก็บน้ำแม่กองค่าย,สุโขทัย,บ้านด่านลานหอย,ตลิ่งชัน,สำนักงานชลประทานที่ 4
สถานีวัดน้ำ,59277,วัดปทุมคีรี จ.สุโขทัย,สุโขทัย,บ้านด่านลานหอย,ตลิ่งชัย,สำนักงานชลประทานที่ 4
,638735,หน่วยพิทักษ์อุทยานแห่งชาติที่ รค.๒ (คลองสวน),สุโขทัย,บ้านด่านลานหอย,บ้านด่าน,สำนักงานชลประทานที่ 4
,638735,หน่วยพิทักษ์อุทยานแห่งชาติที่ รค.๒ (คลองสวน),สุโขทัย,บ้านด่านลานหอย,บ้านด่าน,สำนักงานชลประทานที่ 4
,501270,บ้านหนองเฒ่า,สุโขทัย,บ้านด่านลานหอย,ลานหอย,สำนักงานชลประทานที่ 4
,641,ทต.ลานหอย,สุโขทัย,บ้านด่านลานหอย,ลานหอย,สำนักงานชลประทานที่ 4
,501270,บ้านหนองเฒ่า,สุโขทัย,บ้านด่านลานหอย,ลานหอย,สำนักงานชลประทานที่ 4
,641,ทต.ลานหอย,สุโขทัย,บ้านด่านลานหอย,ลานหอย,สำนักงานชลประทานที่ 4
,654,ทต.ศรีนคร,สุโขทัย,ศรีนคร,ศรีนคร,สำนักงานชลประทานที่ 4
,654,ทต.ศรีนคร,สุโขทัย,ศรีนคร,ศรีนคร,สำนักงานชลประทานที่ 4
สถานีวัดน้ำ,Y.14B,บ้านป่างิ้ว,สุโขทัย,ศรีสัชนาลัย,,สำนักงานชลประทานที่ 4
สถานีวัดน้ำ,Y.21,ห้วยแม่สิน,สุโขทัย,ศรีสัชนาลัย,,สำนักงานชลประทานที่ 4
สถานีวัดน้ำ,Y.6A,บ้านป่ากล้วย,สุโขทัย,ศรีสัชนาลัย,,สำนักงานชลประทานที่ 4
สถานีวัดน้ำ,Y.14B,บ้านป่างิ้ว,สุโขทัย,ศรีสัชนาลัย,,สำนักงานชลประทานที่ 4
สถานีวัดน้ำ,Y.21,ห้วยแม่สิน,สุโขทัย,ศรีสัชนาลัย,,สำนักงานชลประทานที่ 4
สถานีวัดน้ำ,Y.6A,บ้านป่ากล้วย,สุโขทัย,ศรีสัชนาลัย,,สำนักงานชลประทานที่ 4
,1718,บ้านห้วยไคร้,สุโขทัย,ศรีสัชนาลัย,ดงคู่,สำนักงานชลประทานที่ 4
,1718,บ้านห้วยไคร้,สุโขทัย,ศรีสัชนาลัย,ดงคู่,สำนักงานชลประทานที่ 4
,1481128,สะพานบ้านตึก,สุโขทัย,ศรีสัชนาลัย,บ้านตึก,สำนักงานชลประทานที่ 4
,1716,บ้านห้วยตม,สุโขทัย,ศรีสัชนาลัย,บ้านตึก,สำนักงานชลประทานที่ 4
,1717,บ้านนาต้นจั่น*,สุโขทัย,ศรีสัชนาลัย,บ้านตึก,สำนักงานชลประทานที่ 4
,501584,บ้านแม่รากกลาง*,สุโขทัย,ศรีสัชนาลัย,บ้านตึก,สำนักงานชลประทานที่ 4
,1481128,สะพานบ้านตึก,สุโขทัย,ศรีสัชนาลัย,บ้านตึก,สำนักงานชลประทานที่ 4
,1716,บ้านห้วยตม,สุโขทัย,ศรีสัชนาลัย,บ้านตึก,สำนักงานชลประทานที่ 4
,1717,บ้านนาต้นจั่น*,สุโขทัย,ศรีสัชนาลัย,บ้านตึก,สำนักงานชลประทานที่ 4
,501584,บ้านแม่รากกลาง*,สุโขทัย,ศรีสัชนาลัย,บ้านตึก,สำนักงานชลประทานที่ 4
สถานีวัดน้ำ,59297,วัดแม่คุ จ.สุโขทัย,สุโขทัย,ศรีสัชนาลัย,บ้านตึก,สำนักงานชลประทานที่ 4
อ่างเก็บน้ำ,rsv490,อ่างเก็บน้ำห้วยทรวง,สุโขทัย,ศรีสัชนาลัย,บ้านตึก,สำนักงานชลประทานที่ 4
อ่างเก็บน้ำ,rsv536,อ่างเก็บน้ำ ห้วยไร่,สุโขทัย,ศรีสัชนาลัย,บ้านตึก,สำนักงานชลประทานที่ 4
อ่างเก็บน้ำ,rsv63,อ่างเก็บน้ำห้วยท่าแพ,สุโขทัย,ศรีสัชนาลัย,บ้านตึก,สำนักงานชลประทานที่ 4
,1481132,หน่วยศึกษาการพัฒนาการอนุรักษ์ต้นน้ำห้วยท่าแพ,สุโขทัย,ศรีสัชนาลัย,บ้านแก่ง,สำนักงานชลประทานที่ 4
,1719,บ้านห้วยหยวก,สุโขทัย,ศรีสัชนาลัย,บ้านแก่ง,สำนักงานชลประทานที่ 4
,501262,บ้านลำโชค,สุโขทัย,ศรีสัชนาลัย,บ้านแก่ง,สำนักงานชลประทานที่ 4
,501530,บ้านปากคะยาง,สุโขทัย,ศรีสัชนาลัย,บ้านแก่ง,สำนักงานชลประทานที่ 4
,1481132,หน่วยศึกษาการพัฒนาการอนุรักษ์ต้นน้ำห้วยท่าแพ,สุโขทัย,ศรีสัชนาลัย,บ้านแก่ง,สำนักงานชลประทานที่ 4
,1719,บ้านห้วยหยวก,สุโขทัย,ศรีสัชนาลัย,บ้านแก่ง,สำนักงานชลประทานที่ 4
,501262,บ้านลำโชค,สุโขทัย,ศรีสัชนาลัย,บ้านแก่ง,สำนักงานชลประทานที่ 4
,501530,บ้านปากคะยาง,สุโขทัย,ศรีสัชนาลัย,บ้านแก่ง,สำนักงานชลประทานที่ 4
,501235,บ้านทุ่งพล้อ,สุโขทัย,ศรีสัชนาลัย,ป่างิ้ว,สำนักงานชลประทานที่ 4
,501235,บ้านทุ่งพล้อ,สุโขทัย,ศรีสัชนาลัย,ป่างิ้ว,สำนักงานชลประทานที่ 4
,647,ศรีสัชนาลัย,สุโขทัย,ศรีสัชนาลัย,หาดเสี้ยว,สำนักงานชลประทานที่ 4
,647,ศรีสัชนาลัย,สุโขทัย,ศรีสัชนาลัย,หาดเสี้ยว,สำนักงานชลประทานที่ 4
,1714,บ้านฟากท่า*,สุโขทัย,ศรีสัชนาลัย,แม่สำ,สำนักงานชลประทานที่ 4
,501531,บ้านวังขอนงุ้น,สุโขทัย,ศรีสัชนาลัย,แม่สำ,สำนักงานชลประทานที่ 4
,1714,บ้านฟากท่า*,สุโขทัย,ศรีสัชนาลัย,แม่สำ,สำนักงานชลประทานที่ 4
,501531,บ้านวังขอนงุ้น,สุโขทัย,ศรีสัชนาลัย,แม่สำ,สำนักงานชลประทานที่ 4
สถานีวัดน้ำ,TY.14,อ.ศรีสัชนาลัย จ.สุโขทัย,สุโขทัย,ศรีสัชนาลัย,แม่สำ,สำนักงานชลประทานที่ 4
อ่างเก็บน้ำ,rsv537,อ่างเก็บน้ำ ห้วยแม่สำ,สุโขทัย,ศรีสัชนาลัย,แม่สำ,สำนักงานชลประทานที่ 4
,1123876,บ้านโป่งวัว*,สุโขทัย,ศรีสัชนาลัย,แม่สิน,สำนักงานชลประทานที่ 4
,1715,บ้านแม่เทินเหนือ,สุโขทัย,ศรีสัชนาลัย,แม่สิน,สำนักงานชลประทานที่ 4
,501259,บ้านแม่ฮู้,สุโขทัย,ศรีสัชนาลัย,แม่สิน,สำนักงานชลประทานที่ 4
,501269,บ้านสุเม่นเหนือ,สุโขทัย,ศรีสัชนาลัย,แม่สิน,สำนักงานชลประทานที่ 4
,501576,บ้านห้วยโป้*,สุโขทัย,ศรีสัชนาลัย,แม่สิน,สำนักงานชลประทานที่ 4
,638730,หน่วยศึกษาการพัฒนาการอนุรักษ์ต้นน้ำผาเวียง,สุโขทัย,ศรีสัชนาลัย,แม่สิน,สำนักงานชลประทานที่ 4
,638732,หน่วยศึกษาการพัฒนาการอนุรักษ์ต้นน้ำแม่สาน (หน่วยย่อย),สุโขทัย,ศรีสัชนาลัย,แม่สิน,สำนักงานชลประทานที่ 4
,1123876,บ้านโป่งวัว*,สุโขทัย,ศรีสัชนาลัย,แม่สิน,สำนักงานชลประทานที่ 4
,1715,บ้านแม่เทินเหนือ,สุโขทัย,ศรีสัชนาลัย,แม่สิน,สำนักงานชลประทานที่ 4
,501259,บ้านแม่ฮู้,สุโขทัย,ศรีสัชนาลัย,แม่สิน,สำนักงานชลประทานที่ 4
,501269,บ้านสุเม่นเหนือ,สุโขทัย,ศรีสัชนาลัย,แม่สิน,สำนักงานชลประทานที่ 4
,501576,บ้านห้วยโป้*,สุโขทัย,ศรีสัชนาลัย,แม่สิน,สำนักงานชลประทานที่ 4
,638730,หน่วยศึกษาการพัฒนาการอนุรักษ์ต้นน้ำผาเวียง,สุโขทัย,ศรีสัชนาลัย,แม่สิน,สำนักงานชลประทานที่ 4
,638732,หน่วยศึกษาการพัฒนาการอนุรักษ์ต้นน้ำแม่สาน (หน่วยย่อย),สุโขทัย,ศรีสัชนาลัย,แม่สิน,สำนักงานชลประทานที่ 4
สถานีวัดน้ำ,TY.53,ห้วยแม่สิน,สุโขทัย,ศรีสัชนาลัย,แม่สิน,สำนักงานชลประทานที่ 4
อ่างเก็บน้ำ,rsv64,อ่างเก็บน้ำห้วยแม่สูง,สุโขทัย,ศรีสัชนาลัย,แม่สิน,สำนักงานชลประทานที่ 4
สถานีวัดน้ำ,Y.33,บ้านคลองตาล,สุโขทัย,ศรีสำโรง,,สำนักงานชลประทานที่ 4
สถานีวัดน้ำ,Y.33,บ้านคลองตาล,สุโขทัย,ศรีสำโรง,,สำนักงานชลประทานที่ 4
,3661,ศรีสำโรง สกษ.,สุโขทัย,ศรีสำโรง,คลองตาล,สำนักงานชลประทานที่ 4
,3661,ศรีสำโรง สกษ.,สุโขทัย,ศรีสำโรง,คลองตาล,สำนักงานชลประทานที่ 4
,638733,ที่ทำการเขตรักษาพันธุ์สัตว์ป่าถ้ำเจ้าราม,สุโขทัย,ศรีสำโรง,นาขุนไกร,สำนักงานชลประทานที่ 4
,638733,ที่ทำการเขตรักษาพันธุ์สัตว์ป่าถ้ำเจ้าราม,สุโขทัย,ศรีสำโรง,นาขุนไกร,สำนักงานชลประทานที่ 4
,3660,สุโขทัย,สุโขทัย,ศรีสำโรง,วังใหญ่,สำนักงานชลประทานที่ 4
,3660,สุโขทัย,สุโขทัย,ศรีสำโรง,วังใหญ่,สำนักงานชลประทานที่ 4
,649,ทต.ศรีสำโรง,สุโขทัย,ศรีสำโรง,สามเรือน,สำนักงานชลประทานที่ 4
,649,ทต.ศรีสำโรง,สุโขทัย,ศรีสำโรง,สามเรือน,สำนักงานชลประทานที่ 4
สถานีวัดน้ำ,Y.3A,บ้านวังขอนไม้,สุโขทัย,สวรรคโลก,,สำนักงานชลประทานที่ 4
สถานีวัดน้ำ,Y.3A,บ้านวังขอนไม้,สุโขทัย,สวรรคโลก,,สำนักงานชลประทานที่ 4
,653,สวรรคโลก,สุโขทัย,สวรรคโลก,ท่าทอง,สำนักงานชลประทานที่ 4
,653,สวรรคโลก,สุโขทัย,สวรรคโลก,ท่าทอง,สำนักงานชลประทานที่ 4
,1109530,สะพานข้ามแม่น้ำยมสายเก่า-วัดปากน้ำ,สุโขทัย,สวรรคโลก,ปากน้ำ,สำนักงานชลประทานที่ 4
,1109530,สะพานข้ามแม่น้ำยมสายเก่า-วัดปากน้ำ,สุโขทัย,สวรรคโลก,ปากน้ำ,สำนักงานชลประทานที่ 4
สถานีวัดน้ำ,TN.21,ปตร.แม่น้ำยมเก่า,สุโขทัย,สวรรคโลก,ป่ากุมเกาะ,สำนักงานชลประทานที่ 4
สถานีวัดน้ำ,TY.54,ปตร.คลองหกบาท,สุโขทัย,สวรรคโลก,ป่ากุมเกาะ,สำนักงานชลประทานที่ 4
,650,โรงฆ่าสัตว์ ทม.สวรรคโลก,สุโขทัย,สวรรคโลก,เมืองสวรรคโลก,สำนักงานชลประทานที่ 4
,650,โรงฆ่าสัตว์ ทม.สวรรคโลก,สุโขทัย,สวรรคโลก,เมืองสวรรคโลก,สำนักงานชลประทานที่ 4
สถานีวัดน้ำ,TY.3A,อ.สวรรคโลก จ.สุโขทัย,สุโขทัย,สวรรคโลก,เมืองสวรรคโลก,สำนักงานชลประทานที่ 4
,1109531,สะพานคลองแม่น้ำเก่า,สุโขทัย,สวรรคโลก,ในเมือง,สำนักงานชลประทานที่ 4
,652,คลองผันน้ำยม-น่าน1,สุโขทัย,สวรรคโลก,ในเมือง,สำนักงานชลประทานที่ 4
,1109531,สะพานคลองแม่น้ำเก่า,สุโขทัย,สวรรคโลก,ในเมือง,สำนักงานชลประทานที่ 4
,652,คลองผันน้ำยม-น่าน1,สุโขทัย,สวรรคโลก,ในเมือง,สำนักงานชลประทานที่ 4
สถานีวัดน้ำ,TY.4,อ.เมือง จ.สุโขทัย,สุโขทัย,เมือง,ธานี,สำนักงานชลประทานที่ 4
สถานีวัดน้ำ,TY.55,แม่น้ำยม ปากคลองเข้า ปตร.บางพระ,สุโขทัย,เมือง,ปากพระ,สำนักงานชลประทานที่ 4
สถานีวัดน้ำ,Y.4,ต.ธานี,สุโขทัย,เมืองสุโขทัย,,สำนักงานชลประทานที่ 4
สถานีวัดน้ำ,Y.4,ต.ธานี,สุโขทัย,เมืองสุโขทัย,,สำนักงานชลประทานที่ 4
,640,เมืองสุโขทัย,สุโขทัย,เมืองสุโขทัย,ธานี,สำนักงานชลประทานที่ 4
,640,เมืองสุโขทัย,สุโขทัย,เมืองสุโขทัย,ธานี,สำนักงานชลประทานที่ 4
,639,อบต.ปากแคว,สุโขทัย,เมืองสุโขทัย,ปากแคว,สำนักงานชลประทานที่ 4
,639,อบต.ปากแคว,สุโขทัย,เมืองสุโขทัย,ปากแคว,สำนักงานชลประทานที่ 4
,501529,บ้านมนต์คีรี,สุโขทัย,เมืองสุโขทัย,เมืองเก่า,สำนักงานชลประทานที่ 4
,638734,คลองแม่รำพัน 1,สุโขทัย,เมืองสุโขทัย,เมืองเก่า,สำนักงานชลประทานที่ 4
,501529,บ้านมนต์คีรี,สุโขทัย,เมืองสุโขทัย,เมืองเก่า,สำนักงานชลประทานที่ 4
,638734,คลองแม่รำพัน 1,สุโขทัย,เมืองสุโขทัย,เมืองเก่า,สำนักงานชลประทานที่ 4
,330201,,แพร่,,,สำนักงานชลประทานที่ 4
อ่างขนาดเล็ก,บ้านใหม่จัดสรร,บ้านใหม่จัดสรร,แพร่,,,สำนักงานชลประทานที่ 4
อ่างขนาดเล็ก,ป๋างจาว,ป๋างจาว,แพร่,,,สำนักงานชลประทานที่ 4
อ่างขนาดเล็ก,ร่องฮ่าง,ร่องฮ่าง,แพร่,,,สำนักงานชลประทานที่ 4
อ่างขนาดเล็ก,ห้วยกาล,ห้วยกาล,แพร่,,,สำนักงานชลประทานที่ 4
อ่างขนาดเล็ก,ห้วยขมิ้น,ห้วยขมิ้น,แพร่,,,สำนักงานชลประทานที่ 4
อ่างขนาดเล็ก,ห้วยจันทร์,ห้วยจันทร์,แพร่,,,สำนักงานชลประทานที่ 4
อ่างขนาดเล็ก,ห้วยช้างล้วง,ห้วยช้างล้วง,แพร่,,,สำนักงานชลประทานที่ 4
อ่างขนาดเล็ก,ห้วยทับตุ่น,ห้วยทับตุ่น,แพร่,,,สำนักงานชลประทานที่ 4
อ่างขนาดเล็ก,ห้วยน้ำพร้าวใหญ่,ห้วยน้ำพร้าวใหญ่,แพร่,,,สำนักงานชลประทานที่ 4
อ่างขนาดเล็ก,ห้วยน้ำแรม,ห้วยน้ำแรม,แพร่,,,สำนักงานชลประทานที่ 4
อ่างขนาดเล็ก,ห้วยบง,ห้วยบง,แพร่,,,สำนักงานชลประทานที่ 4
อ่างขนาดเล็ก,ห้วยปากไฮ่,ห้วยปากไฮ่,แพร่,,,สำนักงานชลประทานที่ 4
อ่างขนาดเล็ก,ห้วยปานแล้ง,ห้วยปานแล้ง,แพร่,,,สำนักงานชลประทานที่ 4
อ่างขนาดเล็ก,ห้วยปุย,ห้วยปุย,แพร่,,,สำนักงานชลประทานที่ 4
อ่างขนาดเล็ก,ห้วยป้อม,ห้วยป้อม,แพร่,,,สำนักงานชลประทานที่ 4
อ่างขนาดเล็ก,ห้วยผักหละ,ห้วยผักหละ,แพร่,,,สำนักงานชลประทานที่ 4
อ่างขนาดเล็ก,ห้วยผาคำ,ห้วยผาคำ,แพร่,,,สำนักงานชลประทานที่ 4
อ่างขนาดเล็ก,ห้วยม้า,ห้วยม้า,แพร่,,,สำนักงานชลประทานที่ 4
อ่างขนาดเล็ก,ห้วยรัง,ห้วยรัง,แพร่,,,สำนักงานชลประทานที่ 4
อ่างขนาดเล็ก,ห้วยวะ,ห้วยวะ,แพร่,,,สำนักงานชลประทานที่ 4
อ่างขนาดเล็ก,ห้วยเป๊าะ,ห้วยเป๊าะ,แพร่,,,สำนักงานชลประทานที่ 4
อ่างขนาดเล็ก,ห้วยแม่ต๋ำ,ห้วยแม่ต๋ำ,แพร่,,,สำนักงานชลประทานที่ 4
อ่างขนาดเล็ก,ห้วยแม่หละ,ห้วยแม่หละ,แพร่,,,สำนักงานชลประทานที่ 4
อ่างขนาดเล็ก,ห้วยแม่เกี่ยม,ห้วยแม่เกี่ยม,แพร่,,,สำนักงานชลประทานที่ 4
อ่างขนาดเล็ก,ห้วยแม่แย้,ห้วยแม่แย้,แพร่,,,สำนักงานชลประทานที่ 4
อ่างขนาดเล็ก,ห้วยแฮต,ห้วยแฮต,แพร่,,,สำนักงานชลประทานที่ 4
อ่างขนาดเล็ก,ห้วยโชคหลวง,ห้วยโชคหลวง,แพร่,,,สำนักงานชลประทานที่ 4
อ่างขนาดเล็ก,ห้วยโป่ง,ห้วยโป่ง,แพร่,,,สำนักงานชลประทานที่ 4
อ่างขนาดเล็ก,อ่างเก็บน้ำบ้านใหม่จัดสรร,อ่างเก็บน้ำบ้านใหม่จัดสรร,แพร่,,,สำนักงานชลประทานที่ 4
อ่างขนาดเล็ก,อ่างเก็บน้ำป๋างจาว,อ่างเก็บน้ำป๋างจาว,แพร่,,,สำนักงานชลประทานที่ 4
อ่างขนาดเล็ก,อ่างเก็บน้ำร่องฮ่าง,อ่างเก็บน้ำร่องฮ่าง,แพร่,,,สำนักงานชลประทานที่ 4
อ่างขนาดเล็ก,อ่างเก็บน้ำห้วยจันทร์,อ่างเก็บน้ำห้วยจันทร์,แพร่,,,สำนักงานชลประทานที่ 4
อ่างขนาดเล็ก,อ่างเก็บน้ำห้วยช้างล้วง,อ่างเก็บน้ำห้วยช้างล้วง,แพร่,,,สำนักงานชลประทานที่ 4
อ่างขนาดเล็ก,อ่างเก็บน้ำห้วยทับตุ่น,อ่างเก็บน้ำห้วยทับตุ่น,แพร่,,,สำนักงานชลประทานที่ 4
อ่างขนาดเล็ก,อ่างเก็บน้ำห้วยน้ำพร้าวใหญ่,อ่างเก็บน้ำห้วยน้ำพร้าวใหญ่,แพร่,,,สำนักงานชลประทานที่ 4
อ่างขนาดเล็ก,อ่างเก็บน้ำห้วยบง,อ่างเก็บน้ำห้วยบง,แพร่,,,สำนักงานชลประทานที่ 4
อ่างขนาดเล็ก,อ่างเก็บน้ำห้วยปุย,อ่างเก็บน้ำห้วยปุย,แพร่,,,สำนักงานชลประทานที่ 4
อ่างขนาดเล็ก,อ่างเก็บน้ำห้วยป้อม,อ่างเก็บน้ำห้วยป้อม,แพร่,,,สำนักงานชลประทานที่ 4
อ่างขนาดเล็ก,อ่างเก็บน้ำห้วยผักหละ,อ่างเก็บน้ำห้วยผักหละ,แพร่,,,สำนักงานชลประทานที่ 4
อ่างขนาดเล็ก,อ่างเก็บน้ำห้วยม้า,อ่างเก็บน้ำห้วยม้า,แพร่,,,สำนักงานชลประทานที่ 4
อ่างขนาดเล็ก,อ่างเก็บน้ำห้วยรัง,อ่างเก็บน้ำห้วยรัง,แพร่,,,สำนักงานชลประทานที่ 4
อ่างขนาดเล็ก,อ่างเก็บน้ำห้วยวะ,อ่างเก็บน้ำห้วยวะ,แพร่,,,สำนักงานชลประทานที่ 4
อ่างขนาดเล็ก,อ่างเก็บน้ำห้วยแม่ต๋ำ,อ่างเก็บน้ำห้วยแม่ต๋ำ,แพร่,,,สำนักงานชลประทานที่ 4
อ่างขนาดเล็ก,อ่างเก็บน้ำห้วยแม่ปานแล้ง,อ่างเก็บน้ำห้วยแม่ปานแล้ง,แพร่,,,สำนักงานชลประทานที่ 4
อ่างขนาดเล็ก,อ่างเก็บน้ำห้วยแม่หยวก,อ่างเก็บน้ำห้วยแม่หยวก,แพร่,,,สำนักงานชลประทานที่ 4
อ่างขนาดเล็ก,อ่างเก็บน้ำห้วยแม่เกี่ยม,อ่างเก็บน้ำห้วยแม่เกี่ยม,แพร่,,,สำนักงานชลประทานที่ 4
อ่างขนาดเล็ก,อ่างเก็บน้ำห้วยแม่แย้,อ่างเก็บน้ำห้วยแม่แย้,แพร่,,,สำนักงานชลประทานที่ 4
อ่างขนาดเล็ก,อ่างเก็บน้ำห้วยแม่แรม,อ่างเก็บน้ำห้วยแม่แรม,แพร่,,,สำนักงานชลประทานที่ 4
อ่างขนาดเล็ก,อ่างเก็บน้ำห้วยโชคหลวง,อ่างเก็บน้ำห้วยโชคหลวง,แพร่,,,สำนักงานชลประทานที่ 4
อ่างขนาดเล็ก,อ่างเก็บน้ำห้วยโป่ง,อ่างเก็บน้ำห้วยโป่ง,แพร่,,,สำนักงานชลประทานที่ 4
อ่างขนาดเล็ก,อ่างเก็บน้ำแม่ปานปกกะโล้ง,อ่างเก็บน้ำแม่ปานปกกะโล้ง,แพร่,,,สำนักงานชลประทานที่ 4
อ่างขนาดเล็ก,อ่างเก็บน้ำแม่ยางน้อย,อ่างเก็บน้ำแม่ยางน้อย,แพร่,,,สำนักงานชลประทานที่ 4
อ่างขนาดเล็ก,อ่างเก็บน้ำแม่สงอนใน,อ่างเก็บน้ำแม่สงอนใน,แพร่,,,สำนักงานชลประทานที่ 4
อ่างขนาดเล็ก,แม่ปานปกกะโล้ง,แม่ปานปกกะโล้ง,แพร่,,,สำนักงานชลประทานที่ 4
อ่างขนาดเล็ก,แม่ยางน้อย,แม่ยางน้อย,แพร่,,,สำนักงานชลประทานที่ 4
อ่างขนาดเล็ก,แม่ยางหลวง,แม่ยางหลวง,แพร่,,,สำนักงานชลประทานที่ 4
อ่างขนาดเล็ก,แม่สงอนใน,แม่สงอนใน,แพร่,,,สำนักงานชลประทานที่ 4
อ่างขนาดเล็ก,แม่หยวก,แม่หยวก,แพร่,,,สำนักงานชลประทานที่ 4
,330201,,แพร่,,,สำนักงานชลประทานที่ 4
อ่างขนาดเล็ก,บ้านใหม่จัดสรร,บ้านใหม่จัดสรร,แพร่,,,สำนักงานชลประทานที่ 4
อ่างขนาดเล็ก,ป๋างจาว,ป๋างจาว,แพร่,,,สำนักงานชลประทานที่ 4
อ่างขนาดเล็ก,ร่องฮ่าง,ร่องฮ่าง,แพร่,,,สำนักงานชลประทานที่ 4
อ่างขนาดเล็ก,ห้วยกาล,ห้วยกาล,แพร่,,,สำนักงานชลประทานที่ 4
อ่างขนาดเล็ก,ห้วยขมิ้น,ห้วยขมิ้น,แพร่,,,สำนักงานชลประทานที่ 4
อ่างขนาดเล็ก,ห้วยจันทร์,ห้วยจันทร์,แพร่,,,สำนักงานชลประทานที่ 4
อ่างขนาดเล็ก,ห้วยช้างล้วง,ห้วยช้างล้วง,แพร่,,,สำนักงานชลประทานที่ 4
อ่างขนาดเล็ก,ห้วยทับตุ่น,ห้วยทับตุ่น,แพร่,,,สำนักงานชลประทานที่ 4
อ่างขนาดเล็ก,ห้วยน้ำพร้าวใหญ่,ห้วยน้ำพร้าวใหญ่,แพร่,,,สำนักงานชลประทานที่ 4
อ่างขนาดเล็ก,ห้วยน้ำแรม,ห้วยน้ำแรม,แพร่,,,สำนักงานชลประทานที่ 4
อ่างขนาดเล็ก,ห้วยบง,ห้วยบง,แพร่,,,สำนักงานชลประทานที่ 4
อ่างขนาดเล็ก,ห้วยปากไฮ่,ห้วยปากไฮ่,แพร่,,,สำนักงานชลประทานที่ 4
อ่างขนาดเล็ก,ห้วยปานแล้ง,ห้วยปานแล้ง,แพร่,,,สำนักงานชลประทานที่ 4
อ่างขนาดเล็ก,ห้วยปุย,ห้วยปุย,แพร่,,,สำนักงานชลประทานที่ 4
อ่างขนาดเล็ก,ห้วยป้อม,ห้วยป้อม,แพร่,,,สำนักงานชลประทานที่ 4
อ่างขนาดเล็ก,ห้วยผักหละ,ห้วยผักหละ,แพร่,,,สำนักงานชลประทานที่ 4
อ่างขนาดเล็ก,ห้วยผาคำ,ห้วยผาคำ,แพร่,,,สำนักงานชลประทานที่ 4
อ่างขนาดเล็ก,ห้วยม้า,ห้วยม้า,แพร่,,,สำนักงานชลประทานที่ 4
อ่างขนาดเล็ก,ห้วยรัง,ห้วยรัง,แพร่,,,สำนักงานชลประทานที่ 4
อ่างขนาดเล็ก,ห้วยวะ,ห้วยวะ,แพร่,,,สำนักงานชลประทานที่ 4
อ่างขนาดเล็ก,ห้วยเป๊าะ,ห้วยเป๊าะ,แพร่,,,สำนักงานชลประทานที่ 4
อ่างขนาดเล็ก,ห้วยแม่ต๋ำ,ห้วยแม่ต๋ำ,แพร่,,,สำนักงานชลประทานที่ 4
อ่างขนาดเล็ก,ห้วยแม่หละ,ห้วยแม่หละ,แพร่,,,สำนักงานชลประทานที่ 4
อ่างขนาดเล็ก,ห้วยแม่เกี่ยม,ห้วยแม่เกี่ยม,แพร่,,,สำนักงานชลประทานที่ 4
อ่างขนาดเล็ก,ห้วยแม่แย้,ห้วยแม่แย้,แพร่,,,สำนักงานชลประทานที่ 4
อ่างขนาดเล็ก,ห้วยแฮต,ห้วยแฮต,แพร่,,,สำนักงานชลประทานที่ 4
อ่างขนาดเล็ก,ห้วยโชคหลวง,ห้วยโชคหลวง,แพร่,,,สำนักงานชลประทานที่ 4
อ่างขนาดเล็ก,ห้วยโป่ง,ห้วยโป่ง,แพร่,,,สำนักงานชลประทานที่ 4
อ่างขนาดเล็ก,อ่างเก็บน้ำบ้านใหม่จัดสรร,อ่างเก็บน้ำบ้านใหม่จัดสรร,แพร่,,,สำนักงานชลประทานที่ 4
อ่างขนาดเล็ก,อ่างเก็บน้ำป๋างจาว,อ่างเก็บน้ำป๋างจาว,แพร่,,,สำนักงานชลประทานที่ 4
อ่างขนาดเล็ก,อ่างเก็บน้ำร่องฮ่าง,อ่างเก็บน้ำร่องฮ่าง,แพร่,,,สำนักงานชลประทานที่ 4
อ่างขนาดเล็ก,อ่างเก็บน้ำห้วยจันทร์,อ่างเก็บน้ำห้วยจันทร์,แพร่,,,สำนักงานชลประทานที่ 4
อ่างขนาดเล็ก,อ่างเก็บน้ำห้วยช้างล้วง,อ่างเก็บน้ำห้วยช้างล้วง,แพร่,,,สำนักงานชลประทานที่ 4
อ่างขนาดเล็ก,อ่างเก็บน้ำห้วยทับตุ่น,อ่างเก็บน้ำห้วยทับตุ่น,แพร่,,,สำนักงานชลประทานที่ 4
อ่างขนาดเล็ก,อ่างเก็บน้ำห้วยน้ำพร้าวใหญ่,อ่างเก็บน้ำห้วยน้ำพร้าวใหญ่,แพร่,,,สำนักงานชลประทานที่ 4
อ่างขนาดเล็ก,อ่างเก็บน้ำห้วยบง,อ่างเก็บน้ำห้วยบง,แพร่,,,สำนักงานชลประทานที่ 4
อ่างขนาดเล็ก,อ่างเก็บน้ำห้วยปุย,อ่างเก็บน้ำห้วยปุย,แพร่,,,สำนักงานชลประทานที่ 4
อ่างขนาดเล็ก,อ่างเก็บน้ำห้วยป้อม,อ่างเก็บน้ำห้วยป้อม,แพร่,,,สำนักงานชลประทานที่ 4
อ่างขนาดเล็ก,อ่างเก็บน้ำห้วยผักหละ,อ่างเก็บน้ำห้วยผักหละ,แพร่,,,สำนักงานชลประทานที่ 4
อ่างขนาดเล็ก,อ่างเก็บน้ำห้วยม้า,อ่างเก็บน้ำห้วยม้า,แพร่,,,สำนักงานชลประทานที่ 4
อ่างขนาดเล็ก,อ่างเก็บน้ำห้วยรัง,อ่างเก็บน้ำห้วยรัง,แพร่,,,สำนักงานชลประทานที่ 4
อ่างขนาดเล็ก,อ่างเก็บน้ำห้วยวะ,อ่างเก็บน้ำห้วยวะ,แพร่,,,สำนักงานชลประทานที่ 4
อ่างขนาดเล็ก,อ่างเก็บน้ำห้วยแม่ต๋ำ,อ่างเก็บน้ำห้วยแม่ต๋ำ,แพร่,,,สำนักงานชลประทานที่ 4
อ่างขนาดเล็ก,อ่างเก็บน้ำห้วยแม่ปานแล้ง,อ่างเก็บน้ำห้วยแม่ปานแล้ง,แพร่,,,สำนักงานชลประทานที่ 4
อ่างขนาดเล็ก,อ่างเก็บน้ำห้วยแม่หยวก,อ่างเก็บน้ำห้วยแม่หยวก,แพร่,,,สำนักงานชลประทานที่ 4
อ่างขนาดเล็ก,อ่างเก็บน้ำห้วยแม่เกี่ยม,อ่างเก็บน้ำห้วยแม่เกี่ยม,แพร่,,,สำนักงานชลประทานที่ 4
อ่างขนาดเล็ก,อ่างเก็บน้ำห้วยแม่แย้,อ่างเก็บน้ำห้วยแม่แย้,แพร่,,,สำนักงานชลประทานที่ 4
อ่างขนาดเล็ก,อ่างเก็บน้ำห้วยแม่แรม,อ่างเก็บน้ำห้วยแม่แรม,แพร่,,,สำนักงานชลประทานที่ 4
อ่างขนาดเล็ก,อ่างเก็บน้ำห้วยโชคหลวง,อ่างเก็บน้ำห้วยโชคหลวง,แพร่,,,สำนักงานชลประทานที่ 4
อ่างขนาดเล็ก,อ่างเก็บน้ำห้วยโป่ง,อ่างเก็บน้ำห้วยโป่ง,แพร่,,,สำนักงานชลประทานที่ 4
อ่างขนาดเล็ก,อ่างเก็บน้ำแม่ปานปกกะโล้ง,อ่างเก็บน้ำแม่ปานปกกะโล้ง,แพร่,,,สำนักงานชลประทานที่ 4
อ่างขนาดเล็ก,อ่างเก็บน้ำแม่ยางน้อย,อ่างเก็บน้ำแม่ยางน้อย,แพร่,,,สำนักงานชลประทานที่ 4
อ่างขนาดเล็ก,อ่างเก็บน้ำแม่สงอนใน,อ่างเก็บน้ำแม่สงอนใน,แพร่,,,สำนักงานชลประทานที่ 4
อ่างขนาดเล็ก,แม่ปานปกกะโล้ง,แม่ปานปกกะโล้ง,แพร่,,,สำนักงานชลประทานที่ 4
อ่างขนาดเล็ก,แม่ยางน้อย,แม่ยางน้อย,แพร่,,,สำนักงานชลประทานที่ 4
อ่างขนาดเล็ก,แม่ยางหลวง,แม่ยางหลวง,แพร่,,,สำนักงานชลประทานที่ 4
อ่างขนาดเล็ก,แม่สงอนใน,แม่สงอนใน,แพร่,,,สำนักงานชลประทานที่ 4
อ่างขนาดเล็ก,แม่หยวก,แม่หยวก,แพร่,,,สำนักงานชลประทานที่ 4
,501249,บ้านผาราง,แพร่,ร้องกวาง,ทุ่งศรี,สำนักงานชลประทานที่ 4
,501249,บ้านผาราง,แพร่,ร้องกวาง,ทุ่งศรี,สำนักงานชลประทานที่ 4
,1371,บ้านบุญแจ่ม,แพร่,ร้องกวาง,น้ำเลา,สำนักงานชลประทานที่ 4
,1371,บ้านบุญแจ่ม,แพร่,ร้องกวาง,น้ำเลา,สำนักงานชลประทานที่ 4
,1239669,สะพานน้ำแม่ถาง,แพร่,ร้องกวาง,บ้านเวียง,สำนักงานชลประทานที่ 4
,1241194,สถานีวิจัยต้นน้ำยม,แพร่,ร้องกวาง,บ้านเวียง,สำนักงานชลประทานที่ 4
,1372,บ้านห้วยฮ่อมพัฒนา,แพร่,ร้องกวาง,บ้านเวียง,สำนักงานชลประทานที่ 4
,1601362,อ่างเก็บน้ำห้วยขึมโยธินอุทกพัฒนา,แพร่,ร้องกวาง,บ้านเวียง,สำนักงานชลประทานที่ 4
,1601363,อ่างเก็บน้ำแม่เติ๊ก,แพร่,ร้องกวาง,บ้านเวียง,สำนักงานชลประทานที่ 4
,501245,บ้านป่ากล้วย,แพร่,ร้องกวาง,บ้านเวียง,สำนักงานชลประทานที่ 4
,1239669,สะพานน้ำแม่ถาง,แพร่,ร้องกวาง,บ้านเวียง,สำนักงานชลประทานที่ 4
,1241194,สถานีวิจัยต้นน้ำยม,แพร่,ร้องกวาง,บ้านเวียง,สำนักงานชลประทานที่ 4
,1372,บ้านห้วยฮ่อมพัฒนา,แพร่,ร้องกวาง,บ้านเวียง,สำนักงานชลประทานที่ 4
,1601362,อ่างเก็บน้ำห้วยขึมโยธินอุทกพัฒนา,แพร่,ร้องกวาง,บ้านเวียง,สำนักงานชลประทานที่ 4
,1601363,อ่างเก็บน้ำแม่เติ๊ก,แพร่,ร้องกวาง,บ้านเวียง,สำนักงานชลประทานที่ 4
,501245,บ้านป่ากล้วย,แพร่,ร้องกวาง,บ้านเวียง,สำนักงานชลประทานที่ 4
,1123966,บ้านวังโป่ง*,แพร่,ร้องกวาง,ร้องกวาง,สำนักงานชลประทานที่ 4
,490,อบต.ร้องกวาง,แพร่,ร้องกวาง,ร้องกวาง,สำนักงานชลประทานที่ 4
,1123966,บ้านวังโป่ง*,แพร่,ร้องกวาง,ร้องกวาง,สำนักงานชลประทานที่ 4
,490,อบต.ร้องกวาง,แพร่,ร้องกวาง,ร้องกวาง,สำนักงานชลประทานที่ 4
อ่างเก็บน้ำ,rsv464,อ่างเก็บน้ำแม่สาย,แพร่,ร้องกวาง,ร้องเข็ม,สำนักงานชลประทานที่ 4
,1121238,สวนรุกขชาติห้วยโรง,แพร่,ร้องกวาง,ห้วยโรง,สำนักงานชลประทานที่ 4
,501217,บ้านครกหนานทา,แพร่,ร้องกวาง,ห้วยโรง,สำนักงานชลประทานที่ 4
,501268,บ้านสวนป่า,แพร่,ร้องกวาง,ห้วยโรง,สำนักงานชลประทานที่ 4
,501277,บ้านห้วยโรงนอก,แพร่,ร้องกวาง,ห้วยโรง,สำนักงานชลประทานที่ 4
,1121238,สวนรุกขชาติห้วยโรง,แพร่,ร้องกวาง,ห้วยโรง,สำนักงานชลประทานที่ 4
,501217,บ้านครกหนานทา,แพร่,ร้องกวาง,ห้วยโรง,สำนักงานชลประทานที่ 4
,501268,บ้านสวนป่า,แพร่,ร้องกวาง,ห้วยโรง,สำนักงานชลประทานที่ 4
,501277,บ้านห้วยโรงนอก,แพร่,ร้องกวาง,ห้วยโรง,สำนักงานชลประทานที่ 4
อ่างเก็บน้ำ,rsv60,อ่างเก็บน้ำแม่ถาง,แพร่,ร้องกวาง,แม่ยางตาล,สำนักงานชลประทานที่ 4
,1373,บ้านไผ่โทน*,แพร่,ร้องกวาง,ไผ่โทน,สำนักงานชลประทานที่ 4
,501535,บ้านจำวาย,แพร่,ร้องกวาง,ไผ่โทน,สำนักงานชลประทานที่ 4
,501560,บ้านห้วยเอียด,แพร่,ร้องกวาง,ไผ่โทน,สำนักงานชลประทานที่ 4
,1373,บ้านไผ่โทน*,แพร่,ร้องกวาง,ไผ่โทน,สำนักงานชลประทานที่ 4
,501535,บ้านจำวาย,แพร่,ร้องกวาง,ไผ่โทน,สำนักงานชลประทานที่ 4
,501560,บ้านห้วยเอียด,แพร่,ร้องกวาง,ไผ่โทน,สำนักงานชลประทานที่ 4
สถานีวัดน้ำ,TY.45,บ้านไผ่โทน จ.แพร่,แพร่,ร้องกวาง,ไผ่โทน,สำนักงานชลประทานที่ 4
,1376,บ้านเกี๋ยงพา,แพร่,ลอง,ต้าผามอก,สำนักงานชลประทานที่ 4
,685664,ที่ทำการอุทยานแห่งชาติดอยผากลอง,แพร่,ลอง,ต้าผามอก,สำนักงานชลประทานที่ 4
,1376,บ้านเกี๋ยงพา,แพร่,ลอง,ต้าผามอก,สำนักงานชลประทานที่ 4
,685664,ที่ทำการอุทยานแห่งชาติดอยผากลอง,แพร่,ลอง,ต้าผามอก,สำนักงานชลประทานที่ 4
สถานีวัดน้ำ,TY.44,ตำบลต้าผาหมอก จ.แพร่,แพร่,ลอง,ต้าผาหมอก,สำนักงานชลประทานที่ 4
,491,อบต.ทุ่งแล้ง,แพร่,ลอง,ทุ่งแล้ง,สำนักงานชลประทานที่ 4
,501566,บ้านศรีดอนไชย*,แพร่,ลอง,ทุ่งแล้ง,สำนักงานชลประทานที่ 4
,491,อบต.ทุ่งแล้ง,แพร่,ลอง,ทุ่งแล้ง,สำนักงานชลประทานที่ 4
,501566,บ้านศรีดอนไชย*,แพร่,ลอง,ทุ่งแล้ง,สำนักงานชลประทานที่ 4
,1380,บ้านแม่แขม,แพร่,ลอง,บ่อเหล็กลอง,สำนักงานชลประทานที่ 4
,685666,หน่วยพิทักษ์อุทยานแห่งชาติ ที่ วศ.๑ (แม่แขม),แพร่,ลอง,บ่อเหล็กลอง,สำนักงานชลประทานที่ 4
,1380,บ้านแม่แขม,แพร่,ลอง,บ่อเหล็กลอง,สำนักงานชลประทานที่ 4
,685666,หน่วยพิทักษ์อุทยานแห่งชาติ ที่ วศ.๑ (แม่แขม),แพร่,ลอง,บ่อเหล็กลอง,สำนักงานชลประทานที่ 4
,1374,บ้านหัวตะกร้า,แพร่,ลอง,บ้านปิน,สำนักงานชลประทานที่ 4
,1375,บ้านผาคอ,แพร่,ลอง,บ้านปิน,สำนักงานชลประทานที่ 4
,685665,หน่วยพิทักษ์อุทยานฯ ที่ ผก.๒ (ถ้ำเอราวัณ-แก่งหลวง),แพร่,ลอง,บ้านปิน,สำนักงานชลประทานที่ 4
,1374,บ้านหัวตะกร้า,แพร่,ลอง,บ้านปิน,สำนักงานชลประทานที่ 4
,1375,บ้านผาคอ,แพร่,ลอง,บ้านปิน,สำนักงานชลประทานที่ 4
,685665,หน่วยพิทักษ์อุทยานฯ ที่ ผก.๒ (ถ้ำเอราวัณ-แก่งหลวง),แพร่,ลอง,บ้านปิน,สำนักงานชลประทานที่ 4
สถานีวัดน้ำ,TY.43,วัดวังเคียน จ.แพร่,แพร่,ลอง,ปากกลาง,สำนักงานชลประทานที่ 4
,1123967,บ้านปากกาง*,แพร่,ลอง,ปากกาง,สำนักงานชลประทานที่ 4
,1123967,บ้านปากกาง*,แพร่,ลอง,ปากกาง,สำนักงานชลประทานที่ 4
,1379,บ้านแม่จอก,แพร่,ลอง,หัวทุ่ง,สำนักงานชลประทานที่ 4
,501222,บ้านเค็ม,แพร่,ลอง,หัวทุ่ง,สำนักงานชลประทานที่ 4
,1379,บ้านแม่จอก,แพร่,ลอง,หัวทุ่ง,สำนักงานชลประทานที่ 4
,501222,บ้านเค็ม,แพร่,ลอง,หัวทุ่ง,สำนักงานชลประทานที่ 4
,501253,บ้านแม่เกี่ยม,แพร่,ลอง,ห้วยอ้อ,สำนักงานชลประทานที่ 4
,501253,บ้านแม่เกี่ยม,แพร่,ลอง,ห้วยอ้อ,สำนักงานชลประทานที่ 4
สถานีวัดน้ำ,TY.50,ห้วยแม่ลาน เทศบาลแม่ลานนา,แพร่,ลอง,ห้วยอ้อย,สำนักงานชลประทานที่ 4
สถานีวัดน้ำ,40347,วัดต้าแป้น จ.แพร่,แพร่,ลอง,เวียงด้า,สำนักงานชลประทานที่ 4
,1198761,แม่ต้า,แพร่,ลอง,เวียงต้า,สำนักงานชลประทานที่ 4
,1377,บ้านแสนทอง*,แพร่,ลอง,เวียงต้า,สำนักงานชลประทานที่ 4
,1378,บ้านสันติสุข,แพร่,ลอง,เวียงต้า,สำนักงานชลประทานที่ 4
,1198761,แม่ต้า,แพร่,ลอง,เวียงต้า,สำนักงานชลประทานที่ 4
,1377,บ้านแสนทอง*,แพร่,ลอง,เวียงต้า,สำนักงานชลประทานที่ 4
,1378,บ้านสันติสุข,แพร่,ลอง,เวียงต้า,สำนักงานชลประทานที่ 4
,1381,บ้านโคนป่าหิน,แพร่,ลอง,แม่ปาน,สำนักงานชลประทานที่ 4
,1381,บ้านโคนป่าหิน,แพร่,ลอง,แม่ปาน,สำนักงานชลประทานที่ 4
สถานีวัดน้ำ,Y.37,บ้านวังชิ้น,แพร่,วังชิ้น,,สำนักงานชลประทานที่ 4
สถานีวัดน้ำ,Y.37,บ้านวังชิ้น,แพร่,วังชิ้น,,สำนักงานชลประทานที่ 4
,1391,บ้านนาพูน,แพร่,วังชิ้น,นาพูน,สำนักงานชลประทานที่ 4
,1481153,สะพานน้ำแม่สิน,แพร่,วังชิ้น,นาพูน,สำนักงานชลประทานที่ 4
,501519,บ้านแม่แปง,แพร่,วังชิ้น,นาพูน,สำนักงานชลประทานที่ 4
,501520,บ้านแม่สิน,แพร่,วังชิ้น,นาพูน,สำนักงานชลประทานที่ 4
,685669,หน่วยศึกษาการพัฒนาการอนุรักษ์ต้นน้ำแม่สูง,แพร่,วังชิ้น,นาพูน,สำนักงานชลประทานที่ 4
,1391,บ้านนาพูน,แพร่,วังชิ้น,นาพูน,สำนักงานชลประทานที่ 4
,1481153,สะพานน้ำแม่สิน,แพร่,วังชิ้น,นาพูน,สำนักงานชลประทานที่ 4
,501519,บ้านแม่แปง,แพร่,วังชิ้น,นาพูน,สำนักงานชลประทานที่ 4
,501520,บ้านแม่สิน,แพร่,วังชิ้น,นาพูน,สำนักงานชลประทานที่ 4
,685669,หน่วยศึกษาการพัฒนาการอนุรักษ์ต้นน้ำแม่สูง,แพร่,วังชิ้น,นาพูน,สำนักงานชลประทานที่ 4
,1241193,หน่วยศึกษาการพัฒนาการอนุรักษ์ต้นน้ำแม่สรอย,แพร่,วังชิ้น,ป่าสัก,สำนักงานชลประทานที่ 4
,1601370,อ่างเก็บน้ำแม่กะต๋อม,แพร่,วังชิ้น,ป่าสัก,สำนักงานชลประทานที่ 4
,501521,บ้านแม่กระต๋อม,แพร่,วังชิ้น,ป่าสัก,สำนักงานชลประทานที่ 4
,1241193,หน่วยศึกษาการพัฒนาการอนุรักษ์ต้นน้ำแม่สรอย,แพร่,วังชิ้น,ป่าสัก,สำนักงานชลประทานที่ 4
,1601370,อ่างเก็บน้ำแม่กะต๋อม,แพร่,วังชิ้น,ป่าสัก,สำนักงานชลประทานที่ 4
,501521,บ้านแม่กระต๋อม,แพร่,วังชิ้น,ป่าสัก,สำนักงานชลประทานที่ 4
สถานีวัดน้ำ,TY.52,ห้วยแม่สรอย,แพร่,วังชิ้น,ป่าสัก,สำนักงานชลประทานที่ 4
,497,อบต.วังชิ้น,แพร่,วังชิ้น,วังชิ้น,สำนักงานชลประทานที่ 4
,500146,บ้านหาดรั่ว,แพร่,วังชิ้น,วังชิ้น,สำนักงานชลประทานที่ 4
,500147,บ้านนาเวียง,แพร่,วังชิ้น,วังชิ้น,สำนักงานชลประทานที่ 4
,497,อบต.วังชิ้น,แพร่,วังชิ้น,วังชิ้น,สำนักงานชลประทานที่ 4
,500146,บ้านหาดรั่ว,แพร่,วังชิ้น,วังชิ้น,สำนักงานชลประทานที่ 4
,500147,บ้านนาเวียง,แพร่,วังชิ้น,วังชิ้น,สำนักงานชลประทานที่ 4
สถานีวัดน้ำ,TY.37,บ้านใหม่กลาง อ.วังชิ้น จ.แพร่,แพร่,วังชิ้น,วังชิ้น,สำนักงานชลประทานที่ 4
,1252774,อ่างเก็บน้ำห้วยแม่ปะยาง,แพร่,วังชิ้น,สรอย,สำนักงานชลประทานที่ 4
,1390,บ้านแพะดอนมูล,แพร่,วังชิ้น,สรอย,สำนักงานชลประทานที่ 4
,1459131,บ้านแม่ขมวก,แพร่,วังชิ้น,สรอย,สำนักงานชลประทานที่ 4
,1601371,อ่างเก็บน้ำแม่อาง,แพร่,วังชิ้น,สรอย,สำนักงานชลประทานที่ 4
,740720,คลองสรอย วัดแม่ขมวก,แพร่,วังชิ้น,สรอย,สำนักงานชลประทานที่ 4
,1252774,อ่างเก็บน้ำห้วยแม่ปะยาง,แพร่,วังชิ้น,สรอย,สำนักงานชลประทานที่ 4
,1390,บ้านแพะดอนมูล,แพร่,วังชิ้น,สรอย,สำนักงานชลประทานที่ 4
,1459131,บ้านแม่ขมวก,แพร่,วังชิ้น,สรอย,สำนักงานชลประทานที่ 4
,1601371,อ่างเก็บน้ำแม่อาง,แพร่,วังชิ้น,สรอย,สำนักงานชลประทานที่ 4
,740720,คลองสรอย วัดแม่ขมวก,แพร่,วังชิ้น,สรอย,สำนักงานชลประทานที่ 4
,1394,บ้านแม่จอก,แพร่,วังชิ้น,แม่ป้าก,สำนักงานชลประทานที่ 4
,1601369,อ่างเก็บน้ำแม่ป้าก,แพร่,วังชิ้น,แม่ป้าก,สำนักงานชลประทานที่ 4
,1394,บ้านแม่จอก,แพร่,วังชิ้น,แม่ป้าก,สำนักงานชลประทานที่ 4
,1601369,อ่างเก็บน้ำแม่ป้าก,แพร่,วังชิ้น,แม่ป้าก,สำนักงานชลประทานที่ 4
,1392,บ้านขุนห้วย,แพร่,วังชิ้น,แม่พุง,สำนักงานชลประทานที่ 4
,1393,บ้านแม่แฮด,แพร่,วังชิ้น,แม่พุง,สำนักงานชลประทานที่ 4
,501522,บ้านป่าคา,แพร่,วังชิ้น,แม่พุง,สำนักงานชลประทานที่ 4
,1392,บ้านขุนห้วย,แพร่,วังชิ้น,แม่พุง,สำนักงานชลประทานที่ 4
,1393,บ้านแม่แฮด,แพร่,วังชิ้น,แม่พุง,สำนักงานชลประทานที่ 4
,501522,บ้านป่าคา,แพร่,วังชิ้น,แม่พุง,สำนักงานชลประทานที่ 4
,501244,บ้านปันเจน,แพร่,วังชิ้น,แม่เกิ๋ง,สำนักงานชลประทานที่ 4
,685668,ที่ทำการอุทยานแห่งชาติเวียงโกศัย,แพร่,วังชิ้น,แม่เกิ๋ง,สำนักงานชลประทานที่ 4
,501244,บ้านปันเจน,แพร่,วังชิ้น,แม่เกิ๋ง,สำนักงานชลประทานที่ 4
,685668,ที่ทำการอุทยานแห่งชาติเวียงโกศัย,แพร่,วังชิ้น,แม่เกิ๋ง,สำนักงานชลประทานที่ 4
สถานีวัดน้ำ,Y.20,บ้านห้วยสัก,แพร่,สอง,,สำนักงานชลประทานที่ 4
สถานีวัดน้ำ,Y.20,บ้านห้วยสัก,แพร่,สอง,,สำนักงานชลประทานที่ 4
,1601359,อ่างเก็บน้ำห้วยฮ่อม,แพร่,สอง,ทุ่งน้าว,สำนักงานชลประทานที่ 4
,1601359,อ่างเก็บน้ำห้วยฮ่อม,แพร่,สอง,ทุ่งน้าว,สำนักงานชลประทานที่ 4
,496,อบต.บ้านกลาง,แพร่,สอง,บ้านกลาง,สำนักงานชลประทานที่ 4
,496,อบต.บ้านกลาง,แพร่,สอง,บ้านกลาง,สำนักงานชลประทานที่ 4
สถานีวัดน้ำ,T.MaeyomWeir,ฝายแม่ยม อ.สอง จ.แพร่,แพร่,สอง,บ้านกลาง,สำนักงานชลประทานที่ 4
อ่างเก็บน้ำ,rsv59,อ่างเก็บน้ำแม่สอง,แพร่,สอง,บ้านกลาง,สำนักงานชลประทานที่ 4
,1198760,สะพานหนองจันทร์,แพร่,สอง,บ้านหนุน,สำนักงานชลประทานที่ 4
,501263,บ้านวังดิน,แพร่,สอง,บ้านหนุน,สำนักงานชลประทานที่ 4
,1198760,สะพานหนองจันทร์,แพร่,สอง,บ้านหนุน,สำนักงานชลประทานที่ 4
,501263,บ้านวังดิน,แพร่,สอง,บ้านหนุน,สำนักงานชลประทานที่ 4
อ่างเก็บน้ำ,rsv61,อ่างเก็บน้ำแม่คำปอง,แพร่,สอง,บ้านหนุน,สำนักงานชลประทานที่ 4
,1241191,ที่ทำการอุทยานแห่งชาติแม่ยม,แพร่,สอง,สะเอียบ,สำนักงานชลประทานที่ 4
,1241196,สะพานผาอิง ,แพร่,สอง,สะเอียบ,สำนักงานชลประทานที่ 4
,1387,บ้านนาหลวง,แพร่,สอง,สะเอียบ,สำนักงานชลประทานที่ 4
,1388,บ้านป่าเลา,แพร่,สอง,สะเอียบ,สำนักงานชลประทานที่ 4
,1389,บ้านท่าวะ,แพร่,สอง,สะเอียบ,สำนักงานชลประทานที่ 4
,642756,หน่วยพิทักษ์อุทยานแห่งชาติที่ มย.๖ (นาฝาย),แพร่,สอง,สะเอียบ,สำนักงานชลประทานที่ 4
,1241191,ที่ทำการอุทยานแห่งชาติแม่ยม,แพร่,สอง,สะเอียบ,สำนักงานชลประทานที่ 4
,1241196,สะพานผาอิง ,แพร่,สอง,สะเอียบ,สำนักงานชลประทานที่ 4
,1387,บ้านนาหลวง,แพร่,สอง,สะเอียบ,สำนักงานชลประทานที่ 4
,1388,บ้านป่าเลา,แพร่,สอง,สะเอียบ,สำนักงานชลประทานที่ 4
,1389,บ้านท่าวะ,แพร่,สอง,สะเอียบ,สำนักงานชลประทานที่ 4
,642756,หน่วยพิทักษ์อุทยานแห่งชาติที่ มย.๖ (นาฝาย),แพร่,สอง,สะเอียบ,สำนักงานชลประทานที่ 4
,685659,ที่ทำการเขตรักษาพันธุ์สัตว์ป่าดอยหลวง,แพร่,สอง,ห้วยหม้าย,สำนักงานชลประทานที่ 4
,685659,ที่ทำการเขตรักษาพันธุ์สัตว์ป่าดอยหลวง,แพร่,สอง,ห้วยหม้าย,สำนักงานชลประทานที่ 4
,1140845,ศาลเจ้าพ่อพญาอ้น,แพร่,สอง,เตาปูน,สำนักงานชลประทานที่ 4
,1386,บ้านข่วงชมภู,แพร่,สอง,เตาปูน,สำนักงานชลประทานที่ 4
,501232,บ้านท่อสมาน,แพร่,สอง,เตาปูน,สำนักงานชลประทานที่ 4
,1140845,ศาลเจ้าพ่อพญาอ้น,แพร่,สอง,เตาปูน,สำนักงานชลประทานที่ 4
,1386,บ้านข่วงชมภู,แพร่,สอง,เตาปูน,สำนักงานชลประทานที่ 4
,501232,บ้านท่อสมาน,แพร่,สอง,เตาปูน,สำนักงานชลประทานที่ 4
,501230,บ้านแดนชุมพล,แพร่,สอง,แดนชุมพล,สำนักงานชลประทานที่ 4
,501230,บ้านแดนชุมพล,แพร่,สอง,แดนชุมพล,สำนักงานชลประทานที่ 4
,1601366,อ่างเก็บน้ำน้ำเกิ๋น,แพร่,สูงเม่น,บ้านกวาง,สำนักงานชลประทานที่ 4
,1601366,อ่างเก็บน้ำน้ำเกิ๋น,แพร่,สูงเม่น,บ้านกวาง,สำนักงานชลประทานที่ 4
,501209,บ้านน้ำฮอก,แพร่,สูงเม่น,บ้านเหล่า,สำนักงานชลประทานที่ 4
,501209,บ้านน้ำฮอก,แพร่,สูงเม่น,บ้านเหล่า,สำนักงานชลประทานที่ 4
อ่างเก็บน้ำ,rsv58,อ่างเก็บน้ำแม่มาน,แพร่,สูงเม่น,พระหลวง,สำนักงานชลประทานที่ 4
,492,ศูนย์พัฒนาเด็กเล็ก อบต.สูงเม่น,แพร่,สูงเม่น,สูงเม่น,สำนักงานชลประทานที่ 4
,492,ศูนย์พัฒนาเด็กเล็ก อบต.สูงเม่น,แพร่,สูงเม่น,สูงเม่น,สำนักงานชลประทานที่ 4
,1601360,อ่างเก็บน้ำห้วยยอย,แพร่,หนองม่วงไข่,ทุ่งแค้ว,สำนักงานชลประทานที่ 4
,1601360,อ่างเก็บน้ำห้วยยอย,แพร่,หนองม่วงไข่,ทุ่งแค้ว,สำนักงานชลประทานที่ 4
,499,หนองม่วงไข่,แพร่,หนองม่วงไข่,น้ำรัด,สำนักงานชลประทานที่ 4
,499,หนองม่วงไข่,แพร่,หนองม่วงไข่,น้ำรัด,สำนักงานชลประทานที่ 4
,498,ทต.หนองม่วงไข่,แพร่,หนองม่วงไข่,หนองม่วงไข่,สำนักงานชลประทานที่ 4
,498,ทต.หนองม่วงไข่,แพร่,หนองม่วงไข่,หนองม่วงไข่,สำนักงานชลประทานที่ 4
,1238463,หน่วยจัดการต้นน้ำแม่พวก,แพร่,เด่นชัย,ห้วยไร่,สำนักงานชลประทานที่ 4
,1384,บ้านข่วงบุก,แพร่,เด่นชัย,ห้วยไร่,สำนักงานชลประทานที่ 4
,1385,บ้านแม่พวก*,แพร่,เด่นชัย,ห้วยไร่,สำนักงานชลประทานที่ 4
,495,ชุมชนห้วยไร่,แพร่,เด่นชัย,ห้วยไร่,สำนักงานชลประทานที่ 4
,1238463,หน่วยจัดการต้นน้ำแม่พวก,แพร่,เด่นชัย,ห้วยไร่,สำนักงานชลประทานที่ 4
,1384,บ้านข่วงบุก,แพร่,เด่นชัย,ห้วยไร่,สำนักงานชลประทานที่ 4
,1385,บ้านแม่พวก*,แพร่,เด่นชัย,ห้วยไร่,สำนักงานชลประทานที่ 4
,495,ชุมชนห้วยไร่,แพร่,เด่นชัย,ห้วยไร่,สำนักงานชลประทานที่ 4
สถานีวัดน้ำ,40317,บ้านห้วยไร่ จ.แพร่,แพร่,เด่นชัย,ห้วยไร่,สำนักงานชลประทานที่ 4
,1198762,ห้วยแม่พวก,แพร่,เด่นชัย,เด่นชัย,สำนักงานชลประทานที่ 4
,1601368,อ่างเก็บน้ำห้วยกูด,แพร่,เด่นชัย,เด่นชัย,สำนักงานชลประทานที่ 4
,493,เด่นชัย,แพร่,เด่นชัย,เด่นชัย,สำนักงานชลประทานที่ 4
,494,ทต.เด่นชัย,แพร่,เด่นชัย,เด่นชัย,สำนักงานชลประทานที่ 4
,1198762,ห้วยแม่พวก,แพร่,เด่นชัย,เด่นชัย,สำนักงานชลประทานที่ 4
,1601368,อ่างเก็บน้ำห้วยกูด,แพร่,เด่นชัย,เด่นชัย,สำนักงานชลประทานที่ 4
,493,เด่นชัย,แพร่,เด่นชัย,เด่นชัย,สำนักงานชลประทานที่ 4
,494,ทต.เด่นชัย,แพร่,เด่นชัย,เด่นชัย,สำนักงานชลประทานที่ 4
สถานีวัดน้ำ,TY.51,ห้วยแม่พวก,แพร่,เด่นชัย,เด่นชัย,สำนักงานชลประทานที่ 4
,1601367,อ่างเก็บน้ำแม่จั๊วะ,แพร่,เด่นชัย,แม่จั๊วะ,สำนักงานชลประทานที่ 4
,501536,บ้านดงสุระ,แพร่,เด่นชัย,แม่จั๊วะ,สำนักงานชลประทานที่ 4
,1601367,อ่างเก็บน้ำแม่จั๊วะ,แพร่,เด่นชัย,แม่จั๊วะ,สำนักงานชลประทานที่ 4
,501536,บ้านดงสุระ,แพร่,เด่นชัย,แม่จั๊วะ,สำนักงานชลประทานที่ 4
,1382,บ้านปางเคาะ,แพร่,เด่นชัย,ไทรย้อย,สำนักงานชลประทานที่ 4
,1383,บ้านบ่อแก้ว,แพร่,เด่นชัย,ไทรย้อย,สำนักงานชลประทานที่ 4
,1382,บ้านปางเคาะ,แพร่,เด่นชัย,ไทรย้อย,สำนักงานชลประทานที่ 4
,1383,บ้านบ่อแก้ว,แพร่,เด่นชัย,ไทรย้อย,สำนักงานชลประทานที่ 4
สถานีวัดน้ำ,TY.1C,อ.เมือง จ.แพร่,แพร่,เมือง,ป่าแมต,สำนักงานชลประทานที่ 4
สถานีวัดน้ำ,Y.1C,บ้านน้ำโค้ง,แพร่,เมืองแพร่,,สำนักงานชลประทานที่ 4
สถานีวัดน้ำ,Y.1C,บ้านน้ำโค้ง,แพร่,เมืองแพร่,,สำนักงานชลประทานที่ 4
,1238461,หน่วยจัดการต้นน้ำแม่ก๋อน-แม่สาย,แพร่,เมืองแพร่,ช่อแฮ,สำนักงานชลประทานที่ 4
,1238679,ศูนย์เรียนรู้ด้านสัตว์ป่า เขตรักษาพันธุ์สัตว์ป่าลำน้ำน่านฝั่งขวา,แพร่,เมืองแพร่,ช่อแฮ,สำนักงานชลประทานที่ 4
,1370,บ้านนาตอง,แพร่,เมืองแพร่,ช่อแฮ,สำนักงานชลประทานที่ 4
,488,ทต.ช่อแฮ,แพร่,เมืองแพร่,ช่อแฮ,สำนักงานชลประทานที่ 4
,1238461,หน่วยจัดการต้นน้ำแม่ก๋อน-แม่สาย,แพร่,เมืองแพร่,ช่อแฮ,สำนักงานชลประทานที่ 4
,1238679,ศูนย์เรียนรู้ด้านสัตว์ป่า เขตรักษาพันธุ์สัตว์ป่าลำน้ำน่านฝั่งขวา,แพร่,เมืองแพร่,ช่อแฮ,สำนักงานชลประทานที่ 4
,1370,บ้านนาตอง,แพร่,เมืองแพร่,ช่อแฮ,สำนักงานชลประทานที่ 4
,488,ทต.ช่อแฮ,แพร่,เมืองแพร่,ช่อแฮ,สำนักงานชลประทานที่ 4
,3646,แพร่,แพร่,เมืองแพร่,ทุ่งโฮ้ง,สำนักงานชลประทานที่ 4
,3646,แพร่,แพร่,เมืองแพร่,ทุ่งโฮ้ง,สำนักงานชลประทานที่ 4
,1123965,บ้านวังหงส์*,แพร่,เมืองแพร่,ท่าข้าม,สำนักงานชลประทานที่ 4
,1123965,บ้านวังหงส์*,แพร่,เมืองแพร่,ท่าข้าม,สำนักงานชลประทานที่ 4
,1241188,วนอุทยานแพะเมืองผี,แพร่,เมืองแพร่,น้ำชำ,สำนักงานชลประทานที่ 4
,1241188,วนอุทยานแพะเมืองผี,แพร่,เมืองแพร่,น้ำชำ,สำนักงานชลประทานที่ 4
,1601364,อ่างเก็บน้ำน้ำปึง,แพร่,เมืองแพร่,บ้านถิ่น,สำนักงานชลประทานที่ 4
,1601364,อ่างเก็บน้ำน้ำปึง,แพร่,เมืองแพร่,บ้านถิ่น,สำนักงานชลประทานที่ 4
,1369,บ้านปากกลาย,แพร่,เมืองแพร่,ป่าแดง,สำนักงานชลประทานที่ 4
,501247,บ้านป่าแดง,แพร่,เมืองแพร่,ป่าแดง,สำนักงานชลประทานที่ 4
,1369,บ้านปากกลาย,แพร่,เมืองแพร่,ป่าแดง,สำนักงานชลประทานที่ 4
,501247,บ้านป่าแดง,แพร่,เมืองแพร่,ป่าแดง,สำนักงานชลประทานที่ 4
,1601361,อ่างเก็บน้ำห้วยผาคำ,แพร่,เมืองแพร่,ป่าแมต,สำนักงานชลประทานที่ 4
,489,เมืองแพร่,แพร่,เมืองแพร่,ป่าแมต,สำนักงานชลประทานที่ 4
,1601361,อ่างเก็บน้ำห้วยผาคำ,แพร่,เมืองแพร่,ป่าแมต,สำนักงานชลประทานที่ 4
,489,เมืองแพร่,แพร่,เมืองแพร่,ป่าแมต,สำนักงานชลประทานที่ 4
,1601365,อ่างเก็บน้ำหนองแขม,แพร่,เมืองแพร่,สวนเขื่อน,สำนักงานชลประทานที่ 4
,501254,บ้านแม่แคม,แพร่,เมืองแพร่,สวนเขื่อน,สำนักงานชลประทานที่ 4
,1601365,อ่างเก็บน้ำหนองแขม,แพร่,เมืองแพร่,สวนเขื่อน,สำนักงานชลประทานที่ 4
,501254,บ้านแม่แคม,แพร่,เมืองแพร่,สวนเขื่อน,สำนักงานชลประทานที่ 4
,662764,สถาบันนวัตกรรมด้านป่าไม้ จังหวัดแพร่,แพร่,เมืองแพร่,ในเวียง,สำนักงานชลประทานที่ 4
,662764,สถาบันนวัตกรรมด้านป่าไม้ จังหวัดแพร่,แพร่,เมืองแพร่,ในเวียง,สำนักงานชลประทานที่ 4
