ID,ประเภท,คำถาม,แนวทางคำตอบ,ประเด็นสำคัญ
1,mandatory,สำนักชลประทานที่ 4 รับผิดชอบพื้นที่จังหวัดใดบ้าง?,สำนักชลประทานที่ 4 (สชป.4) รับผิดชอบพื้นที่ 4 จังหวัด ได้แก่ 1) กำแพงเพชร 2) แพร่ 3) ตาก 4) สุโขทัย,กำแพงเพชร|แพร่|ตาก|สุโขทัย
2,mandatory,สำนักชลประทานที่ 4 ตั้งอยู่ที่จังหวัดใด?,สำนักชลประทานที่ 4 ตั้งอยู่ที่จังหวัดกำแพงเพชร สำนักงานชลประทานที่ 4 250 หมู่ 3 ต.หนองปลิง อ.เมือง จ.กำแพงเพชร 62000 โทรศัพท์ 0-5571-0047-8 ต่อ 129 โทรสาร 0-5571-0462. E-mail ห้องธุรการ rio4kpp@gmail.com. รับผิดชอบพื้นที่ 4 จังหวัด (กำแพงเพชร แพร่ ตาก สุโขทัย),กำแพงเพชร
3,mandatory,ภารกิจหลักของสำนักชลประทานที่ 4 คืออะไร?,ภารกิจหลักคือ บริหารจัดการน้ำในพื้นที่รับผิดชอบ ได้แก่ พัฒนาและบำรุงรักษาโครงสร้างชลประทาน ส่งน้ำให้เกษตรกรและชุมชน ติดตามสถานการณ์น้ำ และป้องกันภัยจากน้ำ,จัดการน้ำในพื้นที่รับผิดชอบ|พัฒนา|บำรุงรักษาโครงสร้างชลประทาน|ส่งน้ำ|ป้องกันภัยจากน้ำ
4,mandatory,กรมชลประทานมีภารกิจหลักอะไรบ้างในการบริหารจัดการน้ำของประเทศไทย?,กรมชลประทานมีภารกิจหลัก 3 ด้าน ได้แก่ (1) การพัฒนาแหล่งน้ำ เช่น เขื่อน อ่างเก็บน้ำ และฝาย (2) การส่งน้ำและบำรุงรักษา เพื่อกระจายน้ำให้เกษตรกรและชุมชน (3) การป้องกันและบรรเทาภัยจากน้ำ ทั้งอุทกภัยและภัยแล้ง,การพัฒนา|แหล่งน้ำ|เขื่อน|อ่างเก็บน้ำ|ฝาย|การส่งน้ำ|บำรุงรักษา|เกษตรกร|ชุมชน|การป้องกัน|บรรเทาภัย|อุทกภัย|ภัยแล้ง
5,mandatory,ช่องทางติดต่อสำนักชลประทานที่ 4 มีอะไรบ้าง?,สำนักชลประทานที่ 4 ติดต่อได้ที่: เบอร์โทรศัพท์ 0-5571-0047-8 ต่อ 129 โทรสาร 0-5571-0462 อีเมล rio4kpp@gmail.com ที่ตั้ง 250 หมู่ 3 ต.หนองปลิง อ.เมือง จ.กำแพงเพชร 62000 เพื่อสอบถามข้อมูลเพิ่มเติมเกี่ยวกับสำนักชลประทานที่ 4,โทร|ชลประทานที่ 4
6,mandatory,กรมชลประทานมีวิสัยทัศน์ (Vision) และพันธกิจ (Mission) อย่างไร,"กรมชลประทานมีวิสัยทัศน์คือ ""เป็นองค์กรหลักในการบริหารจัดการทรัพยากรน้ำเพื่อการเกษตรและการอุปโภคบริโภคอย่างยั่งยืน"" ส่วนพันธกิจประกอบด้วย การพัฒนาแหล่งน้ำและระบบชลประทานเพื่อการเกษตร การบริหารจัดการทรัพยากรน้ำอย่างมีประสิทธิภาพ การป้องกันและบรรเทาอุทกภัย การให้บริการข้อมูลทรัพยากรน้ำ และการพัฒนาเทคโนโลยีด้านชลประทานเพื่อรองรับการเปลี่ยนแปลงของสภาพภูมิอากาศและความต้องการของประเทศ",วิสัยทัศน์|บริหารจัดการทรัพยากรน้ำ|พันธกิจ|พัฒนาแหล่งน้ำ|ระบบชลประทาน|บริหารจัดการน้ำ|มีประสิทธิภาพ|ยั่งยืน|ป้องกัน|อุทกภัย|พัฒนาเทคโนโลยี|เปลี่ยนแปลงสภาพภูมิอากาศ
7,mandatory,กรมชลประทานก่อตั้งขึ้นเมื่อใดและมีวัตถุประสงค์หลักอะไร,กรมชลประทานก่อตั้งขึ้นในปี พ.ศ. 2495 โดยรวมหน่วยงานที่เกี่ยวข้องกับการชลประทานและแก้ไขปัญหาน้ำท่วมเข้าด้วยกัน มีวัตถุประสงค์หลักในการพัฒนาแหล่งน้ำ สร้างระบบชลประทาน จัดหาน้ำเพื่อการเกษตร ป้องกันและบรรเทาอุทกภัย ตลอดจนการจัดการทรัพยากรน้ำอย่างยั่งยืนเพื่อสนับสนุนการพัฒนาเศรษฐกิจและสังคมของประเทศ,ก่อตั้ง|2495|ชลประทาน|แหล่งน้ำ|เกษตร|ป้องกัน|บรรเทาอุทกภัย
8,mandatory,พระราชบัญญัติชลประทาน พ.ศ. 2485 มีสาระสำคัญอย่างไร,พระราชบัญญัติชลประทาน พ.ศ. 2485 เป็นกฎหมายพื้นฐานที่กำหนดอำนาจหน้าที่ของรัฐในการดำเนินงานชลประทาน โดยให้อำนาจในการสำรวจ ออกแบบ ก่อสร้าง บำรุงรักษา และปรับปรุงงานชลประทาน กำหนดสิทธิในการเวนคืนที่ดินเพื่อการชลประทาน การจัดเก็บค่าธรรมเนียมการใช้น้ำ และการควบคุมการใช้น้ำในเขตชลประทาน รวมทั้งกำหนดหลักเกณฑ์การดำเนินงานเพื่อให้เกิดประโยชน์สูงสุดต่อการเกษตรและสังคม,กำหนดอำนาจหน้าที่ของรัฐในงานชลประทาน|สิทธิในการเวนคืนที่ดินเพื่อการชลประทาน|การจัดเก็บค่าธรรมเนียมการใช้น้ำ|การควบคุมการใช้น้ำในเขตชลประทาน
9,mandatory,โครงสร้างการบริหารของกรมชลประทานแบ่งออกเป็นกี่ระดับและมีหน่วยงานใดบ้าง,โครงสร้างการบริหารของกรมชลประทานแบ่งออกเป็น 3 ระดับหลัก คือ ส่วนกลาง ส่วนภูมิภาค และส่วนจังหวัด ส่วนกลางประกอบด้วยสำนักงานเลขานุการกรม กองต่างๆ และสถาบันเฉพาะทาง ส่วนภูมิภาคมีสำนักชลประทาน 18 แห่งทั่วประเทศ และส่วนจังหวัดมีสำนักงานชลประทานจังหวัดและโครงการชลประทานต่างๆ นอกจากนี้ยังมีหน่วยงานสนับสนุนพิเศษ เช่น ศูนย์เทคโนโลยีสารสนเทศและการสื่อสาร และศูนย์ปฏิบัติการต่างๆ,โครงสร้าง|3 ระดับ|ส่วนกลาง|ส่วนภูมิภาค|ส่วนจังหวัด|สำนักงานเลขานุการ|สำนักชลประทาน|ชลประทานจังหวัด|โครงการชลประทาน
10,mandatory,กฎหมายหลักที่ใช้ในการดำเนินงานด้านชลประทานของประเทศไทยมีอะไรบ้าง,กฎหมายหลักที่ใช้ในงานชลประทานของไทยประกอบด้วย พระราชบัญญัติชลประทาน พ.ศ. 2485 และที่แก้ไขเพิ่มเติม ซึ่งเป็นกฎหมายพื้นฐานในการดำเนินงานชลประทาน พระราชบัญญัติการประปา พ.ศ. 2522 สำหรับการจัดหาน้ำสะอาด พระราชบัญญัติทรัพยากรน้ำ พ.ศ. 2561 ที่ครอบคลุมการบริหารจัดการทรัพยากรน้ำแบบบูรณาการ และกฎหมายที่เกี่ยวข้องอื่นๆ เช่น พระราชบัญญัติสิ่งแวดล้อม และระเบียบกระทรวงเกษตรและสหกรณ์ต่างๆ ที่เกี่ยวกับการบริหารจัดการน้ำเพื่อการเกษตร,พ.ร.บ.ชลประทาน|2485|พ.ร.บ.ประปา|2522|พ.ร.บ.ทรัพยากรน้ำ|2561|สิ่งแวดล้อม|กระทรวงเกษตร
11,mandatory,กรมชลประทานให้บริการอะไรแก่เกษตรกรและประชาชนทั่วไปบ้าง,กรมชลประทานให้บริการหลากหลายแก่เกษตรกรและประชาชน ได้แก่ การจัดหาน้ำเพื่อการเกษตรผ่านระบบคลองชลประทาน การให้คำปรึกษาเทคนิคการใช้น้ำอย่างมีประสิทธิภาพ การออกแบบและก่อสร้างระบบชลประทานขนาดเล็ก การฝึกอบรมเกษตรกรเรื่องการจัดการน้ำ การให้บริการข้อมูลสถานการณ์น้ำและพยากรณ์อากาศ การป้องกันและบรรเทาอุทกภัย การบำรุงรักษาระบบชลประทาน และการให้คำแนะนำในการขออนุญาตใช้น้ำและที่ดินของรัฐ,จัดหาน้ำ|คลองชลประทาน|คำปรึกษา|ฝึกอบรม|ข้อมูลน้ำ|ป้องกันอุทกภัย|อนุญาตใช้น้ำ
12,mandatory,เขื่อนที่สำคัญที่สุดของประเทศไทยที่อยู่ในความดูแลของกรมชลประทานมีอะไรบ้าง,เขื่อนสำคัญที่อยู่ในความดูแลของกรมชลประทานมีหลายแห่ง เช่น เขื่อนภูมิพล จังหวัดตาก ซึ่งเป็นเขื่อนหินถมที่ใหญ่ที่สุดในประเทศไทย เขื่อนสิริกิติ์ จังหวัดอุตรดิตถ์ ที่เป็นเขื่อนดินถมที่ใหญ่ที่สุด เขื่อนเจ้าพระยา จังหวัดชัยนาท ที่เป็นเขื่อนกั้นน้ำเค็มและควบคุมน้ำท่วม เขื่อนแควน้อย จังหวัดกาญจนบุรี และเขื่อนป่าสักชลสิทธิ์ จังหวัดลพบุรี เหล่านี้เป็นเขื่อนหลักที่มีบทบาทสำคัญในการบริหารจัดการทรัพยากรน้ำของประเทศ,เขื่อนภูมิพล|ตาก|เขื่อนสิริกิติ์|อุตรดิตถ์|เขื่อนเจ้าพระยา|ชัยนาท|เขื่อนแควน้อย|เขื่อนป่าสักชลสิทธิ์
13,mandatory,โครงการชลประทานขนาดใหญ่ที่มีชื่อเสียงของประเทศไทยมีอะไรบ้างและมีความสำคัญอย่างไร,โครงการชลประทานขนาดใหญ่ที่สำคัญของไทยมี เช่น โครงการชลประทานแม่กลอง-แม่กษัตริย์ ที่ช่วยจัดหาน้ำเพื่อการเกษตรและอุปโภคบริโภคในภาคกลาง โครงการชลประทานปากมูล ที่ป้องกันน้ำท่วมและจัดหาน้ำในพื้นที่ลุ่มแม่น้ำเจ้าพระยาตอนล่าง โครงการชลประทานลำปาว-หนองหาน ในภาคอีสาน และโครงการชลประทานอ่างเก็บน้ำห้วยใหญ่ ในภาคใต้ โครงการเหล่านี้มีความสำคัญในการเพิ่มพื้นที่ชลประทาน ลดความเสี่ยงจากภัยแล้ง สนับสนุนการเกษตรยั่งยืน และสร้างความมั่นคงทางอาหารให้กับประเทศ,แม่กลอง|ปากมูล|ลำปาว|หนองหาน|ห้วยใหญ่|พื้นที่ชลประทาน|ลดภัยแล้ง|เกษตรยั่งยืน
14,mandatory,ประชาชนมีสิทธิ์อะไรบ้างในการเข้าถึงบริการด้านชลประทานและการมีส่วนร่วม,ประชาชนมีสิทธิ์หลายประการในการเข้าถึงบริการชลประทาน ได้แก่ สิทธิ์ในการขอรับบริการน้ำเพื่อการเกษตรและอุปโภคบริโภคอย่างเท่าเทียมและเป็นธรรม สิทธิ์ในการเข้าถึงข้อมูลข่าวสารเกี่ยวกับแผนงานและโครงการชลประทาน สิทธิ์ในการมีส่วนร่วมในกระบวนการตัดสินใจและการวางแผนพัฒนาโครงการ สิทธิ์ในการร้องเรียนและเสนอแนะ สิทธิ์ในการได้รับการชดเชยที่เป็นธรรมกรณีได้รับผลกระทบจากโครงการ และสิทธิ์ในการจัดตั้งกลุ่มผู้ใช้น้ำเพื่อมีส่วนร่วมในการบริหารจัดการระบบชลประทานในพื้นที่,รับบริการน้ำ|เข้าถึงข้อมูล|มีส่วนร่วม|ร้องเรียน|ชดเชย|กลุ่มผู้ใช้น้ำ
15,mandatory,เทคโนโลยีสมัยใหม่ที่กรมชลประทานนำมาใช้ในการบริหารจัดการน้ำมีอะไรบ้าง,กรมชลประทานนำเทคโนโลยีสมัยใหม่มาใช้หลากหลาย เช่น ระบบตรวจวัดและควบคุมอัตโนมัติ (SCADA) สำหรับการควบคุมระดับน้ำและการปฏิบัติการเขื่อน ระบบสารสนเทศภูมิศาสตร์ (GIS) และเทคโนโลยีดาวเทียมสำหรับการติดตามสถานการณ์น้ำ แอปพลิเคชันและเว็บไซต์สำหรับให้บริการข้อมูลแก่ประชาชน ระบบพยากรณ์อากาศและน้ำท่วมด้วยปัญญาประดิษฐ์ เซ็นเซอร์ IoT สำหรับติดตามคุณภาพน้ำ และเทคโนโลยี Big Data สำหรับการวิเคราะห์และวางแผนการใช้น้ำอย่างมีประสิทธิภาพ,SCADA|GIS|ดาวเทียม|แอปพลิเคชัน|เว็บไซต์|พยากรณ์อากาศ|AI|IoT|Big Data
16,mandatory,ระบบการจัดเก็บค่าธรรมเนียมการใช้น้ำชลประทานทำงานอย่างไรและมีอัตราค่าใช้จ่ายเท่าไร,ระบบการจัดเก็บค่าธรรมเนียมการใช้น้ำชลประทานแบ่งตามประเภทการใช้งาน ได้แก่ เพื่อการเกษตรจะเก็บตามพื้นที่และชนิดพืช เช่น ข้าวนาปรัง ข้าวนาแปลง พืชไร่ และไม้ผล โดยมีอัตราแตกต่างกันไปในแต่ละพื้นที่ เพื่อการอุปโภคบริโภคจะคิดตามปริมาณน้ำที่ใช้ และเพื่อการอุตสาหกรรมจะมีอัตราสูงกว่า การชำระเงินสามารถทำได้หลายช่องทาง เช่น ชำระที่สำนักงานชลประทานจังหวัด ผ่านธนาคาร หรือระบบออนไลน์ ทั้งนี้รัฐบาลมีนีตยในการยกเว้นค่าธรรมเนียมสำหรับเกษตรกรรายย่อยในบางช่วงเวลา,เกษตรกรรม|อุปโภคบริโภค|อุตสาหกรรม|พื้นที่|ชนิดพืช|ปริมาณน้ำ|ยกเว้นรายย่อย
17,mandatory,การป้องกันและแก้ไขปัญหาน้ำท่วมและภัยแล้งของกรมชลประทานดำเนินการอย่างไร,กรมชลประทานป้องกันและแก้ไขปัญหาน้ำท่วมโดยการบริหารจัดการอ่างเก็บน้ำให้มีความจุรองรับน้ำท่วม การสร้างและบำรุงรักษาระบบระบายน้ำ การขุดลอกคลองและแม่น้ำเพื่อเพิ่มความสามารถในการระบายน้ำ และการติดตั้งระบบเตือนภัยล่วงหน้า สำหรับภัยแล้งจะจัดการโดยการสำรองน้ำในอ่างเก็บน้ำ การขุดเจาะบ่อน้ำบาดาลเสริม การสร้างฝายชะลอน้ำในพื้นที่ต้นน้ำ การจัดสรรน้ำตามลำดับความสำคัญ และการส่งเสริมการใช้น้ำอย่างประหยัดและมีประสิทธิภาพในชุมชนและภาคการเกษตร,ป้องกันน้ำท่วม|อ่างเก็บน้ำ|ระบบระบาย|ขุดลอก|เตือนภัย|แก้ไขภัยแล้ง|สำรองน้ำ|ฝายชะลอน้ำ|ประหยัดน้ำ
18,mandatory,เขื่อนภูมิพลมีความสำคัญต่อระบบชลประทานไทยอย่างไร,เขื่อนภูมิพลเป็นเขื่อนขนาดใหญ่แห่งแรกของประเทศไทย ตั้งอยู่ในจังหวัดตาก สร้างเสร็จในปี พ.ศ. 2507 มีความสำคัญในการควบคุมน้ำท่วมในลุ่มน้ำแม่ปิง สร้างไฟฟ้าพลังน้ำ จัดเก็บน้ำเพื่อการเกษตรในฤดูแล้ง และเป็นแหล่งน้ำดิบสำหรับการอุปโภคบริโภค เขื่อนแห่งนี้ถือเป็นต้นแบบการพัฒนาเขื่อนอเนกประสงค์ในประเทศไทย และเป็นส่วนสำคัญของระบบบริหารจัดการน้ำในลุ่มน้ำเจ้าพระยาตอนบน ช่วยให้การเกษตรในพื้นที่ลุ่มน้ำแม่ปิงมีน้ำใช้ตลอดปี,เขื่อนภูมิพล|2507|ลุ่มน้ำแม่ปิง|ไฟฟ้าพลังน้ำ|เกษตร|เขื่อนอเนกประสงค์
19,mandatory,โครงการชลประทานขนาดใหญ่ที่ช่วยพัฒนาการเกษตรในภาคอีสานมีอะไรบ้าง,โครงการชลประทานขนาดใหญ่ที่สำคัญในภาคอีสาน ได้แก่ โครงการห้วยมงคล จังหวัดเลย ที่ช่วยพัฒนาการเกษตรในพื้นที่ 3 จังหวัด โครงการลำปาว จังหวัดกาฬสินธุ์ที่เป็นเขื่อนดินขนาดใหญ่ โครงการน้ำอูน จังหวัดขอนแก่น ที่ช่วยแก้ไขปัญหาขาดแคลนน้ำ และโครงการพัฒนาลุ่มน้ำชี-มูล ที่ครอบคลุมพื้นที่หลายจังหวัดในภาคอีสาน โครงการเหล่านี้ช่วยเพิ่มพื้นที่เพาะปลูกได้ตลอดปี ลดความเสี่ยงจากภัยแล้ง และยกระดับคุณภาพชีวิตของเกษตรกรในพื้นที่,ห้วยมงคล|เลย|ลำปาว|กาฬสินธุ์|น้ำอูน|ขอนแก่น|ชี-มูล
20,mandatory,การป้องกันน้ำท่วมในกรุงเทพมหานครและปริมณฑลใช้ระบบอะไรบ้าง,การป้องกันน้ำท่วมในกรุงเทพฯ และปริมณฑลใช้ระบบป้องกันน้ำท่วมแบบบูรณาการ ประกอบด้วย เขื่อนเก็บกักน้ำขนาดใหญ่ในเขตลุ่มน้ำเจ้าพระยา เช่น เขื่อนภูมิพลและเขื่อนสิริกิติ์ เพื่อควบคุมปริมาณน้ำที่ไหลลงมา แนวกำแพงกั้นน้ำและคันกั้นน้ำตลิ่งแม่น้ำเจ้าพระยา สถานีสูบน้ำและอุโมงค์ระบายน้ำเพื่อเพิ่มประสิทธิภาพการระบายน้ำ ระบบเตือนภัยและการพยากรณ์น้ำท่วม และการประสานงานกับหน่วยงานที่เกี่ยวข้อง เช่น กทม. และหน่วยงานในพื้นที่เพื่อบริหารจัดการน้ำอย่างเป็นระบบ,เขื่อนเจ้าพระยา|กำแพงกั้นน้ำ|คันกั้นน้ำ|สถานีสูบน้ำ|อุโมงค์|เตือนภัย|ประสานงาน
21,mandatory,โครงการพระราชดำริด้านการพัฒนาแหล่งน้ำที่กรมชลประทานได้รับมอบหมายให้ดำเนินการมีลักษณะอย่างไร,โครงการพระราชดำริด้านการพัฒนาแหล่งน้ำที่กรมชลประทานดำเนินการมีลักษณะเป็นโครงการขนาดเล็กที่เน้นการพึ่งพาตนเองและการมีส่วนร่วมของชุมชน เช่น การขุดลอกและปรับปรุงอ่างเก็บน้ำขนาดเล็ก การสร้างฝายน้ำล้น การก่อสร้างถังเก็บน้ำฝน และการพัฒนาระบบน้ำประปาหมู่บ้าน โครงการเหล่านี้มุ่งเน้นการแก้ไขปัญหาการขาดแคลนน้ำในระดับหมู่บ้านและตำบล ใช้เทคโนโลยีที่เหมาะสมกับท้องถิ่น และส่งเสริมให้ประชาชนเรียนรู้การจัดการน้ำด้วยตนเอง ตามแนวพระราชดำริเศรษฐกิจพอเพียง,ขุดลอก|ฝายน้ำล้น|ถังเก็บน้ำฝน|ชุมชน|หมู่บ้าน|เศรษฐกิจพอเพียง
22,mandatory,ระบบชลประทานแบบใดที่เหมาะสมกับการเพาะปลูกข้าวในประเทศไทย และมีการจัดการอย่างไร,ระบบชลประทานที่เหมาะสมกับการปลูกข้าวในประเทศไทยคือระบบชลประทานแบบโน้มถ่วง (Gravity System) ที่ใช้คันดินหรือท่อส่งน้ำนำน้ำจากแหล่งน้ำสูงไปยังแปลงนาที่ต่ำกว่า การจัดการประกอบด้วยการวางแผนการใช้น้ำตามฤดูกาล จัดตารางการให้น้ำแก่เกษตรกรอย่างเป็นธรรม บำรุงรักษาคูคลองและระบบส่งน้ำให้สามารถใช้งานได้ดี ติดตั้งประตูน้ำและอุปกรณ์ควบคุมการไฟ่น้ำ และประสานงานกับกลุ่มผู้ใช้น้ำในการบริหารจัดการน้ำในระดับไร่นาให้เกิดประสิทธิภาพสูงสุด,โน้มถ่วง|ข้าว|ตารางน้ำ|บำรุงรักษาคูคลอง|กลุ่มผู้ใช้น้ำ
23,mandatory,กรมชลประทานมีหน่วยงานในระดับภูมิภาคกี่แห่ง และเรียกว่าอะไร,กรมชลประทานมีหน่วยงานในระดับภูมิภาคทั้งหมด 17 แห่ง เรียกว่า สำนักชลประทานที่ 1-17 โดยแต่ละสำนักรับผิดชอบพื้นที่หลายจังหวัดในภูมิภาคต่างๆ ทั่วประเทศ มีหน้าที่บริหารจัดการระบบชลประทานและทรัพยากรน้ำในเขตพื้นที่รับผิดชอบ เพื่อสนับสนุนการเกษตรและการอุปโภคบริโภคของประชาชนในพื้นที่,17 แห่ง|สำนักชลประทาน 1-17|หลายจังหวัด|บริหารจัดการน้ำ
24,mandatory,ค่าธรรมเนียมชลประทานคำนวณอย่างไร และเกษตรกรต้องชำระเมื่อใด,ค่าธรรมเนียมชลประทานคำนวณจากพื้นที่เพาะปลูกจริงที่ได้รับน้าชลประทาน โดยแบ่งตามชนิดพืชและฤดูกาล เช่น ข้าวนาปี ข้าวนาปรัง พืชไร่ พืชสวน มีอัตราแตกต่างกันไป เกษตรกรต้องชำระภายใน 60 วันหลังจากได้รับแจ้งการประเมิน หากไม่ชำระตามกำหนดจะมีค่าปรับเพิ่มขึ้น และหากค้างชำระจะไม่ได้รับน้าชลประทานในฤดูการเพาะปลูกถัดไป,พื้นที่เพาะปลูก|ชนิดพืช|ฤดูกาล|ชำระ 60 วัน|ค่าปรับ
25,mandatory,โครงการพัฒนาลุ่มน้ำชีตอนบนมีวัตถุประสงค์และผลประโยชน์อย่างไร,โครงการพัฒนาลุ่มน้ำชีตอนบนเป็นโครงการชลประทานขนาดใหญ่ครอบคลุมพื้นที่ 3 จังหวัด คือ ขอนแก่น กาฬสินธุ์ และมหาสารคาม มีวัตถุประสงค์เพื่อจัดหาน้าเพื่อการเกษตรให้พื้นที่กว่า 1.2 ล้านไร่ ป้องกันอุทกภัยและภัยแล้ง พัฒนาคุณภาพชีวิตของเกษตรกร เพิ่มผลผลิตทางการเกษตร สร้างความมั่นคงด้านอาหาร และส่งเสริมการพัฒนาเศรษฐกิจในภูมิภาคตะวันออกเฉียงเหนือให้เข้มแข็งและยั่งยืน,ขอนแก่น|กาฬสินธุ์|มหาสารคาม|1.2 ล้านไร่|อุทกภัย|ภัยแล้ง|เกษตรกร|เศรษฐกิจ
26,mandatory,ประชาชนสามารถร้องเรียนหรือร้องทุกข์เกี่ยวกับงานชลประทานผ่านช่องทางใดบ้าง,ประชาชนสามารถร้องเรียนเกี่ยวกับงานชลประทานได้หลายช่องทาง ได้แก่ ศูนย์ดำรงธรรมกรมชลประทาน สายด่วน 1460 เว็บไซต์กรมชลประทาน www.rid.go.th ระบบ RID CARE แอพพลิเคชั่น RID Smart Farm ไปรษณีย์อิเล็กทรอนิกส์ หรือยื่นคำร้องโดยตรงที่สำนักชลประทานหรือโครงการชลประทานในพื้นที่ โดยหน่วยงานจะดำเนินการตรวจสอบและแก้ไขปัญหาตามขั้นตอน พร้อมแจ้งผลการดำเนินงานให้ผู้ร้องเรียนทราบ,ศูนย์ดำรงธรรม|1460|RID CARE|RID Smart Farm|ยื่นคำร้อง|ตรวจสอบ|แจ้งผล
27,mandatory,ระบบป้องกันน้ำท่วมในพื้นที่ลุ่มต่ำภาคกลางใช้หลักการอย่างไร,"ระบบป้องกันน้ำท่วมในพื้นที่ลุ่มต่ำภาคกลางใช้หลักการ ""หน่วงเก็บ ระบายเร็ว"" โดยการใช้เขื่อนและอ่างเก็บน้าต้นน้าหน่วงเก็บน้าในช่วงน้าหลาก สร้างคันกั้นน้าและคลองระบายน้าเพื่อกำหนดเส้นทางการไหล ระบบสถานีสูบน้าขนาดใหญ่เพื่อระบายน้าออกสู่ทะเลอย่างรวดเร็ว และการจัดการลำน้าสายหลักให้มีประสิทธิภาพการระบายสูง ร่วมกับระบบพยากรณ์อุทกภัยเพื่อเตือนภัยล่วงหน้าและเตรียมความพร้อมรับมือ",หน่วงเก็บ|ระบายเร็ว|คันกั้นน้ำ|คลองระบาย|สถานีสูบ|พยากรณ์อุทกภัย
28,mandatory,โครงการส่งน้าและบำรุงรักษาตามพระราชดำริมีลักษณะและความสำคัญอย่างไร,โครงการส่งน้าและบำรุงรักษาตามพระราชดำริเป็นโครงการที่กรมชลประทานรับผิดชอบดำเนินการตามพระราชปณิธานในพระบาทสมเด็จพระเจ้าอยู่หัว เน้นการแก้ไขปัญหาขาดแคลนน้าในพื้นที่ห่างไกลและทุรกันดาร โดยการสร้างระบบส่งน้าด้วยเทคโนโลยีที่เหมาะสม การขุดลอกแหล่งน้า การสร้างฝายชะลอน้า และการบำรุงรักษาแหล่งน้าชุมชนให้ใช้งานได้ยาวนาน เป็นการพัฒนาที่ยั่งยืนและสร้างความเข้มแข็งให้กับชุมชนท้องถิ่น,พระราชปณิธาน|พื้นที่ห่างไกล|เทคโนโลยี|ขุดลอก|ฝายชะลอน้ำ|ยั่งยืน|ชุมชน
29,mandatory,โครงการขุดลอกคูคลองเพื่อการเกษตรของกรมชลประทานมีความสำคัญอย่างไร,โครงการขุดลอกคูคลองเป็นโครงการที่สำคัญในการฟื้นฟูและปรับปรุงระบบชลประทานให้มีประสิทธิภาพ ช่วยเพิ่มความสามารถในการกักเก็บและส่งน้ำเพื่อการเกษตร ลดปัญหาการตื้นเขินของคูคลอง ป้องกันน้ำท่วมในฤดูฝน และสร้างแหล่งน้ำสำรองในฤดูแล้ง ทำให้เกษตรกรสามารถทำการเกษตรได้ตลอดปี,ฟื้นฟู|ปรับปรุง|เพิ่มกักเก็บ|ส่งน้ำ|ขุดลอก|ป้องกันน้ำท่วม
30,mandatory,กิจกรรม CSR ด้านสิ่งแวดล้อมของกรมชลประทานมีอะไรบ้าง,กิจกรรม CSR ด้านสิ่งแวดล้อมของกรมชลประทาน ได้แก่ โครงการปลูกป่าและฟื้นฟูป่าต้นน้ำลำธาร การอนุรักษ์แหล่งน้ำธรรมชาติ โครงการลดการใช้พลังงานและใช้พลังงานทดแทน การจัดการขยะและของเสียในหน่วยงาน โครงการส่งเสริมการเกษตรแบบยั่งยืน และการสร้างจิตสำนึกด้านสิ่งแวดล้อมให้แก่บุคลากรและชุมชน,ปลูกป่า|ต้นน้ำ|อนุรักษ์|พลังงานทดแทน|เกษตรยั่งยืน
31,mandatory,ระบบเตือนภัยน้ำท่วมของกรมชลประทานทำงานอย่างไร,ระบบเตือนภัยน้ำท่วมทำงานผ่านการติดตั้งเครื่องมือวัดระดับน้ำและปริมาณน้ำฝนอัตโนมัติ การรับข้อมูลจากดาวเทียม การวิเคราะห์และพยากรณ์อากาศ การส่งข้อมูลแจ้งเตือนผ่านระบบโทรคมนาคม เว็บไซต์ และแอปพลิเคชัน เพื่อให้หน่วยงานที่เกี่ยวข้องและประชาชนได้รับทราบข้อมูลล่วงหน้าและเตรียมความพร้อมรับมือ,วัดระดับน้ำ|ปริมาณฝน|ดาวเทียม|พยากรณ์|แจ้งเตือน|เตรียมพร้อม
32,mandatory,กรมชลประทานมีนโยบายการอนุรักษ์สิ่งแวดล้อมในโครงการพัฒนาแหล่งน้ำอย่างไร,กรมชลประทานมีนโยบายการอนุรักษ์สิ่งแวดล้อมโดยการดำเนินการประเมินผลกระทบสิ่งแวดล้อม (EIA) ก่อนก่อสร้างโครงการทุกแห่ง การปลูกป่าต้นน้ำลำธารเพื่อป้องกันการพังทลายของดิน การจัดทำพื้นที่ชดเชยความหลากหลายทางชีวภาพ การฟื้นฟูระบบนิเวศน์ในอ่างเก็บน้ำ และการมีส่วนร่วมของชุมชนในการดูแลรักษาสิ่งแวดล้อมรอบโครงการ รวมถึงการติดตามตรวจสอบคุณภาพสิ่งแวดล้อมอย่างสม่ำเสมอ,EIA|ปลูกป่าต้นน้ำ|ชีวภาพ|ฟื้นฟูระบบนิเวศ|ชุมชน|ติดตามตรวจสอบ
33,mandatory,หลักเกณฑ์การพิจารณาอนุญาตให้เอกชนใช้ที่ดินของกรมชลประทานมีอะไรบ้าง,กรมชลประทานมีหลักเกณฑ์การอนุญาตให้เอกชนใช้ที่ดิน โดยต้องไม่กระทบต่อการใช้งานชลประทานหลัก ไม่ขัดขวางการไหลของน้ำและการบำรุงรักษา มีการชำระค่าธรรมเนียมตามประกาศกรม ระยะเวลาการอนุญาตไม่เกิน 30 ปี ผู้ขออนุญาตต้องทำประกันภัยหรือมีหลักประกัน มีการตรวจสอบเอกสารสิทธิ์และความถูกต้องของโครงการ และต้องปฏิบัติตามเงื่อนไขที่กรมกำหนด หากฝ่าฝืนจะยกเลิกใบอนุญาต,ค่าธรรมเนียม|30 ปี|ประกันภัย|เอกสารสิทธิ์|เงื่อนไข
34,mandatory,โครงการพัฒนาเกษตรกรรมยั่งยืนของกรมชลประทานมีแนวทางและกิจกรรมหลักอะไรบ้าง,กรมชลประทานดำเนินโครงการพัฒนาเกษตรกรรมยั่งยืนโดยการส่งเสริมการปลูกพืชประหยัดน้ำ ระบบน้ำหยดและสปริงเกลอร์ การจัดตารางการปลูกให้เหมาะสมกับปริมาณน้ำ สนับสนุนการเกษตรอินทรีย์และลดการใช้สารเคมี การจัดตั้งกลุ่มผู้ใช้น้ำเพื่อบริหารจัดการร่วมกัน การให้ความรู้เรื่องการใช้น้ำอย่างมีประสิทธิภาพ และส่งเสริมการปลูกพืชหลากหลายชนิดเพื่อลดความเสี่ยงทางเศรษฐกิจ รวมถึงการพัฒนาแหล่งน้ำขนาดเล็กระดับไร่นา,พืชประหยัดน้ำ|ระบบรดน้ำ|ตารางปลูก|เกษตรอินทรีย์|กลุ่มผู้ใช้น้ำ|พืชหลากหลาย
35,mandatory,กระบวนการขออนุญาตสร้างสิ่งปลูกสร้างในเขตชลประทานมีขั้นตอนและเงื่อนไขอย่างไร,การขออนุญาตสร้างสิ่งปลูกสร้างในเขตชลประทานต้องยื่นคำขอต่อหน่วยงานชลประทานที่รับผิดชอบในพื้นที่ พร้อมเอกสาร ได้แก่ แผนที่แสดงที่ตั้ง แบบแปลนก่อสร้าง หนังสือแสดงสิทธิ์ในที่ดิน และเอกสารประกอบอื่น หน่วยงานจะพิจารณาผลกระทบต่อการไหลของน้ำ ความปลอดภัยของระบบ และประโยชน์ใช้สอยของชลประทาน หากไม่ขัดต่อระเบียบและไม่ก่อให้เกิดความเสียหายต่อระบบจะอนุญาตให้ดำเนินการ โดยผู้ได้รับอนุญาตต้องปฏิบัติตามเงื่อนไขที่กำหนด,ยื่นคำขอ|แผนที่|แบบแปลน|หนังสือสิทธิ์|ผลกระทบน้ำ|ปฏิบัติตามเงื่อนไข
36,mandatory,หลักการจัดตั้งกลุ่มผู้ใช้น้ำในระบบชลประทานมีวัตถุประสงค์และกระบวนการอย่างไร,กลุ่มผู้ใช้น้ำในระบบชลประทานจัดตั้งขึ้นเพื่อให้เกษตรกรมีส่วนร่วมในการบริหารจัดการน้ำ การบำรุงรักษาระบบส่งน้ำ และการจัดสรรน้ำอย่างเป็นธรรม กระบวนการจัดตั้งเริ่มจากการรวมกลุ่มเกษตรกรในพื้นที่เดียวกัน จัดทำข้อตกลงร่วมกัน กำหนดกฎระเบียบการใช้น้ำ เลือกตั้งคณะกรรมการ และจดทะเบียนกับหน่วยงานที่เกี่ยวข้อง กลุ่มผู้ใช้น้ำจะช่วยประสานงานกับเจ้าหน้าที่ชลประทาน แก้ไขปัญหาการใช้น้ำ และสนับสนุนการพัฒนาการเกษตรอย่างยั่งยืน,มีส่วนร่วม|ข้อตกลง|กฎระเบียบ|เลือกตั้งคณะกรรมการ|จดทะเบียน|ประสานงาน
37,mandatory,ทำไมสุโขทัยถึงเกิดน้ำท่วมบ่อยครั้ง?,สุโขทัยเกิดน้ำท่วมบ่อยเนื่องจากลักษณะภูมิประเทศที่เป็นแอ่งกระทะ และแม่น้ำยมซึ่งไหลผ่านจังหวัดไม่มีเขื่อนกักเก็บน้ำขนาดใหญ่ ทำให้ปริมาณน้ำฝนที่สะสมไหลบ่าลงสู่พื้นที่ลุ่มต่ำอย่างรวดเร็ว กรมชลประทานได้ดำเนินการก่อสร้างและปรับปรุงระบบระบายน้ำ รวมถึงขุดลอกคลองเพื่อเพิ่มศักยภาพการระบาย,สุโขทัย|แอ่งกระทะ|แม่น้ำยม|น้ำท่วมบ่อย
38,mandatory,ปีนี้จะเกิดน้ำท่วมหรือภัยแล้งหรือไม่ มีการคาดการณ์อย่างไร?,กรมชลประทานร่วมกับกรมอุตุนิยมวิทยาและสถาบันสารสนเทศทรัพยากรน้ำ (สสน.) ติดตามและคาดการณ์สถานการณ์น้ำล่วงหน้าอย่างต่อเนื่อง โดยอาศัยข้อมูลปริมาณน้ำฝน ระดับน้ำในอ่างเก็บน้ำ และแบบจำลองสภาพอากาศ เพื่อวางแผนการบริหารจัดการน้ำทั้งป้องกันน้ำท่วมและรับมือภัยแล้งในแต่ละปี,ชลประทาน|อุตุนิยมวิทยา|สสน|ติดตาม|คาดการณ์|สถานการณ์น้ำ
39,mandatory,กรมชลประทานจัดการกับการลักลอบใช้น้ำอย่างไร?,กรมชลประทานมีมาตรการป้องปรามการลักลอบใช้น้ำโดยการลาดตระเวนพื้นที่ชลประทาน บังคับใช้กฎหมายตาม พ.ร.บ. การชลประทานหลวง พ.ศ. 2485 ซึ่งกำหนดโทษแก่ผู้ฝ่าฝืน รวมถึงส่งเสริมการมีส่วนร่วมของกลุ่มผู้ใช้น้ำในการดูแลและแจ้งเหตุ,ลาดตระเวน|บังคับใช้กฎหมาย|ชลประทานหลวง|ลักลอบ
40,mandatory,กองทุนชลประทานในประเทศไทยจะเกิดขึ้นได้หรือไม่ และมีแนวคิดอย่างไร?,แนวคิดกองทุนชลประทานเป็นแนวทางที่หลายประเทศใช้เพื่อระดมทุนบำรุงรักษาและพัฒนาโครงสร้างพื้นฐานด้านน้ำ ในประเทศไทยยังอยู่ระหว่างการศึกษาและพัฒนากรอบกฎหมาย โดยต้องพิจารณาความเหมาะสมด้านการจัดเก็บค่าบริการน้ำ ความเป็นธรรมต่อเกษตรกร และกลไกการบริหารจัดการที่โปร่งใส,กองทุนชลประทาน|ระดมทุน|บำรุงรักษา|พัฒนา
41,mandatory,กรมชลประทานมีมาตรการประกันความเสี่ยงด้านปริมาณน้ำสำหรับเขตเศรษฐกิจพิเศษและพื้นที่เกษตรกรรมอย่างไร?,กรมชลประทานบริหารจัดการน้ำเชิงรุกโดยการจัดสรรน้ำตามแผนการใช้น้ำล่วงหน้า กำหนดเกณฑ์การระบายน้ำจากอ่างเก็บน้ำ (Rule Curve) และประสานกับหน่วยงานในพื้นที่เพื่อให้มีน้ำเพียงพอสำหรับภาคเกษตรและอุตสาหกรรม รวมถึงพัฒนาแหล่งน้ำสำรองเพื่อรองรับความต้องการในช่วงฤดูแล้ง,จัดสรรน้ำ|แผนล่วงหน้า|เกณฑ์|บริหารเชิงรุก
42,mandatory,เหตุใดเมื่อฝนตกหนักจึงระบายน้ำไม่ทัน ทั้งที่มีอุโมงค์และคลองระบายน้ำ?,ปัญหาการระบายน้ำไม่ทันเกิดจากหลายปัจจัยร่วมกัน ได้แก่ ปริมาณฝนที่เกินขีดความสามารถของระบบ การตื้นเขินของคลองระบาย สิ่งกีดขวางในคลอง และข้อจำกัดด้านการประสานงานระหว่างหน่วยงาน กรมชลประทานดำเนินการขุดลอก ปรับปรุงประตูระบายน้ำ และพัฒนาระบบสูบน้ำเพื่อเพิ่มประสิทธิภาพการระบาย,ระบายน้ำ|ปริมาณฝน|ขีดความสามารถ|ปัจจัย|ปัญหา
43,mandatory,งบประมาณซ่อมบำรุงอาคารชลประทานเก่ามีเพียงพอหรือไม่ และมีแผนปรับปรุงอย่างไร?,กรมชลประทานจัดทำแผนบำรุงรักษาโครงสร้างชลประทานประจำปี โดยจัดลำดับความสำคัญตามความเสี่ยงและอายุการใช้งาน งบประมาณที่ได้รับมักมีข้อจำกัด จึงต้องบูรณาการกับงบลงทุนระยะยาวและงบกลางฉุกเฉิน ทั้งนี้มีแผนพัฒนาระบบติดตามสภาพโครงสร้างด้วยเทคโนโลยีเพื่อเพิ่มประสิทธิภาพการบำรุงรักษา,แผนบำรุงรักษา|ลำดับความสำคัญ|โครงสร้างชลประทาน|ประจำปี
44,mandatory,จะเกิดน้ำท่วมใหญ่แบบปี 2554 อีกหรือไม่?,อุทกภัยปี 2554 เป็นเหตุการณ์รุนแรงที่เกิดจากปัจจัยสะสมหลายด้าน ปัจจุบันกรมชลประทานได้ปรับปรุงระบบบริหารจัดการน้ำ พัฒนาแบบจำลองคาดการณ์น้ำท่วม เพิ่มพื้นที่รับน้ำนอง และปรับปรุงเกณฑ์ควบคุมการระบายน้ำจากเขื่อน เพื่อลดความเสี่ยงเหตุการณ์ซ้ำ อย่างไรก็ตามปัจจัยสภาพภูมิอากาศยังคงเป็นความท้าทายที่ต้องติดตาม,อุทกภัย|2554|ปัจจัยสะสม|แก้ไขปัจจุบัน
45,mandatory,กรุงเทพฯ มีความเสี่ยงน้ำท่วมในอนาคตหรือไม่ และกรมชลประทานจะรับมืออย่างไร?,กรุงเทพฯ มีความเสี่ยงน้ำท่วมจากหลายปัจจัย ได้แก่ การทรุดตัวของแผ่นดิน ระดับน้ำทะเลที่สูงขึ้น และปริมาณน้ำฝนที่อาจรุนแรงขึ้นจากการเปลี่ยนแปลงสภาพภูมิอากาศ กรมชลประทานร่วมกับกรุงเทพมหานครและหน่วยงานที่เกี่ยวข้องวางแผนบริหารจัดการน้ำในลุ่มน้ำเจ้าพระยาตอนล่าง พัฒนาแก้มลิง และปรับปรุงระบบระบายน้ำ,กรุงเทพฯ|ความเสี่ยง|ทรุดตัว|ระดับน้ำทะเล|น้ำท่วม
46,mandatory,ระบบบริหารจัดการเมื่อเกิดอุทกภัยมีหน่วยงานใดเป็นผู้รับผิดชอบหลัก?,การบริหารจัดการอุทกภัยเป็นงานบูรณาการหลายหน่วยงาน โดยกรมชลประทานรับผิดชอบการบริหารน้ำในระบบชลประทานและเขื่อน กรมป้องกันและบรรเทาสาธารณภัย (ปภ.) ประสานการอพยพและช่วยเหลือผู้ประสบภัย และกองอำนวยการน้ำแห่งชาติ (กอนช.) ทำหน้าที่บูรณาการและสั่งการในภาพรวม,บูรณาการ|หลายหน่วยงาน|อพยพ|ช่วยเหลือ|กอนช|สั่งการ
47,mandatory,การผันน้ำไปพื้นที่ทุ่งรับน้ำช่วยบรรเทาน้ำท่วมได้มากน้อยเพียงใด?,ทุ่งรับน้ำหรือแก้มลิงเป็นมาตรการสำคัญในการชะลอและรองรับปริมาณน้ำส่วนเกินจากระบบลำน้ำ ช่วยลดความรุนแรงของน้ำท่วมในพื้นที่ปลายน้ำได้อย่างมีนัยสำคัญ กรมชลประทานบริหารพื้นที่รับน้ำนองทั้งแบบถาวรและชั่วคราว โดยประสานกับเกษตรกรในพื้นที่ผ่านการจ่ายค่าชดเชยที่เหมาะสม,ทุ่งรับน้ำ|แก้มลิง|ชะลอน้ำ|น้ำส่วนเกิน
48,mandatory,กรมชลประทานมีนวัตกรรมหรือเทคโนโลยีใหม่ในการป้องกันและแก้ปัญหาน้ำท่วมอย่างไร?,กรมชลประทานนำเทคโนโลยีสมัยใหม่มาใช้ เช่น แบบจำลองคาดการณ์น้ำท่วม (Flood Forecasting Model) ระบบเซ็นเซอร์วัดระดับน้ำแบบ Real-time การใช้โดรนสำรวจสภาพลำน้ำ และระบบ SCADA ควบคุมประตูระบายน้ำอัตโนมัติ เพื่อเพิ่มความแม่นยำและรวดเร็วในการบริหารจัดการ,Flood Forecast|แบบจำลอง|คาดการณ์|เทคโนโลยีสมัยใหม่
49,mandatory,ทำไมกรมชลประทานมีอายุ 123 ปีแล้ว แต่ปัญหาน้ำท่วมยังคงเกิดขึ้น?,ปัญหาน้ำท่วมเป็นปรากฏการณ์ธรรมชาติที่ซับซ้อนและมีตัวแปรมาก ตลอด 123 ปีกรมชลประทานได้พัฒนาโครงสร้างพื้นฐานด้านน้ำอย่างต่อเนื่อง ช่วยลดความถี่และความรุนแรงของน้ำท่วมในหลายพื้นที่ อย่างไรก็ตามการขยายตัวของเมือง การเปลี่ยนแปลงสภาพภูมิอากาศ และข้อจำกัดด้านงบประมาณ ทำให้ยังคงมีความท้าทายที่ต้องแก้ไขอย่างต่อเนื่อง,ซับซ้อน|ตัวแปร|123 ปี|ชลประทาน|น้ำท่วม
50,mandatory,กรมชลประทานประสานงานกับกรมอุตุนิยมวิทยาอย่างไร และควรปรับปรุงอะไรบ้าง?,กรมชลประทานและกรมอุตุนิยมวิทยาร่วมกันแลกเปลี่ยนข้อมูลปริมาณฝนและสภาพอากาศเพื่อการพยากรณ์น้ำ มีการประชุมหารือร่วมกันในช่วงฤดูน้ำหลากและภาวะฉุกเฉิน แนวทางปรับปรุงที่สำคัญ ได้แก่ การยกระดับการแบ่งปันข้อมูล Real-time และการพัฒนาแบบจำลองร่วมกันเพื่อเพิ่มความแม่นยำในการพยากรณ์,ข้อมูลฝน|สภาพอากาศ|ชลประทาน|อุตุนิยมวิทยา|ร่วมมือ
51,mandatory,ทำไมแม่น้ำยมถึงไม่มีเขื่อนกักเก็บน้ำขนาดใหญ่?,การสร้างเขื่อนบนแม่น้ำยมมีการศึกษาและถกเถียงมายาวนาน สาเหตุที่ยังไม่มีเขื่อนขนาดใหญ่เกิดจากข้อจำกัดด้านภูมิประเทศ ผลกระทบต่อระบบนิเวศ การตั้งถิ่นฐานของประชาชนในพื้นที่ และการต่อต้านจากชุมชนในพื้นที่ กรมชลประทานยังคงศึกษาแนวทางแก้ปัญหาน้ำท่วม-แล้งในลุ่มน้ำยมด้วยวิธีอื่น เช่น อ่างเก็บน้ำขนาดกลาง และระบบผันน้ำ,เขื่อนแม่น้ำยม|ถกเถียง|ไม่มีเขื่อน|สาเหตุ
52,mandatory,ประเทศไทยยังแก้ปัญหาน้ำท่วมไม่ได้เพราะอะไร?,ปัญหาน้ำท่วมในไทยมีสาเหตุซับซ้อนหลายมิติ ทั้งปัจจัยธรรมชาติ เช่น ปริมาณฝนที่มากและไม่สม่ำเสมอ ลักษณะภูมิประเทศที่ลุ่มต่ำ และปัจจัยมนุษย์ เช่น การบุกรุกทางน้ำ การขยายตัวของเมือง และข้อจำกัดด้านงบประมาณ กรมชลประทานดำเนินการแก้ไขอย่างต่อเนื่องแต่ต้องใช้เวลาและการบูรณาการจากทุกภาคส่วน,น้ำท่วมไทย|ปัจจัยธรรมชาติ|ฝนมาก|ซับซ้อน
53,mandatory,เขื่อนในประเทศไทยมีความปลอดภัยในการรับน้ำปริมาณสูงมากเพียงใด?,"กรมชลประทานกำหนดให้มีการตรวจสอบความปลอดภัยเขื่อนอย่างสม่ำเสมอตามมาตรฐานสากล โดยทุกเขื่อนมีแผนรองรับเหตุฉุกเฉิน (EAP) และออกแบบให้รองรับปริมาณน้ำสูงสุดในรอบ 100-10,000 ปี (Probable Maximum Flood) ขึ้นอยู่กับขนาดและความสำคัญของเขื่อน",ตรวจสอบความปลอดภัย|มาตรฐานสากล|เขื่อน|สม่ำเสมอ
54,mandatory,ระบบเตือนภัยน้ำท่วมสามารถปรับให้ทันต่อสถานการณ์ได้อย่างไร?,กรมชลประทานพัฒนาระบบเตือนภัยล่วงหน้าโดยใช้สถานีวัดน้ำฝนและระดับน้ำอัตโนมัติ ส่งข้อมูล Real-time ผ่าน SMS แอปพลิเคชัน และระบบกระจายเสียง เพื่อแจ้งเตือนประชาชนและท้องถิ่นล่วงหน้าอย่างน้อย 24-72 ชั่วโมง รวมถึงพัฒนาต่อเนื่องให้ครอบคลุมพื้นที่เสี่ยงมากขึ้น,เตือนภัยล่วงหน้า|สถานีวัดน้ำ|อัตโนมัติ|ส่งข้อมูล
55,mandatory,ประเทศไทยมีระบบวัดระดับความสูงของพื้นดินเทียบกับระดับน้ำทะเลครอบคลุมทั่วประเทศหรือไม่?,กรมแผนที่ทหารและกรมที่ดินมีข้อมูลระดับความสูงพื้นดินครอบคลุมทั่วประเทศ โดยกรมชลประทานนำข้อมูล DEM (Digital Elevation Model) มาใช้ในการวิเคราะห์เส้นทางน้ำ จุดเสี่ยงน้ำท่วม และวางแผนโครงการชลประทาน ปัจจุบันมีการนำข้อมูล LiDAR ความละเอียดสูงมาใช้เพิ่มเติมในพื้นที่สำคัญ,กรมแผนที่ทหาร|กรมที่ดิน|ระดับความสูง|ชลประทาน
56,mandatory,การบริหารจัดการน้ำในลุ่มน้ำเจ้าพระยามีแนวทางอย่างไร?,กรมชลประทานบริหารจัดการน้ำในลุ่มน้ำเจ้าพระยาผ่านการควบคุมการระบายน้ำจากเขื่อนภูมิพลและเขื่อนสิริกิติ์ ร่วมกับเขื่อนเจ้าพระยาและเขื่อนพระรามหก เพื่อสมดุลระหว่างการเก็บน้ำไว้ใช้ในฤดูแล้งและการระบายน้ำในฤดูน้ำหลาก โดยใช้แบบจำลองลุ่มน้ำและข้อมูล Real-time ประกอบการตัดสินใจ,ลุ่มน้ำเจ้าพระยา|เขื่อนภูมิพล|ควบคุมระบาย|บริหารน้ำ
57,mandatory,สถานการณ์น้ำท่วมที่หาดใหญ่มีสาเหตุและแนวทางแก้ไขอย่างไร?,น้ำท่วมหาดใหญ่มีสาเหตุหลักจากปริมาณฝนที่ตกหนักในพื้นที่ต้นน้ำบนเทือกเขา ประกอบกับข้อจำกัดในการระบายน้ำลงสู่ทะเลสาบสงขลา แนวทางแก้ไขที่ดำเนินการ ได้แก่ การก่อสร้างอุโมงค์ระบายน้ำ การขุดลอกคลอง และการพัฒนาพื้นที่รับน้ำ เพื่อเพิ่มศักยภาพการระบายน้ำออกจากพื้นที่เมือง,หาดใหญ่|ฝนหนัก|ต้นน้ำ|เทือกเขา|น้ำท่วม
58,mandatory,กรมชลประทานวางแผนป้องกันและบรรเทาทั้งน้ำท่วมและภัยแล้งอย่างไร?,กรมชลประทานจัดทำแผนบริหารจัดการน้ำรายปีที่ครอบคลุมทั้งสองภัย โดยในฤดูฝนเน้นการบริหารปริมาณน้ำในอ่างเก็บน้ำให้ไม่ล้นตลิ่งและระบายน้ำได้ทัน ในฤดูแล้งเน้นการสำรองน้ำและจัดสรรน้ำอย่างประหยัด รวมถึงพัฒนาแหล่งน้ำใหม่และขยายพื้นที่ชลประทานเพื่อเพิ่มความมั่นคงด้านน้ำในระยะยาว,แผนรายปี|ฤดูฝน|ฤดูแล้ง|ป้องกันอุทกภัย|จัดการน้ำ
59,mandatory,ควรประชาสัมพันธ์การบริหารจัดการน้ำให้ประชาชนรับรู้มากขึ้นอย่างไร?,กรมชลประทานสามารถเพิ่มการประชาสัมพันธ์ผ่านช่องทางดิจิทัล เช่น เว็บไซต์ แอปพลิเคชัน และโซเชียลมีเดีย รวมถึงการจัดกิจกรรมชุมชนให้ความรู้ด้านการบริหารจัดการน้ำ เผยแพร่ข้อมูลสถานการณ์น้ำแบบ Real-time และสร้างการมีส่วนร่วมของประชาชนในการติดตามและรายงานสถานการณ์น้ำในพื้นที่,ประชาสัมพันธ์|ดิจิทัล|เว็บไซต์|แอปพลิเคชัน|ชลประทาน
60,mandatory,ประชาชนสามารถขอใช้บริการน้ำชลประทานได้อย่างไรและมีเงื่อนไขใดบ้าง,ประชาชนสามารถขอใช้บริการน้ำชลประทานได้โดยการยื่นคำร้องขอใช้น้ำต่อสำนักงานชลประทานในพื้นที่ พร้อมแสดงหลักฐานกรรมสิทธิ์ที่ดินหรือสิทธิการเช่า แผนที่แสดงพื้นที่เพาะปลูก และเอกสารประกอบการขอใช้น้ำ ทั้งนี้ต้องอยู่ในพื้นที่โครงการชลประทานหรือพื้นที่ที่มีการจ่ายน้ำ การใช้น้ำต้องเป็นไปตามกฎหมายและระเบียบที่กำหนด มีการจ่ายค่าธรรมเนียมการใช้น้ำตามอัตราที่กำหนด และปฏิบัติตามหลักเกณฑ์การใช้น้ำอย่างมีประสิทธิภาพ,ประชาชน|ขอใช้|บริการน้ำชลประทาน||ยื่นคำร้องขอ|สำนักงานชลประทาน
61,mandatory,ระบบการออกใบอนุญาตเจาะบ่อบาดาลในเขตชลประทานมีขั้นตอนและเงื่อนไขอย่างไร,การออกใบอนุญาตเจาะบ่อบาดาลในเขตชลประทานต้องยื่นคำขอต่อสำนักงานชลประทานจังหวัดที่เกี่ยวข้อง โดยแนบแผนที่แสดงตำแหน่งและรายละเอียดการก่อสร้าง เอกสารสิทธิ์ที่ดิน รายงานการสำรวจน้ำบาดาล และแผนการใช้น้ำ เงื่อนไขสำคัญคือต้องไม่กระทบต่อระบบชลประทานที่มีอยู่ ไม่ทำให้เกิดการทรุดตัวของดิน มีระยะห่างที่เหมาะสมจากบ่อบาดาลอื่น และปริมาณการสูบน้ำต้องอยู่ในขีดจำกัดที่กำหนด กระบวนการอนุมัติใช้เวลาประมาณ 30-60 วัน,ใบอนุญาต|บ่อบาดาล|เขตชลประทาน|สำนักงานจังหวัด
62,mandatory,การประเมินผลกระทบสิ่งแวดล้อม (EIA) สำหรับโครงการชลประทานขนาดใหญ่มีกระบวนการอย่างไร,การประเมินผลกระทบสิ่งแวดล้อมสำหรับโครงการชลประทานขนาดใหญ่เริ่มจากการศึกษาสภาพแวดล้อมเดิม การระบุผลกระทบที่อาจเกิดขึ้นต่อดิน น้ำ อากาศ สัตว์ป่า พืชพรรณ และชุมชน การประชุมรับฟังความคิดเห็นจากประชาชนและผู้มีส่วนได้เสีย การจัดทำมาตรการป้องกันและแก้ไขผลกระทบ การเสนอรายงาน EIA ต่อสำนักงานนโยบายและแผนทรัพยากรธรรมชาติและสิ่งแวดล้อม และการติดตามผลหลังการดำเนินโครงการ กระบวนการนี้ใช้เวลาประมาณ 1-2 ปี และต้องมีการปรับปรุงแผนงานตามข้อเสนอแนะ,EIA|ขนาดใหญ่|สภาพแวดล้อม|ผลกระทบ|กระบวนการ
63,mandatory,ระบบการเก็บค่าธรรมเนียมการใช้น้ำชลประทานมีกลไกการตรวจสอบและยื่นอุทธรณ์อย่างไร,ระบบการเก็บค่าธรรมเนียมการใช้น้ำชลประทานมีกลไกตรวจสอบโดยการออกหนังสือแจ้งการประเมินค่าธรรมเนียมล่วงหน้า การตรวจสอบพื้นที่เพาะปลูกจริงด้วยเจ้าหน้าที่และเทคโนโลยีดาวเทียม มีช่องทางให้เกษตรกรตรวจสอบข้อมูลและแจ้งข้อผิดพลาด สำหรับการอุทธรณ์สามารถยื่นต่อหัวหน้าสำนักงานชลประทานจังหวัดภายใน 30 วัน พร้อมเอกสารหลักฐาน จะมีการตรวจสอบข้อเท็จจริงและออกคำสั่งภายใน 60 วัน หากไม่พอใจสามารถอุทธรณ์ต่อกรมชลประทานหรือศาลปกครองได้,ค่าธรรมเนียม|แจ้ง|ตรวจสอบ|กลไก|ชำระ
64,mandatory,กระบวนการขออนุญาตใช้น้ำชลประทานเพื่อการอุตสาหกรรมมีขั้นตอนและเงื่อนไขสำคัญอะไรบ้าง,กระบวนการขออนุญาตใช้น้ำชลประทานเพื่อการอุตสาหกรรมมีขั้นตอนเริ่มจากการยื่นคำร้องพร้อมเอกสารประกอบ การสำรวจและประเมินความเป็นไปได้ของพื้นที่ การประเมินผลกระทบต่อเกษตรกรในพื้นที่ การกำหนดปริมาณน้ำและเงื่อนไขการใช้น้ำ การจัดทำรายงานการประเมินผลกระทบสิ่งแวดล้อม การขอความเห็นชอบจากชุมชนและหน่วยงานที่เกี่ยวข้อง การกำหนดค่าธรรมเนียมและข้อตกลงใช้น้ำ และการติดตามตรวจสอบการใช้น้ำอย่างต่อเนื่อง,ขออนุญาต|อุตสาหกรรม|คำร้อง|ชลประทาน
65,mandatory,กรมชลประทานดำเนินการสร้างฝายชะลอน้ำเพื่อแก้ปัญหาใดและมีผลกระทบอย่างไร,กรมชลประทานสร้างฝายชะลอน้ำเพื่อแก้ปัญหาการไหลบ่าของน้ำฝนที่รุนแรงจากพื้นที่ภูเขาสู่ที่ราบลุ่ม ช่วยลดความเร็วกระแสน้ำ กักเก็บน้ำไว้ใช้ในฤดูแล้ง ป้องกันการชะล้างหน้าดิน และเติมน้ำลงสู่ชั้นน้ำใต้ดิน ผลกระทบเชิงบวกคือช่วยลดความรุนแรงของน้ำท่วมฉับพลัน เพิ่มความชุ่มชื้นของดิน ฟื้นฟูระบบนิเวศลำธาร และสร้างแหล่งน้ำสำหรับชุมชนในท้องถิ่น อย่างไรก็ตามต้องคำนึงถึงผลกระทบต่อการเคลื่อนที่ของสัตว์น้ำและการเปลี่ยนแปลงสภาพแวดล้อมในพื้นที่โดยรอบ,ฝายชะลอน้ำ|ภูเขา|น้ำไหลบ่า|ป้องกัน
66,mandatory,การฝึกอบรมและพัฒนาความรู้ด้านชลประทานสำหรับเกษตรกรมีรูปแบบและเนื้อหาอย่างไร,กรมชลประทานจัดการฝึกอบรมเกษตรกรผ่านศูนย์ฝึกอบรมชลประทานในระดับภาคและจังหวัด โดยมีเนื้อหาครอบคลุมเทคนิคการใช้น้ำอย่างมีประสิทธิภาพ การจัดการน้ำในแปลงเกษตร ระบบชลประทานขนาดเล็ก การบำรุงรักษาระบบส่งน้ำ การปลูกพืชตามฤดูกาลและปริมาณน้ำ และเทคโนโลยีการประหยัดน้ำ รูปแบบการฝึกอบรมมีทั้งการบรรยาย การสาธิต การฝึกปฏิบัติในไร่นาสาธิต การศึกษาดูงาน และการให้คำปรึกษาเชิงเทคนิค รวมถึงการสร้างเครือข่ายเกษตรกรต้นแบบเพื่อถ่ายทอดความรู้สู่เกษตรกรคนอื่นๆ ในพื้นที่,ฝึกอบรม|เกษตรกร|ศูนย์|ภาค|จังหวัด
67,mandatory,กรมชลประทานมีแนวทางการป้องกันและแก้ไขปัญหาน้ำเค็มรุกในพื้นที่ชลประทานอย่างไร,กรมชลประทานป้องกันน้ำเค็มรุกโดยสร้างประตูน้ำและฝายกั้นน้าเค็มในแม่น้ำและคลองสาขา บริหารจัดการการระบายน้ำจืดจากเขื่อนเพื่อผลักดันน้ำเค็ม ขุดลอกร่องน้ำลึกและปรับปรุงระบบระบายน้ำ สร้างอ่างเก็บน้ำจืดในพื้นที่เสี่ยง ส่งเสริมการใช้พันธุ์พืชที่ทนเค็ม พัฒนาระบบชลประทานที่ป้องกันการซึมผสมของน้ำเค็ม จัดทำแผนที่พื้นที่เสี่ยงการรุกของน้ำเค็ม และติดตั้งระบบเตือนภัยเพื่อแจ้งเกษตรกรเมื่อระดับความเค็มสูง รวมทั้งวิจัยพัฒนาเทคโนโลยีการกำจัดเกลือในดินและการใช้น้ำเค็มในการเกษตรแบบควบคุม,น้ำเค็ม|ประตูน้ำ|ฝาย|แม่น้ำ|คลอง|ป้องกัน
68,mandatory,กรมชลประทานมีการจัดตั้งอาคารชลประทานประเภทใดบ้าง และแต่ละประเภทมีวัตถุประสงค์ใช้งานอย่างไร,กรมชลประทานจัดตั้งอาคารชลประทานหลายประเภท ได้แก่ เขื่อนและอ่างเก็บน้ำสำหรับกักเก็บน้ำและผลิตไฟฟ้า ฝายและประตูน้ำสำหรับควบคุมระดับน้ำและการไหล คลองและท่อส่งน้ำสำหรับขนส่งน้ำไปยังพื้นที่เป้าหมาย สถานีสูบน้ำสำหรับยกน้ำขึ้นสู่พื้นที่สูง และระบบระบายน้ำสำหรับป้องกันน้ำท่วม แต่ละประเภทออกแบบตามวัตถุประสงค์เฉพาะเพื่อรองรับการใช้น้ำทางการเกษตร อุปโภค บริโภค และอุตสาหกรรม,เขื่อน|อ่างเก็บน้ำ|ฝาย|ประตูน้ำ|ระบบส่งน้ำ|คลอง
69,mandatory,การจัดหาแหล่งน้ำใหม่ในพื้นที่ที่ขาดแคลนน้ำ กรมชลประทานใช้วิธีการและเทคนิคใดบ้าง,กรมชลประทานใช้วิธีการหลากหลายในการจัดหาแหล่งน้ำใหม่ ประกอบด้วย การสร้างอ่างเก็บน้ำขนาดเล็กและฝายชะลอน้ำในพื้นที่ต้นน้ำ การขุดสระเก็บน้ำฝนและบ่อบาดาล การโอนน้ำข้ามลุ่มน้ำและการสร้างอุโมงค์ส่งน้ำ การนำน้ำเสียที่ผ่านการบำบัดกลับมาใช้ใหม่ การใช้เทคโนโลยีการปรับปรุงฝนเทียมและการเก็บน้ำใต้ดิน รวมถึงการประยุกต์ใช้เทคโนโลยีใหม่ เช่น การกำจัดเกลือจากน้ำทะเลและการรีไซเคิลน้ำ,อ่างเก็บน้ำ|ขุดลอก|น้ำใต้ดิน|ฝน|จัดหาน้ำ
70,mandatory,กระบวนการขออนุมัติโครงการชลประทานใหม่จากกรมชลประทานมีขั้นตอนและระยะเวลาดำเนินการอย่างไร,กระบวนการขออนุมัติโครงการชลประทานใหม่เริ่มจากการยื่นคำขอพร้อมศึกษาความเป็นไปได้เบื้องต้น การสำรวจและประเมินผลกระทบสิ่งแวดล้อมและชุมชน การจัดประชาคมและรับฟังความคิดเห็นประชาชน การจัดทำแบบและประมาณการรายละเอียด การเสนอขออนุมัติงบประมาณจากรัฐบาลและรัฐสภา การจัดซื้อจัดจ้างตามระเบียบพัสดุ และการก่อสร้างพร้อมติดตามประเมินผล ระยะเวลารวมตั้งแต่เสนอโครงการจนเสร็จสิ้นใช้เวลาประมาณ 5-10 ปี ขึ้นอยู่กับขนาดและความซับซ้อน,ขออนุมัติ|ความเป็นไปได้|ผลกระทบ|งบประมาณ|คณะรัฐมนตรี
71,mandatory,ระบบการรายงานและแจ้งเหตุฉุกเฉินในเขตโครงการชลประทาน ประชาชนสามารถติดต่อได้ผ่านช่องทางใดบ้าง,ประชาชนสามารถแจ้งเหตุฉุกเฉินในเขตชลประทานได้หลายช่องทาง ได้แก่ สายด่วนกรมชลประทาน 1460 ที่ให้บริการ 24 ชั่วโมง แอปพลิเคชัน RID Connect สำหรับแจ้งเหตุพร้อมพิกัด เว็บไซต์ www.rid.go.th ส่วนแจ้งเหตุออนไลน์ เฟซบุ๊กและไลน์ของแต่ละสำนักชลประทาน การติดต่อสำนักงานชลประทานในพื้นที่โดยตรง วิทยุสื่อสารของหมู่บ้านที่เชื่อมกับศูนย์ควบคุม และการแจ้งผ่านผู้นำชุมชนและกำนันผู้ใหญ่บ้าน ระบบจะส่งต่อไปยังหน่วยปฏิบัติการที่รับผิดชอบในพื้นที่นั้นๆ,แจ้งเหตุฉุกเฉิน|สายด่วน|เฟซบุ๊ก|ไลน์|ออนไลน์
72,mandatory,การพิจารณาอนุมัติการสร้างสะพานหรือทางข้ามคลองชลประทานมีหลักเกณฑ์และเงื่อนไขอย่างไร,การพิจารณาอนุมัติการสร้างสะพานหรือทางข้ามคลองชลประทานต้องยื่นคำขอต่อสำนักงานชลประทานในพื้นที่พร้อมแบบแปลนการก่อสร้าง โดยต้องไม่กระทบต่อการไหลของน้ำและการบำรุงรักษาคลอง มีความสูงของสะพานให้เรือโดยสารและเครื่องจักรบำรุงรักษาผ่านได้ ใช้วัสดุที่มีความแข็งแรงและทนทานตามมาตรฐานวิศวกรรม มีการออกแบบระบบระบายน้ำและป้องกันการพังทลาย ผู้ขออนุญาตต้องรับผิดชอบค่าใช้จ่ายในการก่อสร้างและบำรุงรักษาทั้งหมด และต้องมีการตรวจสอบและรับรองโดยวิศวกรผู้ออกแบบ,สะพาน|ทางข้าม|คลองชลประทาน|ขออนุญาต|ยื่นคำขอ
73,mandatory,กรมชลประทานมีบทบาทในการจัดการปัญหาการเปลี่ยนแปลงสภาพภูมิอากาศที่ส่งผลต่อรูปแบบฝนและแล้งอย่างไร,กรมชลประทานมีบทบาทสำคัญในการปรับตัวรับมือกับการเปลี่ยนแปลงสภาพภูมิอากาศผ่านการพัฒนาระบบคาดการณ์และเตือนภัยล่วงหน้า การปรับปรุงแผนการจัดสรรน้ำให้มีความยืดหยุ่นมากขึ้น การสร้างโครงสร้างพื้นฐานที่สามารถรองรับความผันผวนของสภาพอากาศ เช่น อ่างเก็บน้ำขนาดเล็กหลายแห่ง ระบบส่งน้ำที่มีประสิทธิภาพสูง และการส่งเสริมเทคนิคการเกษตรที่ใช้น้ำอย่างประหยัด รวมถึงการพัฒนาเทคโนโลยีการจัดเก็บน้ำฝนและการใช้น้ำหมุนเวียนเพื่อลดผลกระทบจากภัยแล้งและอุทกภัยที่รุนแรงขึ้น,สภาพภูมิอากาศ|ปรับตัว|พัฒนา|ชลประทาน|ยั่งยืน
74,mandatory,กรมชลประทานมีหน่วยงานระดับภูมิภาคที่เรียกว่าอะไร และแบ่งออกเป็นกี่แห่งทั่วประเทศ,"กรมชลประทานมีหน่วยงานระดับภูมิภาคที่เรียกว่า ""สำนักชลประทาน"" ซึ่งแบ่งออกเป็น 17 สำนักชลประทาน กระจายอยู่ทั่วประเทศไทย โดยแต่ละสำนักมีหน้าที่รับผิดชอบพื้นที่หลายจังหวัดในภูมิภาคของตน ทำหน้าที่บริหารจัดการระบบชลประทาน ดูแลอาคารชลประทาน และให้บริการน้ำชลประทานแก่เกษตรกรและผู้ใช้น้ำในเขตพื้นที่รับผิดชอบ",สำนักชลประทาน|17 แห่ง|ภูมิภาค|รับผิดชอบ
75,mandatory,พระราชบัญญัติการใช้น้ำชลประทาน พ.ศ. 2482 กำหนดสิทธิและหน้าที่ของเกษตรกรผู้ใช้น้ำชลประทานไว้อย่างไร,พระราชบัญญัติการใช้น้ำชลประทาน พ.ศ. 2482 กำหนดให้เกษตรกรมีสิทธิ์ได้รับน้ำชลประทานสำหรับการเกษตรตามลำดับความสำคัญและความจำเป็น โดยต้องปฏิบัติตามกฎเกณฑ์การใช้น้ำ ชำระค่าธรรมเนียมตามที่กำหนด ร่วมมือในการบำรุงรักษาระบบส่งน้ำ และไม่กระทำการใดๆ ที่เป็นอันตรายต่อระบบชลประทาน พร้อมทั้งต้องใช้น้ำอย่างประหยัดและมีประสิทธิภาพ,พ.ร.บ.2482|สิทธิ์เกษตรกร|น้ำชลประทาน|ลำดับ
76,mandatory,ประชาชนสามารถเข้าถึงบริการดิจิทัลของกรมชลประทานได้ผ่านแพลตฟอร์มหรือระบบออนไลน์ใดบ้าง,ประชาชนสามารถเข้าถึงบริการดิจิทัลของกรมชลประทานได้ผ่านเว็บไซต์ www.rid.go.th ระบบ e-Service สำหรับยื่นคำร้องออนไลน์ แอปพลิเคชัน RID Mobile App สำหรับติดตามสถานการณ์น้ำ ระบบ RIDWAY สำหรับข้อมูลน้ำฝนและอุทกวิทยา ช่อง YouTube กรมชลประทาน เพจ Facebook และ LINE Official Account @RoyalIrrigationDepartment สำหรับรับข้อมูลข่าวสารและแจ้งเตือนต่างๆ,เว็บไซต์|e-Service|RID Mobile App|บริการดิจิทัล
77,mandatory,เขื่อนสิรินธรหรือเขื่อนอุบลรัตน์มีความสำคัญต่อการพัฒนาภาคตะวันออกเฉียงเหนืออย่างไร,เขื่อนสิรินธรหรือเขื่อนอุบลรัตน์เป็นเขื่อนหินถมที่ใหญ่ที่สุดในประเทศไทย สร้างขวางแม่น้ำมูลในจังหวัดอุบลราชธานี มีบทบาทสำคัญในการควบคุมน้ำท่วมในพื้นที่ลุ่มแม่น้ำมูล จัดเก็บน้ำเพื่อการเกษตรในฤดูแล้ง ผลิตไฟฟ้าพลังน้ำ และเป็นแหล่งประมงน้ำจืดที่สำคัญ ช่วยพัฒนาเศรษฐกิจและการท่องเที่ยวในภาคตะวันออกเฉียงเหนือ รวมถึงสนับสนุนการอุปโภคบริโภคของประชาชนในพื้นที่,เขื่อนสิรินธร|อุบลรัตน์|หินถม|ใหญ่สุด
78,mandatory,ประชาชนมีสิทธิ์ในการเข้าถึงและตรวจสอบข้อมูลสาธารณะเกี่ยวกับโครงการชลประทานตามพระราชบัญญัติข้อมูลข่าวสารของราชการอย่างไร,ตามพระราชบัญญัติข้อมูลข่าวสารของราชการ พ.ศ. 2540 ประชาชนมีสิทธิ์ในการขอรับข้อมูลข่าวสารเกี่ยวกับโครงการชลประทาน เช่น รายงานการศึกษาความเป็นไปได้ แบบแปลนการก่อสร้าง งบประมาณ ผลกระทบสิ่งแวดล้อม และความคืบหน้าการดำเนินงาน โดยสามารถยื่นคำขอผ่านเจ้าหน้าที่ข้อมูลข่าวสารของกรมชลประทาน หรือสำนักชลประทานในพื้นที่ ซึ่งหน่วยงานต้องให้ข้อมูลภายในกรอบเวลาที่กฎหมายกำหนด,พ.ร.บ.ข้อมูลข่าวสาร|2540|สิทธิ์|ขอข้อมูล|ชลประทาน
79,mandatory,การคิดค่าธรรมเนียมน้ำชลประทานในประเทศไทยใช้หลักการใดและมีการปรับปรุงอัตราครั้งล่าสุดเมื่อใด,การคิดค่าธรรมเนียมน้ำชลประทานใช้หลักการคิดตามพื้นที่เพาะปลูกจริงและปริมาณน้ำที่ใช้ โดยแบ่งตามประเภทพืช ฤดูกาล และลักษณะการใช้น้ำ อัตราค่าธรรมเนียมปัจจุบันยังคงอยู่ในระดับต่ำเพื่อสนับสนุนเกษตรกร โดยมีการปรับปรุงครั้งล่าสุดตามประกาศกรมชลประทานและได้รับการพิจารณาทบทวนอย่างสม่ำเสมอเพื่อให้สอดคล้องกับสภาวะเศรษฐกิจและต้นทุนการดำเนินงาน รวมถึงความสามารถในการชำระของเกษตรกร,ค่าธรรมเนียมน้ำ|พื้นที่จริง|ปริมาณน้ำ|หลักการ
80,mandatory,การขออนุญาตทำกิจกรรมในเขตที่ดินกรมชลประทาน เช่น การตั้งร้านค้า สถานประกอบการ มีหลักเกณฑ์อย่างไร,การขออนุญาตทำกิจกรรมในเขตที่ดินกรมชลประทานต้องยื่นคำขอต่อหัวหน้าส่วนราชการที่มีอำนาจในพื้นที่นั้น โดยต้องระบุประเภทกิจกรรม ระยะเวลาใช้งาน และแนบเอกสารประกอบ การพิจารณาจะคำนึงถึงความเหมาะสมของกิจกรรมกับการใช้งานชลประทาน ความปลอดภัยของสาธารณะ ผลกระทบต่อสิ่งแวดล้อม และการก่อให้เกิดประโยชน์ต่อส่วนรวม ผู้ได้รับอนุญาตจะต้องปฏิบัติตามเงื่อนไขที่กำหนดและชำระค่าธรรมเนียมตามอัตราที่กฎหมายกำหนด,ขออนุญาต|กิจกรรม|ที่ดินชลประทาน|หัวหน้าส่วนราชการ
81,mandatory,ประชาชนสามารถร้องเรียนเรื่องการให้บริการของเจ้าหน้าที่ชลประทานได้ผ่านช่องทางใดและมีกระบวนการพิจารณาอย่างไร,ประชาชนสามารถร้องเรียนได้ผ่านศูนย์ดำรงธรรม กรมชลประทาน สายด่วน 1677 เว็บไซต์กรมชลประทาน แอปพลิเคชัน หรือยื่นโดยตรงที่สำนักชลประทาน กระบวนการพิจารณาเริ่มจากการรับเรื่องและลงทะเบียน ส่งต่อไปยังหน่วยงานที่เกี่ยวข้อง ตรวจสอบข้อเท็จจริง ดำเนินการแก้ไข และแจ้งผลกลับไปยังผู้ร้องเรียนภายใน 15-30 วัน กรมฯ มีระบบติดตามและประเมินผลการจัดการข้อร้องเรียนเพื่อปรับปรุงคุณภาพการให้บริการอย่างต่อเนื่อง,ศูนย์ดำรงธรรม|1677|เว็บไซต์|ร้องเรียน|ชลประทาน
82,mandatory,ประชาชนมีสิทธิ์เข้าใช้พื้นที่นันทนาการและกิจกรรมสันทนาการในเขตอ่างเก็บน้ำได้อย่างไรและมีข้อจำกัดใดบ้าง,ประชาชนมีสิทธิ์ใช้พื้นที่นันทนาการในเขตอ่างเก็บน้ำได้ตามกฎกระทรวงและประกาศของกรมชลประทาน โดยสามารถทำกิจกรรม เช่น ตกปลา พายเรือ ว่ายน้ำ ปิกนิก และกีฬาทางน้ำ แต่มีข้อจำกัด คือ ต้องไม่กระทำในบริเวณที่เป็นอันตรายหรือส่งผลเสียต่อโครงสร้างเขื่อน ต้องได้รับอนุญาตสำหรับกิจกรรมเชิงพาณิชย์ ห้ามใช้เครื่องจักรกลหรือสารเคมีที่เป็นอันตราย และต้องรักษาความสะอาดของสิ่งแวดล้อม การละเมิดอาจมีโทษปรับหรือต้องรับผิดชอบค่าเสียหาย,นันทนาการ|อ่างเก็บน้ำ|กฎกระทรวง|สิทธิ์|ประชาชน
83,royal_project,โครงการฝนหลวงมีวัตถุประสงค์อย่างไร?,โครงการฝนหลวงเป็นโครงการในพระราชดำริของพระบาทสมเด็จพระเจ้าอยู่หัวรัชกาลที่ 9 เริ่มต้นในปี พ.ศ. 2498 จากการที่ทรงเสด็จพระราชดำเนินเยี่ยมราษฎรในภาคตะวันออกเฉียงเหนือ ทรงเห็นสภาพความแห้งแล้ง จึงทรงคิดค้นเทคโนโลยีทำฝนเทียม โดยใช้สารเคมีโปรยจากเครื่องบินเพื่อกระตุ้นการเกิดเมฆฝน มีวัตถุประสงค์เพื่อช่วยเหลือเกษตรกรในพื้นที่ขาดแคลนน้ำและลดผลกระทบจากภัยแล้ง ปัจจุบันดำเนินการโดยกรมฝนหลวงและการบินเกษตร,ฝนหลวง|รัชกาลที่ 9|2498|สารเคมี|เครื่องบิน|เมฆฝน|ภัยแล้ง|เกษตรกร|กรมฝนหลวง
84,royal_project,ฝายชะลอน้ำหรือฝายต้นน้ำตามแนวพระราชดำริมีหลักการและประโยชน์อย่างไร?,ฝายชะลอน้ำหรือฝายต้นน้ำตามแนวพระราชดำริเป็นสิ่งก่อสร้างขนาดเล็กที่สร้างขวางลำธารหรือร่องน้ำในพื้นที่ป่าต้นน้ำ มีหลักการชะลอการไหลของน้ำในช่วงฤดูฝน ทำให้น้ำซึมลงดินเพิ่มความชุ่มชื้นให้ป่า ลดการพังทลายของหน้าดิน เพิ่มระดับน้ำใต้ดิน ทำให้มีน้ำใช้ในช่วงแล้ง และช่วยฟื้นฟูระบบนิเวศป่าต้นน้ำ กรมชลประทานร่วมกับหน่วยงานต่างๆ ดำเนินการก่อสร้างฝายต้นน้ำทั่วประเทศ,ฝายชะลอน้ำ|ฝายต้นน้ำ|ชะลอน้ำ|ซึมลงดิน|ความชุ่มชื้น|ลดการพังทลาย|น้ำใต้ดิน|ฟื้นฟูระบบนิเวศ
85,royal_project,โครงการพัฒนาลุ่มน้ำปากพนังอันเนื่องมาจากพระราชดำริมีเป้าหมายอะไร?,โครงการพัฒนาลุ่มน้ำปากพนังอันเนื่องมาจากพระราชดำริตั้งอยู่ในจังหวัดนครศรีธรรมราช มีเป้าหมายหลักคือแก้ปัญหาน้ำเค็มรุกพื้นที่การเกษตร โดยสร้างประตูระบายน้ำปากพนังเพื่อควบคุมน้ำเค็มจากทะเล แยกพื้นที่น้ำจืดและน้ำเค็มออกจากกัน ทำให้เกษตรกรมีน้ำจืดใช้ตลอดปี ช่วยพัฒนาพื้นที่การเกษตรกว่า 1.8 ล้านไร่ ยกระดับคุณภาพชีวิตของประชาชนในพื้นที่ลุ่มน้ำปากพนัง,ลุ่มน้ำปากพนัง|นครศรีธรรมราช|น้ำเค็ม|ประตูระบายน้ำ|น้ำจืด|การเกษตร|1.8 ล้านไร่
86,royal_project,เกษตรทฤษฎีใหม่ตามแนวพระราชดำริมีความสัมพันธ์กับการจัดการน้ำอย่างไร?,เกษตรทฤษฎีใหม่ตามแนวพระราชดำริของรัชกาลที่ 9 แบ่งพื้นที่เป็น 4 ส่วน ส่วนสำคัญคือพื้นที่ขุดสระเก็บน้ำสัดส่วน 30% ของพื้นที่ทั้งหมด เพื่อเก็บน้ำไว้ใช้ตลอดปีโดยไม่ต้องพึ่งพาน้ำชลประทานหรือน้ำฝนอย่างเดียว เป็นการบริหารจัดการน้ำในระดับครัวเรือน ลดความเสี่ยงจากภัยแล้ง และสร้างความมั่นคงทางอาหาร กรมชลประทานสนับสนุนโครงการนี้ผ่านการจัดหาแหล่งน้ำต้นทุน,เกษตรทฤษฎีใหม่|สระเก็บน้ำ|30%|บริหารจัดการน้ำ|ครัวเรือน|ภัยแล้ง|ความมั่นคงอาหาร|ชลประทาน
87,royal_project,โครงการพัฒนาพื้นที่อ่างเก็บน้ำห้วยฮ่องไคร้อันเนื่องมาจากพระราชดำริมีลักษณะอย่างไร?,โครงการพัฒนาพื้นที่อ่างเก็บน้ำห้วยฮ่องไคร้อันเนื่องมาจากพระราชดำริตั้งอยู่ที่อำเภอดอยสะเก็ด จังหวัดเชียงใหม่ เป็นโครงการต้นแบบการพัฒนาและฟื้นฟูป่าต้นน้ำลำธาร โดยมีการสร้างอ่างเก็บน้ำ ฝายชะลอน้ำ และระบบชลประทานขนาดเล็ก เพื่อสนับสนุนการเกษตรบนพื้นที่สูง พร้อมทั้งส่งเสริมการปลูกพืชทดแทนการปลูกฝิ่น ศูนย์แห่งนี้เป็นแหล่งเรียนรู้และศึกษาดูงานด้านการจัดการน้ำและป่าต้นน้ำ,ห้วยฮ่องไคร้|ดอยสะเก็ด|เชียงใหม่|ป่าต้นน้ำ|ฝายชะลอน้ำ|เกษตรบนพื้นที่สูง|ชลประทานขนาดเล็ก
88,royal_project,โครงการบึงมักกะสันตามแนวพระราชดำริมีวัตถุประสงค์อะไร?,โครงการบึงมักกะสันตามแนวพระราชดำริของรัชกาลที่ 9 มีวัตถุประสงค์เพื่อใช้บึงมักกะสันซึ่งเป็นส่วนหนึ่งของโครงการแก้มลิงในกรุงเทพมหานคร เป็นแหล่งรับน้ำและบำบัดน้ำเสียจากพื้นที่ใกล้เคียง โดยใช้กระบวนการธรรมชาติผ่านพืชน้ำ เช่น ผักตบชวา ช่วยบำบัดน้ำเสีย และยังทำหน้าที่เป็นแหล่งพักพิงของนก สัตว์น้ำ และเป็นพื้นที่นันทนาการของชุมชน,บึงมักกะสัน|แก้มลิง|กรุงเทพมหานคร|รับน้ำ|บำบัดน้ำเสีย|ผักตบชวา|สัตว์น้ำ|ชุมชน
89,royal_project,กรมชลประทานมีบทบาทอย่างไรในการสนับสนุนโครงการพระราชดำริ?,กรมชลประทานมีบทบาทสำคัญในการสนับสนุนโครงการพระราชดำริหลายด้าน ได้แก่ (1) การออกแบบและก่อสร้างระบบชลประทานในโครงการพระราชดำริ (2) การบำรุงรักษาอ่างเก็บน้ำและระบบชลประทานในพื้นที่โครงการ (3) การจัดสรรน้ำให้เกษตรกรในพื้นที่โครงการ (4) การประสานงานกับสำนักงาน กปร. และหน่วยงานอื่น (5) การถ่ายทอดเทคโนโลยีการชลประทานแก่ชุมชน,กรมชลประทาน|โครงการพระราชดำริ|ออกแบบ|ก่อสร้าง|บำรุงรักษา|จัดสรรน้ำ|กปร.|ถ่ายทอดเทคโนโลยี
90,royal_project,สำนักงาน กปร. คืออะไร และมีความสัมพันธ์กับกรมชลประทานอย่างไร?,สำนักงาน กปร. หรือสำนักงานคณะกรรมการพิเศษเพื่อประสานงานโครงการอันเนื่องมาจากพระราชดำริ เป็นหน่วยงานที่จัดตั้งขึ้นเพื่อประสานงาน สนับสนุน และติดตามการดำเนินงานโครงการอันเนื่องมาจากพระราชดำริทั่วประเทศ กรมชลประทานทำงานร่วมกับ กปร. ในการดำเนินโครงการพระราชดำริด้านน้ำและชลประทาน โดย กปร. จะจัดสรรงบประมาณสนับสนุนและติดตามผลการดำเนินงาน,กปร.|สำนักงานคณะกรรมการพิเศษ|ประสานงาน|โครงการพระราชดำริ|งบประมาณ|ติดตามผล
91,royal_project,โครงการพระราชดำริประเภทอ่างเก็บน้ำมีความสำคัญต่อชุมชนชนบทอย่างไร?,โครงการพระราชดำริประเภทอ่างเก็บน้ำมีความสำคัญต่อชุมชนชนบทในหลายด้าน ได้แก่ (1) เป็นแหล่งน้ำต้นทุนสำหรับอุปโภคบริโภคและการเกษตร (2) ช่วยบรรเทาปัญหาภัยแล้งในพื้นที่ห่างไกลแหล่งน้ำ (3) สนับสนุนการทำเกษตรกรรมตลอดปี ลดการพึ่งพาน้ำฝน (4) เป็นแหล่งเพาะเลี้ยงสัตว์น้ำ เพิ่มรายได้ชุมชน (5) ลดการอพยพของแรงงานออกจากพื้นที่ชนบท โดยกรมชลประทานรับผิดชอบบริหารจัดการอ่างเก็บน้ำในโครงการพระราชดำริ,อ่างเก็บน้ำ|น้ำต้นทุน|อุปโภคบริโภค|การเกษตร|ภัยแล้ง|เพาะเลี้ยงสัตว์น้ำ|ชนบท|กรมชลประทาน
92,royal_project,โครงการพัฒนาลุ่มน้ำก่ำอันเนื่องมาจากพระราชดำริมีที่ตั้งและวัตถุประสงค์อย่างไร?,โครงการพัฒนาลุ่มน้ำก่ำอันเนื่องมาจากพระราชดำริตั้งอยู่ในพื้นที่จังหวัดสกลนครและนครพนม มีวัตถุประสงค์เพื่อแก้ปัญหาน้ำท่วมในพื้นที่ลุ่มน้ำก่ำซึ่งเป็นแม่น้ำที่เชื่อมระหว่างหนองหารและแม่น้ำโขง โดยการปรับปรุงประสิทธิภาพการระบายน้ำ สร้างประตูระบายน้ำ และพัฒนาระบบชลประทาน เพื่อให้ราษฎรมีน้ำใช้เพื่อการเกษตรและลดปัญหาอุทกภัยในฤดูน้ำหลาก,ลุ่มน้ำก่ำ|สกลนคร|นครพนม|น้ำท่วม|หนองหาร|แม่น้ำโขง|ระบายน้ำ|ประตูระบายน้ำ
93,royal_project,หลักการ 3 น้ำ ในแนวพระราชดำริของรัชกาลที่ 9 คืออะไร?,หลักการ 3 น้ำ ในแนวพระราชดำริของพระบาทสมเด็จพระเจ้าอยู่หัวรัชกาลที่ 9 ประกอบด้วย (1) น้ำดี หมายถึงการจัดหาและพัฒนาแหล่งน้ำคุณภาพดีเพื่อการอุปโภคบริโภคและการเกษตร (2) น้ำเสีย หมายถึงการบำบัดและจัดการน้ำเสียก่อนปล่อยลงแหล่งน้ำธรรมชาติ (3) น้ำท่วม หมายถึงการป้องกันและบรรเทาอุทกภัย โดยใช้หลักการแก้มลิงและระบบระบายน้ำ แนวคิดนี้เป็นพื้นฐานสำคัญในการบริหารจัดการน้ำของกรมชลประทาน,หลัก 3 น้ำ|น้ำดี|น้ำเสีย|น้ำท่วม|แหล่งน้ำ|บำบัด|อุทกภัย|แก้มลิง
94,royal_project,โครงการอ่างเก็บน้ำขนาดเล็กตามแนวพระราชดำริในภาคตะวันออกเฉียงเหนือมีความสำคัญอย่างไร?,ภาคตะวันออกเฉียงเหนือเป็นพื้นที่ที่มักประสบปัญหาภัยแล้งอย่างรุนแรงเนื่องจากสภาพดินที่ไม่อุ้มน้ำ พระบาทสมเด็จพระเจ้าอยู่หัวรัชกาลที่ 9 ทรงพระราชทานแนวพระราชดำริให้สร้างอ่างเก็บน้ำขนาดเล็กกระจายทั่วพื้นที่ เพื่อให้ชุมชนมีแหล่งน้ำใกล้บ้าน ลดการเดินทางไกลเพื่อหาน้ำ สนับสนุนการทำเกษตรกรรมในฤดูแล้ง ยกระดับชีวิตความเป็นอยู่ กรมชลประทานได้ดำเนินการก่อสร้างอ่างเก็บน้ำในพระราชดำริหลายพันแห่งทั่วภาคอีสาน,อีสาน|ภัยแล้ง|อ่างเก็บน้ำขนาดเล็ก|ดินไม่อุ้มน้ำ|ชุมชน|เกษตรกรรม|ยกระดับชีวิต
95,royal_project,โครงการแกล้งดินตามแนวพระราชดำริที่กรมชลประทานมีส่วนร่วมคืออะไร?,โครงการแกล้งดินตามแนวพระราชดำริในพื้นที่ภาคใต้ โดยเฉพาะจังหวัดนราธิวาส เป็นโครงการที่แก้ไขปัญหาดินเปรี้ยวหรือดินพรุ กรมชลประทานมีส่วนร่วมสำคัญในการบริหารจัดการน้ำในพื้นที่โครงการ โดยการควบคุมระดับน้ำในพื้นที่ดินพรุ สลับระหว่างการทำให้ดินแห้ง (แกล้งดิน) และการนำน้ำชะล้างความเป็นกรด ทำให้ดินเปรี้ยวกลายเป็นดินที่เหมาะสมแก่การเพาะปลูก,แกล้งดิน|ดินเปรี้ยว|ดินพรุ|นราธิวาส|ควบคุมระดับน้ำ|ชะล้างกรด|เพาะปลูก|กรมชลประทาน
96,royal_project,โครงการพัฒนาพื้นที่หนองใหญ่อันเนื่องมาจากพระราชดำริมีวัตถุประสงค์อะไร?,โครงการพัฒนาพื้นที่หนองใหญ่อันเนื่องมาจากพระราชดำริตั้งอยู่ในจังหวัดชลบุรี มีวัตถุประสงค์เพื่อพัฒนาแหล่งน้ำและระบบชลประทานในพื้นที่ภาคตะวันออก รองรับการขยายตัวของอุตสาหกรรมและการเกษตร แก้ปัญหาขาดแคลนน้ำในฤดูแล้ง และป้องกันน้ำท่วมในพื้นที่ชายฝั่ง พร้อมพัฒนาคุณภาพชีวิตประชาชนในพื้นที่รอบหนองใหญ่,หนองใหญ่|ชลบุรี|ชลประทาน|อุตสาหกรรม|เกษตร|ขาดแคลนน้ำ|น้ำท่วม|คุณภาพชีวิต
97,royal_project,แนวพระราชดำริด้านการอนุรักษ์ต้นน้ำลำธารมีหลักการสำคัญอย่างไร?,แนวพระราชดำริด้านการอนุรักษ์ต้นน้ำลำธารของพระบาทสมเด็จพระเจ้าอยู่หัวรัชกาลที่ 9 มีหลักการสำคัญ ได้แก่ (1) การปลูกป่าเพื่อรักษาพื้นที่ต้นน้ำ (2) การสร้างฝายชะลอน้ำเพื่อเพิ่มความชุ่มชื้นในป่า (3) การห้ามบุกรุกทำลายป่าในพื้นที่ต้นน้ำ (4) การส่งเสริมให้ชุมชนมีส่วนร่วมดูแลป่าและแหล่งน้ำ (5) การผสมผสานระหว่างการอนุรักษ์ธรรมชาติกับการพัฒนาเพื่อการดำรงชีวิตของชุมชน,อนุรักษ์ต้นน้ำ|ปลูกป่า|ฝายชะลอน้ำ|ความชุ่มชื้น|ห้ามบุกรุก|ชุมชนมีส่วนร่วม|อนุรักษ์ธรรมชาติ
98,royal_project,โครงการชลประทานเขาหินซ้อนอันเนื่องมาจากพระราชดำริตั้งอยู่ที่ใดและมีความสำคัญอย่างไร?,โครงการเขาหินซ้อนตั้งอยู่ที่อำเภอพนมสารคาม จังหวัดฉะเชิงเทรา เป็นศูนย์ศึกษาการพัฒนาอันเนื่องมาจากพระราชดำริแห่งแรก มีการพัฒนาระบบชลประทานเพื่อสนับสนุนการเกษตร ศึกษาวิจัยพันธุ์พืช และพัฒนาคุณภาพดิน เป็นต้นแบบการพัฒนาพื้นที่ที่ผสมผสานการเกษตร ป่าไม้ และการจัดการน้ำอย่างครบวงจร ราษฎรในพื้นที่ได้รับประโยชน์จากระบบชลประทานและองค์ความรู้ที่ถ่ายทอดจากศูนย์,เขาหินซ้อน|ฉะเชิงเทรา|ศูนย์ศึกษาการพัฒนา|แห่งแรก|ชลประทาน|เกษตร|พัฒนาดิน|ต้นแบบ
99,royal_project,โครงการอันเนื่องมาจากพระราชดำริที่กรมชลประทานดูแลมีกี่โครงการและกระจายอยู่ที่ใด?,"กรมชลประทานรับผิดชอบดูแลโครงการอันเนื่องมาจากพระราชดำริด้านแหล่งน้ำและชลประทานกว่า 3,000 โครงการทั่วประเทศ ครอบคลุมทุกภูมิภาค ทั้งภาคเหนือ ภาคตะวันออกเฉียงเหนือ ภาคกลาง ภาคตะวันออก ภาคตะวันตก และภาคใต้ โดยมีทั้งโครงการขนาดใหญ่ เช่น เขื่อนและอ่างเก็บน้ำขนาดใหญ่ ไปจนถึงโครงการขนาดเล็กในชุมชน เช่น ฝายชะลอน้ำ สระเก็บน้ำ และระบบประปาภูเขา",3000 โครงการ|ทั่วประเทศ|ทุกภูมิภาค|เขื่อน|อ่างเก็บน้ำ|ฝายชะลอน้ำ|สระเก็บน้ำ|ประปาภูเขา
100,royal_project,โครงการพระราชดำริด้านการพัฒนาแหล่งน้ำในพื้นที่ภาคเหนือตอนบนมีลักษณะอย่างไร?,ในพื้นที่ภาคเหนือตอนบน โครงการพระราชดำริด้านน้ำมุ่งเน้นการพัฒนาแหล่งน้ำบนพื้นที่สูงเพื่อสนับสนุนชุมชนชาวเขา ลดการปลูกฝิ่นโดยส่งเสริมพืชทดแทน มีการสร้างระบบชลประทานขนาดเล็ก ฝายน้ำล้น อ่างเก็บน้ำ และระบบส่งน้ำบนพื้นที่สูง พร้อมพัฒนาความรู้การเกษตรให้ชาวเขา โครงการเหล่านี้ช่วยยกระดับคุณภาพชีวิตและลดการทำลายป่าต้นน้ำ,ภาคเหนือ|พื้นที่สูง|ชาวเขา|ลดฝิ่น|ชลประทานขนาดเล็ก|ฝายน้ำล้น|คุณภาพชีวิต|ป่าต้นน้ำ
101,royal_project,โครงการพระราชดำริที่เกี่ยวข้องกับการแก้ไขปัญหาน้ำท่วมกรุงเทพมหานครมีแนวทางอย่างไร?,พระบาทสมเด็จพระเจ้าอยู่หัวรัชกาลที่ 9 ทรงมีพระราชดำริหลายโครงการเพื่อแก้ไขปัญหาน้ำท่วมกรุงเทพมหานคร ประกอบด้วย (1) โครงการแก้มลิงในพื้นที่ต่างๆ รอบกรุงเทพฯ เพื่อรับน้ำก่อนระบาย (2) โครงการสร้างอุโมงค์ระบายน้ำใต้ดิน (3) โครงการปรับปรุงและขุดลอกคลองเพื่อเพิ่มประสิทธิภาพระบายน้ำ (4) โครงการพัฒนาพื้นที่รับน้ำนองรอบกรุงเทพฯ กรมชลประทานมีส่วนร่วมในการออกแบบและดำเนินโครงการเหล่านี้,น้ำท่วมกรุงเทพ|แก้มลิง|อุโมงค์ระบายน้ำ|คลอง|ระบายน้ำ|พื้นที่รับน้ำ|กรมชลประทาน
102,mandatory,เกษตรกรที่ได้รับผลกระทบจากภัยแล้ง ขอความช่วยเหลือจากกรมชลประทานได้อย่างไร?,กรมชลประทานช่วยเหลือเกษตรกรที่ประสบภัยแล้งโดยจัดเตรียมเครื่องสูบน้ำ รถบรรทุกน้ำ และเครื่องจักรเครื่องมือไว้สนับสนุนในพื้นที่ขาดแคลนน้ำเมื่อมีการร้องขอ สำรองแหล่งน้ำต้นทุนใกล้เคียงสำหรับแจกจ่ายน้ำอุปโภคบริโภค รวมทั้งมีการจ้างแรงงานชลประทานเพื่อเสริมรายได้ เกษตรกรสามารถแจ้งความต้องการได้ที่โครงการชลประทานในจังหวัด/พื้นที่ของตน,เครื่องสูบน้ำ|รถบรรทุกน้ำ|แจกจ่ายน้ำอุปโภคบริโภค|จ้างแรงงานชลประทาน|โครงการชลประทานจังหวัด
103,mandatory,ในฤดูแล้งน้ำมีจำกัด กรมชลประทานจัดสรรน้ำให้ใครก่อน-หลังอย่างไร?,กรมชลประทานจัดสรรน้ำตามลำดับความสำคัญ 5 ลำดับ คือ 1) อุปโภค-บริโภค 2) รักษาระบบนิเวศ 3) สำรองน้ำต้นฤดูฝน (พ.ค.-ก.ค.) 4) การเกษตร และ 5) อุตสาหกรรม โดยพิจารณาให้สอดคล้องกับปริมาณน้ำต้นทุนในอ่างเก็บน้ำและความต้องการใช้น้ำของแต่ละกิจกรรม,อุปโภคบริโภค|รักษาระบบนิเวศ|สำรองน้ำต้นฤดูฝน|การเกษตร|อุตสาหกรรม|ลำดับความสำคัญ
104,mandatory,ถ้าหมู่บ้านขาดน้ำกินน้ำใช้ในหน้าแล้ง จะขอรถบรรทุกน้ำหรือเครื่องสูบน้ำได้ที่ไหน?,ประชาชนสามารถติดต่อขอรับความช่วยเหลือได้ที่โครงการชลประทานจังหวัดหรือโครงการส่งน้ำและบำรุงรักษาในพื้นที่ ซึ่งกรมชลประทานเตรียมเครื่องสูบน้ำ รถบรรทุกน้ำ และเครื่องจักรกลสนับสนุนไว้พร้อมช่วยเหลือทันทีหากมีการร้องขอ และยังประสานหน่วยงานท้องถิ่นในการแจกจ่ายน้ำอุปโภคบริโภค,โครงการชลประทานจังหวัด|โครงการส่งน้ำและบำรุงรักษา|รถบรรทุกน้ำ|เครื่องสูบน้ำ|ร้องขอ
105,mandatory,กรมชลประทานมีการจ้างแรงงานเกษตรกรในช่วงฤดูแล้งหรือไม่ และสมัครได้อย่างไร?,มี กรมชลประทานจ้างแรงงานชลประทานในงานซ่อมแซม บำรุงรักษา ขุดลอก และปรับปรุงงานชลประทาน เพื่อเสริมรายได้ให้เกษตรกรในช่วงว่างเว้นจากการเพาะปลูก โดยพิจารณาจ้างตามลำดับคือ เกษตรกรในพื้นที่ สมาชิกกลุ่มผู้ใช้น้ำ และประชาชนผู้ใช้แรงงานทั่วไปในพื้นที่ ผู้สนใจติดต่อได้ที่โครงการชลประทานในพื้นที่,จ้างแรงงานชลประทาน|ซ่อมแซม|ขุดลอก|เสริมรายได้|เกษตรกรในพื้นที่|กลุ่มผู้ใช้น้ำ
106,mandatory,ทำไมบางปีกรมชลประทานถึงขอให้เกษตรกรชะลอการทำนาปรัง?,เมื่อปริมาณน้ำต้นทุนในอ่างเก็บน้ำมีน้อย กรมชลประทานจะประชาสัมพันธ์ขอความร่วมมือให้เกษตรกรชะลอหรือทยอยเพาะปลูกตามปริมาณฝนที่ตกจริง เพื่อสงวนน้ำไว้สำหรับการอุปโภค-บริโภคและรักษาระบบนิเวศเป็นลำดับแรก ลดความเสี่ยงที่ผลผลิตจะเสียหายจากภาวะขาดน้ำกลางฤดู,น้ำต้นทุนน้อย|ชะลอเพาะปลูก|อุปโภคบริโภคก่อน|ลดความเสี่ยงผลผลิตเสียหาย
107,mandatory,ขอแนวทางปฏิบัติของกรมชลประทานในการออกประกาศห้ามสูบน้ำจากแม่น้ำ?,เมื่อน้ำต้นทุนมีน้อย กรมชลประทานจะออกหนังสือแจ้งหน่วยงานราชการในพื้นที่เพื่อประชาสัมพันธ์และขอความร่วมมือเกษตรกรงดทำนาปรัง รวมถึงไม่ปิดกั้นลำน้ำหรือสูบน้ำเข้าพื้นที่เกษตร โดยจัดสรรน้ำตามลำดับความสำคัญ (อุปโภค-บริโภค รักษาระบบนิเวศ พืชต่อเนื่อง) ทั้งนี้พื้นที่ที่จำเป็นต้องสูบน้ำเพื่ออุปโภค-บริโภคสามารถทำได้ตามปฏิทินรอบเวรการสูบน้ำที่วางแผนไว้กับกรมชลประทาน,หนังสือแจ้งหน่วยงานในพื้นที่|งดทำนาปรัง|ห้ามปิดกั้นลำน้ำ|รอบเวรการสูบน้ำ|อุปโภคบริโภค
108,mandatory,ผักตบชวาในคลองมีจำนวนมาก จะแจ้งให้กรมชลประทานมากำจัดได้อย่างไร?,กรมชลประทานมีแผนกำจัดผักตบชวาและวัชพืชในทางน้ำชลประทานเป็นงานประจำ และติดป้ายชื่อผู้รับผิดชอบพร้อมเบอร์โทรศัพท์ไว้ที่อาคารชลประทานและทางน้ำที่เสี่ยงต่อการสะสมวัชพืช เพื่อให้ประชาชนที่พบเห็นแจ้งเข้ามาได้ ประชาชนยังแจ้งผ่านโครงการชลประทานในพื้นที่ได้โดยตรง โดยการกำจัดใช้ทั้งแรงคนและเรือกำจัดวัชพืช,แผนกำจัดผักตบชวา|ป้ายผู้รับผิดชอบ|เบอร์โทรศัพท์|โครงการชลประทานในพื้นที่|เรือกำจัดวัชพืช
109,mandatory,น้ำในคลองชลประทานเป็นกรดและมีสนิมเหล็กสีน้ำตาล เกิดจากอะไรและแก้ไขอย่างไร?,เกิดจากพื้นที่ภาคกลางบางส่วน (เช่น สุพรรณบุรี อยุธยา ปทุมธานี นครนายก) ซึ่งเคยเป็นทะเลมาก่อนและมีชั้นแร่ไพไรต์ใต้ดิน เมื่อระดับน้ำใต้ดินลดต่ำกว่าชั้นแร่ในฤดูแล้ง อากาศจะทำปฏิกิริยาเกิดกรดกำมะถันและสนิมเหล็กสีน้ำตาล แนวทางแก้ไขคือบริหารจัดการน้ำให้รักษาระดับน้ำใต้ดินให้ท่วมชั้นแร่ไพไรต์อยู่เสมอ และสร้างการมีส่วนร่วมของเกษตรกรในการใช้น้ำอย่างถูกต้องและประหยัด,ชั้นแร่ไพไรต์|เคยเป็นทะเล|กรดกำมะถัน|สนิมเหล็ก|รักษาระดับน้ำใต้ดิน|ภาคกลาง
110,mandatory,กรมชลประทานมีฐานข้อมูลน้ำเชื่อมรวมกับระบบ Thai Water Plan หรือไม่?,ระบบบริหารจัดการแผนงานโครงการและฐานข้อมูลเพื่อการบริหารจัดการทรัพยากรน้ำของประเทศ (Thai Water Plan) มีสำนักงานทรัพยากรน้ำแห่งชาติ (สทนช.) เป็นเจ้าภาพหลักในการดำเนินการ ส่วนกรมชลประทานในฐานะหน่วยปฏิบัติพร้อมสนับสนุนข้อมูลแหล่งน้ำและโครงการต่างๆ ให้ สทนช. รวบรวมเป็นฐานข้อมูลกลางและจัดทำเป็นข้อมูลเผยแพร่ได้,Thai Water Plan|สทนช. เป็นเจ้าภาพ|กรมชลประทานสนับสนุนข้อมูล|ฐานข้อมูลกลาง|ข้อมูลเปิดเผย
111,mandatory,ประชาชนติดตามสถานการณ์น้ำและการแจ้งเตือนของกรมชลประทานได้ทางช่องทางใดบ้าง?,กรมชลประทานติดตาม วิเคราะห์ และแจ้งเตือนสถานการณ์น้ำผ่านศูนย์ปฏิบัติการน้ำอัจฉริยะ (SWOC) และศูนย์เครือข่าย (SWOC1-17) มีการรายงานและแจ้งเตือนระดับน้ำผ่านแอปพลิเคชันและไลน์ รวมถึงเว็บไซต์และสื่อประชาสัมพันธ์ของกรม เพื่อให้ประชาชนในพื้นที่เสี่ยงรับทราบสถานการณ์ได้ทันเหตุการณ์,SWOC|ศูนย์เครือข่าย SWOC1-17|แอปพลิเคชัน|ไลน์แจ้งเตือน|เว็บไซต์|แจ้งเตือนทันเหตุการณ์
112,mandatory,ศูนย์ปฏิบัติการน้ำอัจฉริยะ (SWOC) คืออะไร ทำหน้าที่อะไร?,SWOC (Smart Water Operation Center) เป็นศูนย์ที่ติดตาม วิเคราะห์แนวโน้มสถานการณ์น้ำ และสั่งการบริหารจัดการน้ำของกรมชลประทาน ทำงานร่วมกับศูนย์เครือข่าย SWOC1-17 ในระดับสำนักงานชลประทาน เพื่อคาดการณ์ปริมาณน้ำ จัดจราจรน้ำในแม่น้ำสายหลัก และแจ้งเตือนสถานการณ์ทั้งช่วงฤดูฝนและฤดูแล้ง,ศูนย์ปฏิบัติการน้ำอัจฉริยะ|ติดตามวิเคราะห์สถานการณ์|สั่งการบริหารน้ำ|SWOC1-17|จัดจราจรน้ำ
113,mandatory,ธนาคารน้ำใต้ดินคืออะไร และกรมชลประทานมีความเห็นอย่างไร?,ธนาคารน้ำใต้ดิน (Groundwater Bank) เป็นการเติมน้ำลงสู่ชั้นใต้ดินเพื่อเพิ่มแหล่งน้ำ แต่ไม่สามารถสนับสนุนปริมาณน้ำต้นทุนได้เท่ากับการพัฒนาแหล่งน้ำผิวดิน อีกทั้งหากใช้วัสดุไม่เหมาะสมอาจเสี่ยงปนเปื้อนชั้นน้ำใต้ดิน กรมชลประทานเห็นว่าควรส่งเสริมพัฒนาวิธีการให้มีประสิทธิภาพและคำนึงถึงคุณภาพน้ำ ควบคู่กับการพัฒนาแหล่งน้ำผิวดินเป็นหลัก,ธนาคารน้ำใต้ดิน|เพิ่มแหล่งน้ำ|ไม่เท่าน้ำผิวดิน|เสี่ยงปนเปื้อน|คำนึงคุณภาพน้ำ
114,mandatory,แก้มลิงคืออะไร และช่วยเรื่องน้ำท่วมน้ำแล้งอย่างไร?,แก้มลิงคือพื้นที่หน่วงน้ำหรือพื้นที่กักเก็บน้ำชั่วคราวที่ใช้รับน้ำหลากในฤดูฝนเพื่อชะลอและตัดยอดน้ำ ช่วยบรรเทาน้ำท่วมพื้นที่ท้ายน้ำ และยังเก็บกักน้ำไว้ใช้ในฤดูแล้งได้ เป็นแนวคิดตามพระราชดำริที่กรมชลประทานนำมาใช้ทั้งแก้มลิงธรรมชาติและที่ก่อสร้างขึ้น,พื้นที่หน่วงน้ำ|รับน้ำหลาก|ตัดยอดน้ำ|บรรเทาน้ำท่วม|เก็บน้ำไว้ใช้หน้าแล้ง|แนวพระราชดำริ
115,mandatory,ปัญหาสาหร่ายบลูม (น้ำเขียว) ในอ่างเก็บน้ำเกิดจากอะไร และแก้ไขอย่างไร?,สาหร่ายบลูมเกิดจากแหล่งน้ำมีธาตุอาหารไนโตรเจนและฟอสฟอรัสสูง (มักมาจากน้ำที่ผ่านพื้นที่เกษตร ชุมชน โรงงาน) น้ำนิ่งไม่ไหลเวียน และมีแสงแดดอุณหภูมิสูง แนวทางแก้ไขคือป้องกันไม่ให้ธาตุอาหารไหลลงแหล่งน้ำ บริหารจัดการน้ำให้ไหลเวียนสม่ำเสมอ และเฝ้าระวังคุณภาพน้ำ โดยใช้สารเคมีเฉพาะเมื่อจำเป็นเท่านั้น,ไนโตรเจนฟอสฟอรัสสูง|น้ำนิ่ง|แสงแดดอุณหภูมิสูง|ป้องกันธาตุอาหาร|ทำให้น้ำไหลเวียน|เฝ้าระวังคุณภาพน้ำ
116,mandatory,ถ้าที่ดินถูกเวนคืนเพื่อสร้างเขื่อนหรืออ่างเก็บน้ำ จะได้รับค่าชดเชยอย่างไร?,กรมชลประทานจัดหาที่ดินได้ 2 วิธี คือการเจรจาปรองดอง (กรณีเจ้าของยินยอม) และการเวนคืนตามพระราชบัญญัติว่าด้วยการเวนคืนและการได้มาซึ่งอสังหาริมทรัพย์ พ.ศ. 2562 (กรณีไม่ยินยอม) การกำหนดราคาค่าทดแทนพิจารณาจากราคาซื้อขายในท้องตลาด ราคาประเมิน สภาพและที่ตั้งของที่ดิน รวมถึงเหตุและวัตถุประสงค์ของการเวนคืน,เจรจาปรองดอง|เวนคืนตาม พ.ร.บ. 2562|ราคาตลาด|ราคาประเมิน|สภาพและที่ตั้ง
117,mandatory,การจ่ายค่าทดแทนเมื่อสร้างโครงการชลประทาน แบ่งตามขนาดโครงการอย่างไร?,กรมชลประทานจ่ายค่าชดเชยเยียวยาแยกตามขนาดโครงการ คือ โครงการขนาดใหญ่มีการจ่ายค่าทดแทนทรัพย์สินและจัดแปลงอพยพ โครงการขนาดกลางมีการจ่ายค่าทดแทนทรัพย์สิน ส่วนโครงการขนาดเล็กส่วนใหญ่เป็นกรณีที่ราษฎรอุทิศที่ดินเพื่อดำเนินการจึงไม่มีการจ่ายค่าทดแทน,ขนาดใหญ่|ค่าทดแทนและจัดแปลงอพยพ|ขนาดกลาง|ค่าทดแทนทรัพย์สิน|ขนาดเล็ก|ราษฎรอุทิศที่ดิน
118,mandatory,ถ้าไม่พอใจจำนวนเงินค่าทดแทนที่ดินที่ถูกเวนคืน จะอุทธรณ์ได้หรือไม่?,ได้ ในกรณีที่ตกลงกันไม่ได้เรื่องจำนวนเงินค่าทดแทน เจ้าของที่ดินมีสิทธิ์ยื่นอุทธรณ์ต่อรัฐมนตรีภายใน 60 วัน หากรัฐมนตรีวินิจฉัยแล้วยังไม่พอใจ ก็สามารถนำคดีไปฟ้องต่อศาลได้ตามขั้นตอนของกฎหมาย,อุทธรณ์ต่อรัฐมนตรี|ภายใน 60 วัน|วินิจฉัยอุทธรณ์|ฟ้องศาลได้
119,mandatory,ที่ดินในเขตจัดรูปที่ดินเพื่อเกษตรกรรม นำไปสร้างบ้านหรือโรงงานได้หรือไม่?,โดยหลักไม่ได้ ตามพระราชบัญญัติจัดรูปที่ดินเพื่อเกษตรกรรม พ.ศ. 2558 ห้ามใช้ที่ดินในเขตจัดรูปที่ดินเพื่อประโยชน์อย่างอื่นที่มิใช่เกษตรกรรม เว้นแต่ได้รับอนุญาตเป็นหนังสือจากคณะกรรมการจัดรูปที่ดิน หากฝ่าฝืน คณะกรรมการมีอำนาจสั่งให้รื้อถอนหรือทำให้คืนสู่สภาพเดิม โดยผู้ฝ่าฝืนต้องเสียค่าใช้จ่ายเอง,พ.ร.บ. จัดรูปที่ดิน 2558|ห้ามใช้นอกเหนือเกษตรกรรม|ต้องขออนุญาตเป็นหนังสือ|สั่งรื้อถอนได้
120,mandatory,การจัดรูปที่ดินคืออะไร และเกษตรกรได้ประโยชน์อย่างไร?,การจัดรูปที่ดินคือการพัฒนาที่ดินและจัดระบบส่งน้ำ-ระบายน้ำในแปลงเกษตรให้เป็นรูปแบบที่ใช้น้ำได้ทั่วถึงและมีประสิทธิภาพ ดำเนินการตามพระราชบัญญัติจัดรูปที่ดินเพื่อเกษตรกรรม พ.ศ. 2558 ช่วยให้เกษตรกรรับน้ำชลประทานได้สะดวก เพิ่มผลผลิต และคุ้มครองพื้นที่เกษตรกรรมไม่ให้ถูกเปลี่ยนเป็นการใช้ประโยชน์อย่างอื่น,จัดระบบส่งน้ำในแปลง|พ.ร.บ. 2558|รับน้ำทั่วถึง|เพิ่มผลผลิต|คุ้มครองพื้นที่เกษตร
121,mandatory,ถ้าพบคนบุกรุกที่ดินหรือแหล่งน้ำของกรมชลประทาน จะแจ้งและจัดการอย่างไร?,กรมชลประทานจะตรวจสอบพื้นที่ที่มีการรุกล้ำและเชิญผู้เกี่ยวข้อง เช่น ราษฎรที่รุกล้ำ ผู้มีส่วนได้เสีย และหน่วยงานปกครอง (จังหวัด อำเภอ อบต.) มาหารือเพื่อหาแนวทางแก้ไขภายใต้กฎหมายที่เกี่ยวข้อง พร้อมมาตรการป้องกัน เช่น สร้างแนวเขตที่ชัดเจน จัดตั้งกลุ่มผู้ใช้น้ำช่วยดูแล และจัดเจ้าหน้าที่/อาสาสมัครตรวจตรา ประชาชนแจ้งเบาะแสได้ที่โครงการชลประทานในพื้นที่,ตรวจสอบพื้นที่รุกล้ำ|เชิญผู้เกี่ยวข้องหารือ|สร้างแนวเขตชัดเจน|กลุ่มผู้ใช้น้ำช่วยดูแล|แจ้งโครงการในพื้นที่
122,mandatory,สหกรณ์ผู้ใช้น้ำชลประทานคืออะไร ตั้งขึ้นเพื่ออะไร และจัดตั้งอย่างไร?,"สหกรณ์ผู้ใช้น้ำชลประทานคือกลุ่มบริหารการใช้น้ำที่จดทะเบียนกับกรมส่งเสริมสหกรณ์ตามพระราชบัญญัติสหกรณ์ พ.ศ. 2542 มีวัตถุประสงค์เพื่อจัดการน้ำชลประทานให้มีประสิทธิภาพ ครอบคลุมพื้นที่คลองส่งน้ำในโซนหนึ่ง โดยทั่วไปไม่ควรเกิน 20,000 ไร่ ปัจจุบันมีการจัดตั้งแล้ว 44 กลุ่ม เกษตรกรในพื้นที่สามารถรวมตัวและประสานโครงการชลประทานในพื้นที่เพื่อจัดตั้งได้","กลุ่มบริหารการใช้น้ำ|จดทะเบียนกรมส่งเสริมสหกรณ์|พ.ร.บ. สหกรณ์ 2542|ไม่เกิน 20,000 ไร่|44 กลุ่ม"
123,mandatory,กรมชลประทานคุ้มครองพื้นที่เกษตรกรรมในเขตชลประทานไม่ให้กลายเป็นเมืองหรือโรงงานอย่างไร?,กรมชลประทานปรับปรุงระบบชลประทานให้เกษตรกรรับน้ำได้ทั่วถึงเพื่อไม่ให้ทิ้งถิ่นฐานหรือขายที่ดิน และใช้มาตรการจัดรูปที่ดินและจัดระบบน้ำเพื่อเกษตรกรรมตามพระราชบัญญัติจัดรูปที่ดินเพื่อเกษตรกรรม พ.ศ. 2558 ซึ่งห้ามนำที่ดินในเขตไปใช้เพื่อประโยชน์อย่างอื่นที่มิใช่เกษตรกรรมโดยไม่ได้รับอนุญาต,ปรับปรุงระบบชลประทาน|รับน้ำทั่วถึง|จัดรูปที่ดิน|พ.ร.บ. 2558|ห้ามใช้นอกเกษตรกรรม
124,mandatory,โครงการสร้างเขื่อนหรืออ่างเก็บน้ำ ทำไมใช้เวลานานหลายปี?,เพราะโครงการขนาดกลางและขนาดใหญ่ต้องผ่านหลายขั้นตอนที่ซับซ้อน ตั้งแต่ศึกษาความเหมาะสมและผลกระทบสิ่งแวดล้อม (EIA) สำรวจออกแบบ ขออนุญาตใช้พื้นที่ (กรณีพื้นที่ป่าหรือที่สาธารณะ) จัดหาที่ดินและจ่ายค่าทดแทน จนถึงการก่อสร้าง ซึ่งต้องประสานหลายหน่วยงานและใช้งบประมาณผูกพันหลายปี,ศึกษาความเหมาะสม|EIA|สำรวจออกแบบ|ขออนุญาตใช้พื้นที่|จัดหาที่ดิน|งบผูกพันหลายปี
125,mandatory,กรมชลประทานรับฟังความคิดเห็นของประชาชนก่อนสร้างโครงการแหล่งน้ำอย่างไร?,ในการพัฒนาแหล่งน้ำที่อาจมีผลกระทบต่อประชาชน กรมชลประทานเปิดให้ผู้มีส่วนได้เสียมีส่วนร่วมและรับฟังความคิดเห็นตั้งแต่ขั้นศึกษาความเหมาะสมและการประเมินผลกระทบสิ่งแวดล้อม รวมถึงการประชุมหารือกับชุมชนและหน่วยงานในพื้นที่ เพื่อนำข้อคิดเห็นไปประกอบการออกแบบและบรรเทาผลกระทบ,การมีส่วนร่วม|ผู้มีส่วนได้เสีย|รับฟังความคิดเห็น|EIA|ประชุมหารือชุมชน
126,mandatory,แหล่งน้ำตื้นเขิน เอกชนขอเข้าไปขุดลอกเองได้หรือไม่ และดินที่ขุดได้จัดการอย่างไร?,กรณีแหล่งน้ำตื้นเขิน เอกชนสามารถยื่นเสนอขอดำเนินการขุดลอกได้ตามหลักเกณฑ์และเงื่อนไขที่กรมชลประทานกำหนด โดยดินหรือตะกอนที่ได้จากการขุดลอกจะต้องจัดการตามระเบียบที่เกี่ยวข้อง ผู้สนใจติดต่อโครงการชลประทานในพื้นที่เพื่อตรวจสอบความเป็นไปได้และขั้นตอน,เอกชนยื่นเสนอขุดลอก|ตามหลักเกณฑ์กรม|จัดการดิน/ตะกอน|ติดต่อโครงการในพื้นที่
127,mandatory,การซ่อมแซมอาคารชลประทานสำคัญอย่างไร และคุ้มกว่าการสร้างใหม่หรือไม่?,การซ่อมแซมและบำรุงรักษาอาคารชลประทานสำคัญเพราะช่วยรักษาประสิทธิภาพการส่งน้ำ-ระบายน้ำและความปลอดภัยของโครงสร้างที่ใช้งานมานาน โดยทั่วไปการซ่อมแซมเชิงป้องกันมีต้นทุนต่ำกว่าและคุ้มค่ากว่าการปล่อยให้ชำรุดจนต้องก่อสร้างใหม่ทั้งหมด จึงต้องดำเนินการอย่างต่อเนื่อง,รักษาประสิทธิภาพส่งน้ำ|ความปลอดภัยโครงสร้าง|ซ่อมเชิงป้องกัน|ต้นทุนต่ำกว่า|คุ้มค่ากว่าสร้างใหม่
128,mandatory,กรมชลประทานดูแลความปลอดภัยของเขื่อนและอ่างเก็บน้ำอย่างไร?,กรมชลประทานตรวจสอบความมั่นคงของเขื่อนขนาดใหญ่และขนาดกลาง ตรวจสอบความพร้อมใช้งานของอาคารบังคับน้ำ บริหารจัดการน้ำในอ่างให้อยู่ในเกณฑ์ปฏิบัติการอ่างเก็บน้ำ (Rule Curve) มีแผนเฝ้าระวังและแจ้งเตือนภัยสำหรับสถานการณ์ฉุกเฉิน และพิจารณาความปลอดภัยเป็นพิเศษสำหรับเขื่อนที่จะเพิ่มระดับเก็บกัก,ตรวจสอบความมั่นคงเขื่อน|อาคารบังคับน้ำพร้อมใช้|Rule Curve|แผนเฝ้าระวังแจ้งเตือน|สถานการณ์ฉุกเฉิน
129,mandatory,คูน้ำหรือเหมืองไส้ไก่ในพื้นที่ไม่มีคนดูแลและใช้งานไม่ได้ จะให้กรมชลประทานช่วยอย่างไร?,คูคลองหรือเหมืองไส้ไก่ขนาดเล็กบางส่วนได้ถ่ายโอนภารกิจให้องค์กรปกครองส่วนท้องถิ่นดูแล หากพบว่าเสื่อมโทรมใช้งานไม่ได้ ประชาชนสามารถแจ้งท้องถิ่นและโครงการชลประทานในพื้นที่ ซึ่งกรมจะให้คำแนะนำทางเทคนิคและสนับสนุนการดูแลบำรุงรักษาตามแนวทางการกระจายอำนาจ,เหมืองไส้ไก่|ถ่ายโอนให้ท้องถิ่น|แจ้งท้องถิ่นและโครงการในพื้นที่|กรมสนับสนุนทางเทคนิค
130,mandatory,พื้นที่นอกเขตชลประทานที่สร้างเขื่อนหรือฝายใหญ่ไม่ได้ จะมีระบบกระจายน้ำเล็กๆ ได้อย่างไร?,ในพื้นที่ที่สร้างระบบชลประทานหลักได้ยาก กรมชลประทานสามารถสนับสนุนการพัฒนาแหล่งน้ำและระบบชลประทานขนาดเล็ก เช่น ฝายขนาดเล็ก สระเก็บน้ำ แก้มลิง สถานีสูบน้ำด้วยไฟฟ้าพร้อมระบบส่งน้ำ และบ่อบาดาลเสริม เพื่อกระจายน้ำให้เกษตรกรนอกเขตชลประทานอย่างเป็นรูปธรรม,ระบบชลประทานขนาดเล็ก|ฝายเล็ก|สระเก็บน้ำ|แก้มลิง|สถานีสูบน้ำด้วยไฟฟ้า|นอกเขตชลประทาน
131,mandatory,กรมชลประทานถ่ายโอนฝายหรืออ่างเก็บน้ำให้ท้องถิ่นดูแลแล้ว ถ้าชำรุดจะช่วยได้หรือไม่?,แม้ถ่ายโอนภารกิจให้องค์กรปกครองส่วนท้องถิ่นแล้ว กรมชลประทานยังมีหน้าที่ติดตามผล เป็นพี่เลี้ยงให้คำแนะนำทางเทคนิควิชาการ จัดฝึกอบรม และสนับสนุนจนกว่าท้องถิ่นจะดำเนินการได้เต็มที่ หากเกินขีดความสามารถของท้องถิ่น สามารถร้องขอความช่วยเหลือจาก อบจ. หรือส่วนราชการให้ดำเนินการแทนชั่วคราวได้,ติดตามผลหลังถ่ายโอน|เป็นพี่เลี้ยง|ให้คำแนะนำเทคนิค|ฝึกอบรม|ร้องขอ อบจ./ส่วนราชการ
132,mandatory,โครงการที่ถ่ายโอนให้ท้องถิ่นแล้วทรุดโทรม เพราะท้องถิ่นขาดงบและความรู้ กรมช่วยอย่างไร?,กรมชลประทานสนับสนุนโดยการจัดเจ้าหน้าที่เข้าไปให้ความรู้และคำปรึกษาในการดูแลบำรุงรักษา จัดทำคู่มือและมาตรฐานกลางเพื่อให้ท้องถิ่นปฏิบัติได้ และประสานคณะกรรมการกระจายอำนาจฯ เพื่อแก้ปัญหา รวมถึงเติมเต็มภารกิจที่ถ่ายโอนยังไม่สมบูรณ์ให้เกิดความพร้อม,ให้ความรู้และคำปรึกษา|คู่มือ/มาตรฐานกลาง|ประสานคณะกรรมการกระจายอำนาจ|เติมเต็มภารกิจ
133,mandatory,กรมชลประทานนำยางพารามาใช้ในงานอะไรบ้าง และช่วยชาวสวนยางอย่างไร?,กรมชลประทานนำยางพารามาใช้เป็นส่วนผสมในงานซ่อมแซมและปรับปรุงถนนบนคันคลองชลประทานและถนนทางเข้าหัวงาน รวมถึงงานฝายยางและทุ่นดักผักตบชวา ตามนโยบายส่งเสริมการใช้ยางพาราของภาครัฐ ซึ่งช่วยเพิ่มการใช้ยางในประเทศและสนับสนุนรายได้ให้เกษตรกรชาวสวนยางที่ได้รับผลกระทบจากราคายางตกต่ำ,ถนนบนคันคลอง|ถนนทางเข้าหัวงาน|ฝายยาง|ทุ่นดักผักตบชวา|ช่วยชาวสวนยาง
134,mandatory,ทำไมเครื่องสูบน้ำและสถานีสูบน้ำของกรมชลประทานถึงมีราคาสูง?,สถานีสูบน้ำขนาดใหญ่และเครื่องสูบน้ำกำลังสูงจำเป็นในพื้นที่ที่ต้องสูบน้ำปริมาณมากเพื่อการเกษตรและบรรเทาน้ำท่วม จึงต้องใช้อุปกรณ์ที่มีกำลังและความทนทานสูง ราคาจึงสูงตามขนาดและสมรรถนะ ทั้งนี้การจัดซื้อจัดจ้างดำเนินการตามพระราชบัญญัติการจัดซื้อจัดจ้างและการบริหารพัสดุภาครัฐ พ.ศ. 2560 และราคามาตรฐานของสำนักงบประมาณ,สูบน้ำปริมาณมาก|กำลังและความทนทานสูง|ตามขนาดและสมรรถนะ|พ.ร.บ. จัดซื้อจัดจ้าง 2560|ราคามาตรฐาน
135,mandatory,ทำไมกรมชลประทานซ่อมแซมแหล่งน้ำไปหลายพันล้านบาท แต่รายได้เกษตรกรไม่เพิ่มขึ้น?,งานซ่อมแซมและบำรุงรักษาช่วยรักษาประสิทธิภาพระบบส่งน้ำให้ส่งน้ำถึงพื้นที่เกษตรได้ ซึ่งเป็นปัจจัยพื้นฐานหนึ่ง แต่รายได้เกษตรกรยังขึ้นกับปัจจัยอื่นด้วย เช่น ราคาผลผลิต ต้นทุนการผลิต และสภาพอากาศ กรมชลประทานจึงเน้นทั้งการพัฒนาและเพิ่มพื้นที่ชลประทานควบคู่กับการบริหารจัดการน้ำให้ทั่วถึงและเป็นธรรม เพื่อสร้างความมั่นคงด้านน้ำให้เกษตรกร,ซ่อมแซมรักษาประสิทธิภาพส่งน้ำ|รายได้ขึ้นกับหลายปัจจัย|ราคาผลผลิต|เพิ่มพื้นที่ชลประทาน|ความมั่นคงด้านน้ำ
136,mandatory,งบประมาณของกรมชลประทานสามารถโอนข้ามหน่วยงานได้หรือไม่?,การโอนหรือเปลี่ยนแปลงงบประมาณต้องดำเนินการตามพระราชบัญญัติวิธีการงบประมาณและระเบียบที่เกี่ยวข้องอย่างเคร่งครัด การโอนข้ามหน่วยงานมีข้อจำกัดและต้องเป็นไปตามหลักเกณฑ์ที่กฎหมายกำหนด โดยทั่วไปกรมจะบริหารงบประมาณภายในแผนงาน/โครงการของตน และรายงานการเปลี่ยนแปลงต่อหน่วยงานที่กำกับดูแล,ตาม พ.ร.บ. วิธีการงบประมาณ|มีข้อจำกัด|ตามหลักเกณฑ์กฎหมาย|บริหารภายในแผนงาน|รายงานการเปลี่ยนแปลง
137,mandatory,เมื่อได้รับงบประมาณจำกัด กรมชลประทานเลือกลำดับความสำคัญในการสร้างแหล่งน้ำอย่างไร?,กรมชลประทานจัดลำดับความสำคัญของการก่อสร้างแหล่งน้ำตามความพร้อมของโครงการ ความจำเป็นเร่งด่วน ความคุ้มค่า ความสอดคล้องกับแผนแม่บทบริหารจัดการทรัพยากรน้ำ 20 ปี และยุทธศาสตร์ชาติ โดยพิจารณาพื้นที่ที่ประสบปัญหาภัยแล้ง-น้ำท่วมซ้ำซากและประโยชน์ต่อประชาชนเป็นสำคัญ,ความพร้อมโครงการ|จำเป็นเร่งด่วน|ความคุ้มค่า|สอดคล้องแผนแม่บทน้ำ 20 ปี|พื้นที่ท่วม-แล้งซ้ำซาก
138,mandatory,"วิสัยทัศน์กรมชลประทาน ""องค์กรอัจฉริยะ สร้างความมั่นคงด้านน้ำ ภายในปี 2580"" หมายความว่าอย่างไร?",หมายถึงกรมชลประทานมุ่งเป็นองค์กรที่นำเทคโนโลยีและข้อมูลมาช่วยบริหารจัดการน้ำอย่างชาญฉลาด เพื่อสร้างความมั่นคงด้านน้ำ (Water Security) ให้ประชาชนมีน้ำเพียงพอสำหรับอุปโภค-บริโภค การเกษตร และภาคการผลิต พร้อมเพิ่มคุณค่าการบริการ ภายในปี พ.ศ. 2580 ซึ่งสอดคล้องกับเป้าหมายของแผนแม่บทการบริหารจัดการทรัพยากรน้ำ 20 ปี,องค์กรอัจฉริยะ|ความมั่นคงด้านน้ำ|น้ำเพียงพอทุกภาคส่วน|เพิ่มคุณค่าการบริการ|ปี 2580
139,mandatory,แผนแม่บทการบริหารจัดการทรัพยากรน้ำ 20 ปี (2561-2580) มีกี่ด้าน อะไรบ้าง?,แผนแม่บทฯ มี 5 ด้าน ได้แก่ 1) การจัดการน้ำอุปโภคบริโภค 2) การสร้างความมั่นคงของน้ำภาคการผลิต 3) การจัดการน้ำท่วมและอุทกภัย 4) การอนุรักษ์และฟื้นฟูระบบนิเวศทรัพยากรน้ำ และ 5) การบริหารจัดการ โดยมีสำนักงานทรัพยากรน้ำแห่งชาติ (สทนช.) เป็นเจ้าภาพหลัก กรมชลประทานรับผิดชอบหลักในด้านที่ 2 และ 3,5 ด้าน|น้ำอุปโภคบริโภค|น้ำภาคการผลิต|น้ำท่วมอุทกภัย|อนุรักษ์ฟื้นฟูระบบนิเวศ|การบริหารจัดการ|สทนช.
140,mandatory,กรมชลประทานกับกรมทรัพยากรน้ำ และ สทนช. ต่างกันอย่างไร?,สำนักงานทรัพยากรน้ำแห่งชาติ (สทนช.) เป็นหน่วยงานกลางบูรณาการนโยบายและแผนน้ำของประเทศ กรมทรัพยากรน้ำดูแลแหล่งน้ำธรรมชาติและน้ำนอกเขตชลประทานเป็นหลัก ส่วนกรมชลประทานเป็นหน่วยปฏิบัติด้านการพัฒนาแหล่งน้ำ ส่งน้ำและบำรุงรักษา และป้องกันบรรเทาภัยจากน้ำในพื้นที่ชลประทาน ทั้งสามหน่วยงานทำงานบูรณาการร่วมกัน,สทนช. บูรณาการนโยบาย|กรมทรัพยากรน้ำดูแลน้ำธรรมชาติ|กรมชลประทานหน่วยปฏิบัติ|พัฒนาแหล่งน้ำ|บูรณาการร่วมกัน
141,mandatory,พื้นที่นอกเขตชลประทาน กรมชลประทานช่วยเรื่องแหล่งน้ำอย่างไร?,แม้ภารกิจหลักอยู่ในเขตชลประทาน แต่กรมชลประทานก็ประสานความช่วยเหลือด้านแหล่งน้ำให้พื้นที่นอกเขตด้วย เช่น สนับสนุนการพัฒนาแหล่งน้ำขนาดเล็ก ฝาย สระเก็บน้ำ แก้มลิง สถานีสูบน้ำด้วยไฟฟ้า และการช่วยเหลือเครื่องสูบน้ำ-รถบรรทุกน้ำในยามภัยแล้ง เพื่อให้เกษตรกรนอกเขตเข้าถึงน้ำได้อย่างเป็นรูปธรรม,พัฒนาแหล่งน้ำขนาดเล็ก|ฝาย|สระเก็บน้ำ|แก้มลิง|สถานีสูบน้ำด้วยไฟฟ้า|ช่วยเหลือยามภัยแล้ง
142,mandatory,กรมชลประทานเก็บน้ำฝนได้เพียงประมาณ 9% มีแผนเพิ่มการเก็บกักอย่างไร?,"ตามวัฏจักรน้ำของไทยมีปริมาณฝนราว 740,000 ล้านลูกบาศก์เมตรต่อปี เป็นน้ำท่าประมาณ 286,000 ล้านลูกบาศก์เมตร ปัจจุบันเก็บกักได้ราว 83,416 ล้านลูกบาศก์เมตร กรมชลประทานจึงมีแผนพัฒนาแหล่งเก็บกักเพิ่ม เช่น เขื่อน อ่างเก็บน้ำ และแก้มลิง ตามแผนแม่บทน้ำ 20 ปี เพื่อเพิ่มปริมาณเก็บกักอีก 3,773.50 ล้านลูกบาศก์เมตร ภายในปี 2580","ฝน 740,000 ล้าน ลบ.ม.|น้ำท่า 286,000 ล้าน|เก็บกัก 83,416 ล้าน|เพิ่ม 3,773.50 ล้าน|ภายในปี 2580"
143,mandatory,ระบบท่อส่งน้ำต่างจากคลองส่งน้ำแบบเปิดอย่างไร และดีกว่าตรงไหน?,ระบบท่อส่งน้ำสามารถควบคุมการส่งน้ำไปยังพื้นที่ที่มีสภาพภูมิประเทศแตกต่างได้อย่างมีประสิทธิภาพ และลดการสูญเสียน้ำจากการระเหยและการรั่วซึมได้มากกว่าคลองส่งน้ำแบบเปิด กรมชลประทานจึงให้ความสำคัญและได้ก่อสร้างสถานีสูบน้ำพร้อมระบบท่อส่งน้ำในหลายพื้นที่เพื่อใช้ในการเพาะปลูก,ท่อส่งน้ำควบคุมได้ดี|ลดการระเหยและรั่วซึม|ดีกว่าคลองเปิด|สถานีสูบน้ำพร้อมระบบท่อ
144,mandatory,โครงการบางระกำโมเดล คืออะไร?,บางระกำโมเดลเป็นแนวทางบริหารจัดการน้ำในพื้นที่ลุ่มต่ำ โดยปรับปฏิทินการเพาะปลูกข้าวให้เก็บเกี่ยวก่อนฤดูน้ำหลาก แล้วใช้พื้นที่ลุ่มต่ำเป็นพื้นที่รับน้ำหลากเพื่อหน่วงและตัดยอดน้ำ ช่วยลดความเสียหายของผลผลิตและบรรเทาน้ำท่วมพื้นที่ท้ายน้ำในลุ่มน้ำเจ้าพระยาตอนล่าง,พื้นที่ลุ่มต่ำ|ปรับปฏิทินเพาะปลูก|เก็บเกี่ยวก่อนน้ำหลาก|พื้นที่รับน้ำหลาก|บรรเทาน้ำท่วม
145,mandatory,โครงการคลองระบายน้ำหลากบางบาล-บางไทร ช่วยลดน้ำท่วมอยุธยาอย่างไร?,โครงการคลองระบายน้ำหลากบางบาล-บางไทร จังหวัดพระนครศรีอยุธยา เป็นการขุดคลองลัดเพื่อเพิ่มศักยภาพการระบายน้ำหลากเลี่ยงตัวเมืองอยุธยา ช่วยให้สามารถระบายน้ำส่วนเกินลงสู่แม่น้ำเจ้าพระยาตอนล่างได้เร็วขึ้น บรรเทาปัญหาน้ำท่วมในพื้นที่เศรษฐกิจและชุมชน,คลองระบายน้ำหลาก|บางบาล-บางไทร|อยุธยา|เพิ่มการระบายน้ำ|บรรเทาน้ำท่วม
146,mandatory,ภาคอีสานประสบน้ำท่วมน้ำแล้งซ้ำซาก กรมชลประทานแก้ไขอย่างไร และแนวคิดนำน้ำโขงมาใช้?,ในพื้นที่ภาคอีสานที่แหล่งน้ำตื้นเขินทำให้ท่วม-แล้งซ้ำซาก กรมชลประทานดำเนินการขุดลอกแหล่งน้ำอย่างเป็นระบบ พัฒนาและเพิ่มแหล่งเก็บกักน้ำ และบริหารน้ำในเขื่อนให้สมดุลทั้งช่วงแล้งและน้ำหลาก ส่วนแนวคิดการนำน้ำจากแม่น้ำโขงมาใช้ในจังหวัดที่อยู่ติดแม่น้ำโขงเป็นแนวทางที่อยู่ระหว่างการพิจารณาศึกษาความเหมาะสมร่วมกับหน่วยงานที่เกี่ยวข้อง,ขุดลอกอย่างเป็นระบบ|เพิ่มแหล่งเก็บกัก|บริหารน้ำในเขื่อน|แนวคิดนำน้ำโขงมาใช้|อยู่ระหว่างศึกษา
147,mandatory,โครงการบรรเทาอุทกภัยนครศรีธรรมราช มีความคืบหน้าอย่างไร?,โครงการบรรเทาอุทกภัยเมืองนครศรีธรรมราชเป็นโครงการพัฒนาระบบระบายน้ำเพื่อลดปัญหาน้ำท่วมในตัวเมือง โดยกรมชลประทานดำเนินการก่อสร้างคลองระบายน้ำและอาคารบังคับน้ำตามแผนอย่างต่อเนื่อง ความคืบหน้าล่าสุดสามารถสอบถามได้ที่สำนักงานชลประทานในพื้นที่ภาคใต้,บรรเทาอุทกภัยนครศรีธรรมราช|คลองระบายน้ำ|อาคารบังคับน้ำ|ดำเนินการต่อเนื่อง|สอบถามสำนักชลประทานในพื้นที่
148,mandatory,ภาคตะวันออกเตรียมน้ำรองรับเขตพัฒนาพิเศษภาคตะวันออก (EEC) อย่างไร?,กรมชลประทานเตรียมแผนรองรับความต้องการใช้น้ำสำหรับอุปโภค-บริโภคและภาคการผลิตในภาคตะวันออกเพื่อรองรับ EEC โดยพัฒนาและเชื่อมโยงแหล่งน้ำ เพิ่มความจุอ่างเก็บน้ำ และผันน้ำระหว่างลุ่มน้ำตามความเหมาะสม ควบคู่กับการจัดสรรน้ำให้สมดุลกับภาคเกษตรและประชาชนในพื้นที่,รองรับ EEC|พัฒนาและเชื่อมโยงแหล่งน้ำ|เพิ่มความจุอ่าง|ผันน้ำระหว่างลุ่มน้ำ|สมดุลกับภาคเกษตร
149,royal_project,กรมชลประทานดูแล ปรับปรุง และบำรุงรักษาโครงการพระราชดำริต่างจากโครงการทั่วไปอย่างไร?,กรมชลประทานให้ความสำคัญกับโครงการอันเนื่องมาจากพระราชดำริเป็นอย่างยิ่ง โดยจะไม่ถ่ายโอนภารกิจการดูแลบำรุงรักษาให้องค์กรปกครองส่วนท้องถิ่นเหมือนโครงการอื่น แต่มอบหมายให้โครงการชลประทานจังหวัดหรือโครงการส่งน้ำและบำรุงรักษาทำหน้าที่ดูแล ซ่อมแซม และปรับปรุง โดยให้กลุ่มผู้ใช้น้ำมีส่วนร่วมในการบริหารจัดการ (ยกเว้นสถานีสูบน้ำด้วยไฟฟ้าที่ต้องถ่ายโอนตามระเบียบ),ไม่ถ่ายโอนการดูแล|โครงการชลประทานจังหวัดดูแล|ซ่อมแซมปรับปรุง|กลุ่มผู้ใช้น้ำมีส่วนร่วม|ยกเว้นสถานีสูบน้ำไฟฟ้า
150,royal_project,ทำไมโครงการพระราชดำริบางโครงการถึงดำเนินการล่าช้า?,เพราะงานพระราชดำริด้านพัฒนาแหล่งน้ำในความรับผิดชอบของกรมชลประทานมีจำนวนมาก และโครงการขนาดกลาง-ใหญ่ต้องผ่านหลายขั้นตอน ทั้งการศึกษาความเหมาะสมและผลกระทบสิ่งแวดล้อม การสำรวจออกแบบ การขออนุญาตใช้พื้นที่ป่าหรือที่สาธารณะ และการจัดหาที่ดิน ซึ่งซับซ้อนและต้องประสานหลายหน่วยงาน อย่างไรก็ตามกรมได้เร่งผลักดันให้เป็นไปตามแผนและเกิดประโยชน์แก่ประชาชนมากที่สุด,งานพระราชดำริจำนวนมาก|หลายขั้นตอน|ศึกษาความเหมาะสม/EIA|ขออนุญาตใช้พื้นที่|จัดหาที่ดิน|เร่งผลักดันตามแผน
151,royal_project,"โครงการ ""รักษ์น้ำเพื่อพระแม่ของแผ่นดิน"" คืออะไร?",เป็นโครงการตามแนวพระราชดำริที่กรมชลประทานสนับสนุนด้านการพัฒนาและอนุรักษ์แหล่งน้ำในพื้นที่สูงและพื้นที่ต้นน้ำ เพื่อแก้ปัญหาขาดแคลนน้ำและฟื้นฟูระบบนิเวศต้นน้ำ โดยจัดทำแผนงาน/งบประมาณล่วงหน้าและขับเคลื่อนร่วมกับโครงการพัฒนาพื้นที่สูงแบบโครงการหลวง ปัจจุบันมีการจัดทำแผนปฏิบัติการระยะ 4 ปี,แนวพระราชดำริ|พัฒนาและอนุรักษ์แหล่งน้ำ|พื้นที่สูง/ต้นน้ำ|ฟื้นฟูระบบนิเวศ|แผนปฏิบัติการ 4 ปี
152,royal_project,โครงการพัฒนาพื้นที่สูงแบบโครงการหลวง กรมชลประทานเกี่ยวข้องอย่างไร?,กรมชลประทานสนับสนุนการพัฒนาแหล่งน้ำและระบบส่งน้ำในพื้นที่ของศูนย์พัฒนาโครงการหลวงและโครงการพัฒนาพื้นที่สูงแบบโครงการหลวง เพื่อให้ชุมชนบนพื้นที่สูงมีน้ำสำหรับอุปโภค-บริโภคและการเกษตรอย่างยั่งยืน ลดการบุกรุกป่าและส่งเสริมการปลูกพืชทดแทน ตามแนวพระราชดำริ,สนับสนุนแหล่งน้ำพื้นที่สูง|โครงการหลวง|น้ำเพื่ออุปโภคและเกษตร|ลดการบุกรุกป่า|แนวพระราชดำริ
153,royal_project,โครงการห้วยโสมงอันเนื่องมาจากพระราชดำริ จังหวัดปราจีนบุรี มีวัตถุประสงค์อะไร?,โครงการห้วยโสมงอันเนื่องมาจากพระราชดำริ อำเภอนาดี จังหวัดปราจีนบุรี เป็นโครงการพัฒนาแหล่งน้ำขนาดใหญ่เพื่อเก็บกักน้ำไว้ใช้เพื่อการเกษตรและอุปโภค-บริโภค บรรเทาปัญหาอุทกภัยและภัยแล้งในลุ่มน้ำปราจีนบุรี และช่วยผลักดันน้ำเค็ม โดยผ่านมติคณะรัฐมนตรีและดำเนินการก่อสร้างต่อเนื่องหลายปีตามขั้นตอนของโครงการขนาดใหญ่,ห้วยโสมง|ปราจีนบุรี|เก็บกักน้ำเพื่อเกษตรและอุปโภค|บรรเทาอุทกภัยภัยแล้ง|ผลักดันน้ำเค็ม
