ID,ประเภท,คำถาม,แนวทางคำตอบ,ประเด็นสำคัญ
1,v_trans_all_point,เขื่อนภูมิพลปริมาณน้ำระบายสะสม เมื่อวานอยู่ที่เท่าไหร่?,ดึงข้อมูล outflow_cumulative_year ของ เขื่อนภูมิพล จาก v_trans_all ในช่วงเมื่อวาน (ข้อมูลย้อนหลัง 1 วัน) แล้วแสดงค่าปริมาณน้ำระบายสะสม หน่วย ล้าน ลบ.ม.,เขื่อน|ภูมิพล|น้ำระบายสะสม|เมื่อวาน|ลบ.ม.
2,v_trans_all_point,เขื่อนภูมิพลปริมาณน้ำเก็บกักสูงสุดเมื่อวานอยู่ที่เท่าไหร่?,ดึงข้อมูล qstore ของ เขื่อนภูมิพล จาก v_trans_all ในช่วงเมื่อวาน (ข้อมูลย้อนหลัง 1 วัน) แล้วแสดงค่าปริมาณน้ำเก็บกักสูงสุด หน่วย ล้าน ลบ.ม.,เขื่อน|ภูมิพล|น้ำเก็บกักสูงสุด|เมื่อวาน|ลบ.ม.
3,v_trans_all_point,เขื่อนภูมิพลปริมาณความจุสูงสุดวันนี้อยู่ที่เท่าไหร่?,ดึงข้อมูล qmax ของ เขื่อนภูมิพล จาก v_trans_all ในช่วงวันนี้ (ข้อมูลล่าสุดของวันนี้) แล้วแสดงค่าปริมาณความจุสูงสุด หน่วย ล้าน ลบ.ม.,เขื่อน|ภูมิพล|ความจุสูงสุด|วันนี้|ลบ.ม.
4,v_trans_all_point,เขื่อนภูมิพลปริมาณน้ำเก็บกักวันนี้อยู่ที่เท่าไหร่?,ดึงข้อมูล qstore_curr ของ เขื่อนภูมิพล จาก v_trans_all ในช่วงวันนี้ (ข้อมูลล่าสุดของวันนี้) แล้วแสดงค่าปริมาณน้ำเก็บกักวันนี้ หน่วย ล้าน ลบ.ม.,เขื่อน|ภูมิพล|น้ำเก็บกัก|วันนี้|ลบ.ม.
5,v_trans_all_point,เขื่อนภูมิพลปริมาณน้ำไหลเข้าสะสม เดือนที่แล้วอยู่ที่เท่าไหร่?,ดึงข้อมูล inflow_cumulative_year ของ เขื่อนภูมิพล จาก v_trans_all ในช่วงเดือนที่แล้ว (ข้อมูลย้อนหลัง 30 วัน) แล้วแสดงค่าปริมาณน้ำไหลเข้าสะสม หน่วย ล้าน ลบ.ม.,เขื่อน|ภูมิพล|น้ำไหลเข้าสะสม|เดือนที่แล้ว|ลบ.ม.
6,v_trans_all_point,เขื่อนแม่มอกปริมาณความจุสูงสุดวันนี้อยู่ที่เท่าไหร่?,ดึงข้อมูล qmax ของ เขื่อนแม่มอก จาก v_trans_all ในช่วงวันนี้ (ข้อมูลล่าสุดของวันนี้) แล้วแสดงค่าปริมาณความจุสูงสุด หน่วย ล้าน ลบ.ม.,เขื่อน|แม่มอก|ความจุสูงสุด|วันนี้|ลบ.ม.
7,v_trans_all_point,เขื่อนแม่มอกปริมาณน้ำระบายสะสม เมื่อวานอยู่ที่เท่าไหร่?,ดึงข้อมูล outflow_cumulative_year ของ เขื่อนแม่มอก จาก v_trans_all ในช่วงเมื่อวาน (ข้อมูลย้อนหลัง 1 วัน) แล้วแสดงค่าปริมาณน้ำระบายสะสม หน่วย ล้าน ลบ.ม.,เขื่อน|แม่มอก|น้ำระบายสะสม|เมื่อวาน|ลบ.ม.
8,v_trans_all_point,เขื่อนแม่มอกปริมาณน้ำเก็บกักสูงสุดเดือนที่แล้วอยู่ที่เท่าไหร่?,ดึงข้อมูล qstore ของ เขื่อนแม่มอก จาก v_trans_all ในช่วงเดือนที่แล้ว (ข้อมูลย้อนหลัง 30 วัน) แล้วแสดงค่าปริมาณน้ำเก็บกักสูงสุด หน่วย ล้าน ลบ.ม.,เขื่อน|แม่มอก|น้ำเก็บกักสูงสุด|เดือนที่แล้ว|ลบ.ม.
9,v_trans_all_point,เขื่อนแม่มอกระดับน้ำเมื่อวานอยู่ที่เท่าไหร่?,ดึงข้อมูล ulevel_curr ของ เขื่อนแม่มอก จาก v_trans_all ในช่วงเมื่อวาน (ข้อมูลย้อนหลัง 1 วัน) แล้วแสดงค่าระดับน้ำวันนี้ หน่วย ม.,เขื่อน|แม่มอก|ระดับน้ำ|เมื่อวาน|ม.
10,v_trans_all_point,เขื่อนแม่มอกปริมาณน้ำระบายเดือนที่แล้วอยู่ที่เท่าไหร่?,ดึงข้อมูล outflow_curr ของ เขื่อนแม่มอก จาก v_trans_all ในช่วงเดือนที่แล้ว (ข้อมูลย้อนหลัง 30 วัน) แล้วแสดงค่าปริมาณน้ำระบายวันนี้ หน่วย ล้าน ลบ.ม.,เขื่อน|แม่มอก|น้ำระบาย|เดือนที่แล้ว|ลบ.ม.
11,v_trans_all_point,อ่างเก็บน้ำคลองข้างในปริมาณน้ำใช้การสูงสุดวันนี้เป็นเท่าไหร่?,ดึงข้อมูล qusage ของ อ่างเก็บน้ำคลองข้างใน จาก v_trans_all ในช่วงวันนี้ (ข้อมูลล่าสุดของวันนี้) แล้วแสดงค่าปริมาณน้ำใช้การสูงสุด หน่วย ล้าน ลบ.ม.,อ่างเก็บน้ำ|คลองข้างใน|น้ำใช้การสูงสุด|วันนี้|ลบ.ม.
12,v_trans_all_point,อ่างเก็บน้ำคลองข้างในระดับน้ำเดือนที่แล้วเป็นเท่าไหร่?,ดึงข้อมูล ulevel_curr ของ อ่างเก็บน้ำคลองข้างใน จาก v_trans_all ในช่วงเดือนที่แล้ว (ข้อมูลย้อนหลัง 30 วัน) แล้วแสดงค่าระดับน้ำวันนี้ หน่วย ม.,อ่างเก็บน้ำ|คลองข้างใน|ระดับน้ำ|เดือนที่แล้ว|ม.
13,v_trans_all_point,อ่างเก็บน้ำคลองข้างในปริมาณน้ำใช้การวันนี้เป็นเท่าไหร่?,ดึงข้อมูล qusage_curr ของ อ่างเก็บน้ำคลองข้างใน จาก v_trans_all ในช่วงวันนี้ (ข้อมูลล่าสุดของวันนี้) แล้วแสดงค่าปริมาณน้ำใช้การวันนี้ หน่วย ล้าน ลบ.ม.,อ่างเก็บน้ำ|คลองข้างใน|น้ำใช้การ|วันนี้|ลบ.ม.
14,v_trans_all_point,อ่างเก็บน้ำคลองข้างในปริมาณน้ำเก็บกักสูงสุดสัปดาห์ที่แล้วเป็นเท่าไหร่?,ดึงข้อมูล qstore ของ อ่างเก็บน้ำคลองข้างใน จาก v_trans_all ในช่วงสัปดาห์ที่แล้ว (ข้อมูลย้อนหลัง 7 วัน) แล้วแสดงค่าปริมาณน้ำเก็บกักสูงสุด หน่วย ล้าน ลบ.ม.,อ่างเก็บน้ำ|คลองข้างใน|น้ำเก็บกักสูงสุด|สัปดาห์ที่แล้ว|ลบ.ม.
15,v_trans_all_point,อ่างเก็บน้ำห้วยแม่ท้อปริมาณน้ำใช้การเดือนที่แล้วเป็นเท่าไหร่?,ดึงข้อมูล qusage_curr ของ อ่างเก็บน้ำห้วยแม่ท้อ จาก v_trans_all ในช่วงเดือนที่แล้ว (ข้อมูลย้อนหลัง 30 วัน) แล้วแสดงค่าปริมาณน้ำใช้การวันนี้ หน่วย ล้าน ลบ.ม.,อ่างเก็บน้ำ|ห้วยแม่ท้อ|น้ำใช้การ|เดือนที่แล้ว|ลบ.ม.
16,v_trans_all_point,อ่างเก็บน้ำห้วยแม่ท้อปริมาณน้ำไหลเข้าสะสม วันนี้เป็นเท่าไหร่?,ดึงข้อมูล inflow_cumulative_year ของ อ่างเก็บน้ำห้วยแม่ท้อ จาก v_trans_all ในช่วงวันนี้ (ข้อมูลล่าสุดของวันนี้) แล้วแสดงค่าปริมาณน้ำไหลเข้าสะสม หน่วย ล้าน ลบ.ม.,อ่างเก็บน้ำ|ห้วยแม่ท้อ|น้ำไหลเข้าสะสม|วันนี้|ลบ.ม.
17,v_trans_all_point,อ่างเก็บน้ำห้วยแม่ท้อปริมาณน้ำเก็บกักเดือนที่แล้วเป็นเท่าไหร่?,ดึงข้อมูล qstore_curr ของ อ่างเก็บน้ำห้วยแม่ท้อ จาก v_trans_all ในช่วงเดือนที่แล้ว (ข้อมูลย้อนหลัง 30 วัน) แล้วแสดงค่าปริมาณน้ำเก็บกักวันนี้ หน่วย ล้าน ลบ.ม.,อ่างเก็บน้ำ|ห้วยแม่ท้อ|น้ำเก็บกักวันนี้|เดือนที่แล้ว|ลบ.ม.
18,v_trans_all_point,อ่างเก็บน้ำห้วยแม่ท้อปริมาณความจุสูงสุดวันนี้เป็นเท่าไหร่?,ดึงข้อมูล qmax ของ อ่างเก็บน้ำห้วยแม่ท้อ จาก v_trans_all ในช่วงวันนี้ (ข้อมูลล่าสุดของวันนี้) แล้วแสดงค่าปริมาณความจุสูงสุด หน่วย ล้าน ลบ.ม.,อ่างเก็บน้ำ|ห้วยแม่ท้อ|ความจุสูงสุด|วันนี้|ลบ.ม.
19,v_trans_all_point,อ่างเก็บน้ำแม่สายปริมาณน้ำระบายวันนี้เป็นเท่าไหร่?,ดึงข้อมูล outflow_curr ของ อ่างเก็บน้ำแม่สาย จาก v_trans_all ในช่วงวันนี้ (ข้อมูลล่าสุดของวันนี้) แล้วแสดงค่าปริมาณน้ำระบายวันนี้ หน่วย ล้าน ลบ.ม.,อ่างเก็บน้ำ|แม่สาย|น้ำระบาย|วันนี้|ลบ.ม.
20,v_trans_all_point,อ่างเก็บน้ำแม่สายปริมาณน้ำเก็บกักวันนี้เป็นเท่าไหร่?,ดึงข้อมูล qstore_curr ของ อ่างเก็บน้ำแม่สาย จาก v_trans_all ในช่วงวันนี้ (ข้อมูลล่าสุดของวันนี้) แล้วแสดงค่าปริมาณน้ำเก็บกักวันนี้ หน่วย ล้าน ลบ.ม.,อ่างเก็บน้ำ|แม่สาย|น้ำเก็บกัก|วันนี้|ลบ.ม.
21,v_trans_all_point,อ่างเก็บน้ำแม่สายปริมาณน้ำใช้การเมื่อวานเป็นเท่าไหร่?,ดึงข้อมูล qusage_curr ของ อ่างเก็บน้ำแม่สาย จาก v_trans_all ในช่วงเมื่อวาน (ข้อมูลย้อนหลัง 1 วัน) แล้วแสดงค่าปริมาณน้ำใช้การวันนี้ หน่วย ล้าน ลบ.ม.,อ่างเก็บน้ำ|แม่สาย|น้ำใช้การ|เมื่อวาน|ลบ.ม.
22,v_trans_all_point,อ่างเก็บน้ำแม่สายระดับน้ำสัปดาห์ที่แล้วเป็นเท่าไหร่?,ดึงข้อมูล ulevel_curr ของ อ่างเก็บน้ำแม่สาย จาก v_trans_all ในช่วงสัปดาห์ที่แล้ว (ข้อมูลย้อนหลัง 7 วัน) แล้วแสดงค่าระดับน้ำวันนี้ หน่วย ม.,อ่างเก็บน้ำ|แม่สาย|ระดับน้ำ|สัปดาห์ที่แล้ว|ม.
23,v_trans_all_point,อ่างเก็บน้ำห้วยทรวงปริมาณน้ำเก็บกักสูงสุดสัปดาห์ที่แล้วเป็นเท่าไหร่?,ดึงข้อมูล qstore ของ อ่างเก็บน้ำห้วยทรวง จาก v_trans_all ในช่วงสัปดาห์ที่แล้ว (ข้อมูลย้อนหลัง 7 วัน) แล้วแสดงค่าปริมาณน้ำเก็บกักสูงสุด หน่วย ล้าน ลบ.ม.,อ่างเก็บน้ำ|ห้วยทรวง|น้ำเก็บกักสูงสุด|สัปดาห์ที่แล้ว|ลบ.ม.
24,v_trans_all_point,อ่างเก็บน้ำห้วยทรวงระดับน้ำเดือนที่แล้วเป็นเท่าไหร่?,ดึงข้อมูล ulevel_curr ของ อ่างเก็บน้ำห้วยทรวง จาก v_trans_all ในช่วงเดือนที่แล้ว (ข้อมูลย้อนหลัง 30 วัน) แล้วแสดงค่าระดับน้ำวันนี้ หน่วย ม.,อ่างเก็บน้ำ|ห้วยทรวง|ระดับน้ำ|เดือนที่แล้ว|ม.
25,v_trans_all_point,อ่างเก็บน้ำห้วยทรวงปริมาณน้ำระบายสะสม สัปดาห์ที่แล้วเป็นเท่าไหร่?,ดึงข้อมูล outflow_cumulative_year ของ อ่างเก็บน้ำห้วยทรวง จาก v_trans_all ในช่วงสัปดาห์ที่แล้ว (ข้อมูลย้อนหลัง 7 วัน) แล้วแสดงค่าปริมาณน้ำระบายสะสม หน่วย ล้าน ลบ.ม.,อ่างเก็บน้ำ|ห้วยทรวง|น้ำระบายสะสม|สัปดาห์ที่แล้ว|ลบ.ม.
26,v_trans_all_point,อ่างเก็บน้ำห้วยทรวงร้อยละน้ำเก็บกักเมื่อวานเป็นเท่าไหร่?,ดึงข้อมูล percent_qstore_curr ของ อ่างเก็บน้ำห้วยทรวง จาก v_trans_all ในช่วงเมื่อวาน (ข้อมูลย้อนหลัง 1 วัน) แล้วแสดงค่าร้อยละน้ำเก็บกักวันนี้ หน่วย %,อ่างเก็บน้ำ|ห้วยทรวง|ร้อยละ|น้ำเก็บกัก|เมื่อวาน|%
27,v_trans_all_point,อ่างเก็บน้ำห้วยป่าบงปริมาณน้ำใช้การวันนี้เป็นเท่าไหร่?,ดึงข้อมูล qusage_curr ของ อ่างเก็บน้ำห้วยป่าบง จาก v_trans_all ในช่วงวันนี้ (ข้อมูลล่าสุดของวันนี้) แล้วแสดงค่าปริมาณน้ำใช้การวันนี้ หน่วย ล้าน ลบ.ม.,อ่างเก็บน้ำ|ห้วยป่าบง|น้ำใช้การ|วันนี้|ลบ.ม.
28,v_trans_all_point,อ่างเก็บน้ำห้วยป่าบงปริมาณน้ำระบายสะสม เมื่อวานเป็นเท่าไหร่?,ดึงข้อมูล outflow_cumulative_year ของ อ่างเก็บน้ำห้วยป่าบง จาก v_trans_all ในช่วงเมื่อวาน (ข้อมูลย้อนหลัง 1 วัน) แล้วแสดงค่าปริมาณน้ำระบายสะสม หน่วย ล้าน ลบ.ม.,อ่างเก็บน้ำ|ห้วยป่าบง|น้ำระบายสะสม|เมื่อวาน|ลบ.ม.
29,v_trans_all_point,อ่างเก็บน้ำห้วยป่าบงระดับน้ำเมื่อวานเป็นเท่าไหร่?,ดึงข้อมูล ulevel_curr ของ อ่างเก็บน้ำห้วยป่าบง จาก v_trans_all ในช่วงเมื่อวาน (ข้อมูลย้อนหลัง 1 วัน) แล้วแสดงค่าระดับน้ำวันนี้ หน่วย ม.,อ่างเก็บน้ำ|ห้วยป่าบง|ระดับน้ำ|เมื่อวาน|ม.
30,v_trans_all_point,อ่างเก็บน้ำห้วยป่าบงปริมาณน้ำเก็บกักเมื่อวานเป็นเท่าไหร่?,ดึงข้อมูล qstore_curr ของ อ่างเก็บน้ำห้วยป่าบง จาก v_trans_all ในช่วงเมื่อวาน (ข้อมูลย้อนหลัง 1 วัน) แล้วแสดงค่าปริมาณน้ำเก็บกักวันนี้ หน่วย ล้าน ลบ.ม.,อ่างเก็บน้ำ|ห้วยป่าบง|น้ำเก็บกักวันนี้|เมื่อวาน|ลบ.ม.
31,v_trans_all_point,อ่างเก็บน้ำห้วยแม่สำปริมาณน้ำไหลเข้าสัปดาห์ที่แล้วเป็นเท่าไหร่?,ดึงข้อมูล inflow_curr ของ อ่างเก็บน้ำห้วยแม่สำ จาก v_trans_all ในช่วงสัปดาห์ที่แล้ว (ข้อมูลย้อนหลัง 7 วัน) แล้วแสดงค่าปริมาณน้ำไหลเข้าวันนี้ หน่วย ล้าน ลบ.ม.,อ่างเก็บน้ำ|ห้วยแม่สำ|น้ำไหลเข้าวันนี้|สัปดาห์ที่แล้ว|ลบ.ม.
32,v_trans_all_point,อ่างเก็บน้ำห้วยแม่สำร้อยละน้ำเก็บกักวันนี้เป็นเท่าไหร่?,ดึงข้อมูล percent_qstore_curr ของ อ่างเก็บน้ำห้วยแม่สำ จาก v_trans_all ในช่วงวันนี้ (ข้อมูลล่าสุดของวันนี้) แล้วแสดงค่าร้อยละน้ำเก็บกักวันนี้ หน่วย %,อ่างเก็บน้ำ|ห้วยแม่สำ|ร้อยละ|น้ำเก็บกัก|วันนี้|%
33,v_trans_all_point,อ่างเก็บน้ำห้วยแม่สำปริมาณน้ำเก็บกักเมื่อวานเป็นเท่าไหร่?,ดึงข้อมูล qstore_curr ของ อ่างเก็บน้ำห้วยแม่สำ จาก v_trans_all ในช่วงเมื่อวาน (ข้อมูลย้อนหลัง 1 วัน) แล้วแสดงค่าปริมาณน้ำเก็บกักวันนี้ หน่วย ล้าน ลบ.ม.,อ่างเก็บน้ำ|ห้วยแม่สำ|น้ำเก็บกักวันนี้|เมื่อวาน|ลบ.ม.
34,v_trans_all_point,อ่างเก็บน้ำห้วยแม่สำระดับน้ำวันนี้เป็นเท่าไหร่?,ดึงข้อมูล ulevel_curr ของ อ่างเก็บน้ำห้วยแม่สำ จาก v_trans_all ในช่วงวันนี้ (ข้อมูลล่าสุดของวันนี้) แล้วแสดงค่าระดับน้ำวันนี้ หน่วย ม.,อ่างเก็บน้ำ|ห้วยแม่สำ|ระดับน้ำ|วันนี้|ม.
35,v_trans_all_point,อ่างเก็บน้ำแม่กองค่ายปริมาณน้ำใช้การเมื่อวานเป็นเท่าไหร่?,ดึงข้อมูล qusage_curr ของ อ่างเก็บน้ำแม่กองค่าย จาก v_trans_all ในช่วงเมื่อวาน (ข้อมูลย้อนหลัง 1 วัน) แล้วแสดงค่าปริมาณน้ำใช้การวันนี้ หน่วย ล้าน ลบ.ม.,อ่างเก็บน้ำ|แม่กองค่าย|น้ำใช้การ|เมื่อวาน|ลบ.ม.
36,v_trans_all_point,อ่างเก็บน้ำแม่กองค่ายร้อยละน้ำเก็บกักสัปดาห์ที่แล้วเป็นเท่าไหร่?,ดึงข้อมูล percent_qstore_curr ของ อ่างเก็บน้ำแม่กองค่าย จาก v_trans_all ในช่วงสัปดาห์ที่แล้ว (ข้อมูลย้อนหลัง 7 วัน) แล้วแสดงค่าร้อยละน้ำเก็บกักวันนี้ หน่วย %,อ่างเก็บน้ำ|แม่กองค่าย|ร้อยละ|น้ำเก็บกัก|สัปดาห์ที่แล้ว|%
37,v_trans_all_point,อ่างเก็บน้ำแม่กองค่ายปริมาณน้ำเก็บกักเมื่อวานเป็นเท่าไหร่?,ดึงข้อมูล qstore_curr ของ อ่างเก็บน้ำแม่กองค่าย จาก v_trans_all ในช่วงเมื่อวาน (ข้อมูลย้อนหลัง 1 วัน) แล้วแสดงค่าปริมาณน้ำเก็บกักวันนี้ หน่วย ล้าน ลบ.ม.,อ่างเก็บน้ำ|แม่กองค่าย|น้ำเก็บกักวันนี้|เมื่อวาน|ลบ.ม.
38,v_trans_all_point,อ่างเก็บน้ำแม่กองค่ายปริมาณน้ำเก็บกักสูงสุดเดือนที่แล้วเป็นเท่าไหร่?,ดึงข้อมูล qstore ของ อ่างเก็บน้ำแม่กองค่าย จาก v_trans_all ในช่วงเดือนที่แล้ว (ข้อมูลย้อนหลัง 30 วัน) แล้วแสดงค่าปริมาณน้ำเก็บกักสูงสุด หน่วย ล้าน ลบ.ม.,อ่างเก็บน้ำ|แม่กองค่าย|น้ำเก็บกักสูงสุด|เดือนที่แล้ว|ลบ.ม.
39,v_trans_all_point,อ่างเก็บน้ำแม่คำปองร้อยละน้ำเก็บกักเมื่อวานเป็นเท่าไหร่?,ดึงข้อมูล percent_qstore_curr ของ อ่างเก็บน้ำแม่คำปอง จาก v_trans_all ในช่วงเมื่อวาน (ข้อมูลย้อนหลัง 1 วัน) แล้วแสดงค่าร้อยละน้ำเก็บกักวันนี้ หน่วย %,อ่างเก็บน้ำ|แม่คำปอง|ร้อยละ|น้ำเก็บกัก|เมื่อวาน|%
40,v_trans_all_point,อ่างเก็บน้ำแม่คำปองปริมาณน้ำไหลเข้าเมื่อวานเป็นเท่าไหร่?,ดึงข้อมูล inflow_curr ของ อ่างเก็บน้ำแม่คำปอง จาก v_trans_all ในช่วงเมื่อวาน (ข้อมูลย้อนหลัง 1 วัน) แล้วแสดงค่าปริมาณน้ำไหลเข้าวันนี้ หน่วย ล้าน ลบ.ม.,อ่างเก็บน้ำ|แม่คำปอง|น้ำไหลเข้าวันนี้|เมื่อวาน|ลบ.ม.
41,v_trans_all_point,อ่างเก็บน้ำแม่คำปองปริมาณน้ำใช้การสูงสุดสัปดาห์ที่แล้วเป็นเท่าไหร่?,ดึงข้อมูล qusage ของ อ่างเก็บน้ำแม่คำปอง จาก v_trans_all ในช่วงสัปดาห์ที่แล้ว (ข้อมูลย้อนหลัง 7 วัน) แล้วแสดงค่าปริมาณน้ำใช้การสูงสุด หน่วย ล้าน ลบ.ม.,อ่างเก็บน้ำ|แม่คำปอง|น้ำใช้การสูงสุด|สัปดาห์ที่แล้ว|ลบ.ม.
42,v_trans_all_point,อ่างเก็บน้ำแม่คำปองปริมาณน้ำเก็บกักเดือนที่แล้วเป็นเท่าไหร่?,ดึงข้อมูล qstore_curr ของ อ่างเก็บน้ำแม่คำปอง จาก v_trans_all ในช่วงเดือนที่แล้ว (ข้อมูลย้อนหลัง 30 วัน) แล้วแสดงค่าปริมาณน้ำเก็บกักวันนี้ หน่วย ล้าน ลบ.ม.,อ่างเก็บน้ำ|แม่คำปอง|น้ำเก็บกักวันนี้|เดือนที่แล้ว|ลบ.ม.
43,v_trans_all_point,สถานีบ้านปากร้อง รหัส TP.110 จ.ตาก ปริมาณฝนสะสมวันนี้อยู่ที่เท่าไหร่?,ดึงข้อมูล rain_sum_now ของสถานี บ้านปากร้อง (รหัส TP.110) จาก v_trans_all ในช่วงวันนี้ (ข้อมูลล่าสุดของวันนี้) แล้วแสดงค่าปริมาณฝนสะสมในวัน หน่วย ม.ม.,บ้าน|ปากร้อง|ฝนสะสมในวัน|วันนี้|ม.ม.
44,v_trans_all_point,สถานีบ้านปากร้อง รหัส TP.110 จ.ตาก ระดับน้ำเมื่อวานอยู่ที่เท่าไหร่?,ดึงข้อมูล water_level ของสถานี บ้านปากร้อง (รหัส TP.110) จาก v_trans_all ในช่วงเมื่อวาน (ข้อมูลย้อนหลัง 1 วัน) แล้วแสดงค่าระดับน้ำในวัน หน่วย ม.,บ้าน|ปากร้อง|ระดับน้ำในวัน|เมื่อวาน|ม.
45,v_trans_all_point,สถานีบ้านวังผา รหัส TSW.06 จ.ตาก ปริมาณฝนสะสมสัปดาห์ที่แล้วอยู่ที่เท่าไหร่?,ดึงข้อมูล rain_sum_now ของสถานี บ้านวังผา (รหัส TSW.06) จาก v_trans_all ในช่วงสัปดาห์ที่แล้ว (ข้อมูลย้อนหลัง 7 วัน) แล้วแสดงค่าปริมาณฝนสะสมในวัน หน่วย ม.ม.,บ้าน|วังผา|ฝนสะสมในวัน|สัปดาห์ที่แล้ว|ม.ม.
46,v_trans_all_point,สถานีบ้านวังผา รหัส TSW.06 จ.ตาก ระดับน้ำแจ้งเตือนวันนี้อยู่ที่เท่าไหร่?,ดึงข้อมูล water_level_warning ของสถานี บ้านวังผา (รหัส TSW.06) จาก v_trans_all ในช่วงวันนี้ (ข้อมูลล่าสุดของวันนี้) แล้วแสดงค่าระดับน้ำแจ้งเตือน หน่วย ม.,บ้าน|วังผา|ระดับน้ำแจ้งเตือน|วันนี้|ม.
47,v_trans_all_point,สถานีบ้านวังผา รหัส TSW.06 จ.ตาก ระดับน้ำวิกฤตสัปดาห์ที่แล้วอยู่ที่เท่าไหร่?,ดึงข้อมูล water_level_critical ของสถานี บ้านวังผา (รหัส TSW.06) จาก v_trans_all ในช่วงสัปดาห์ที่แล้ว (ข้อมูลย้อนหลัง 7 วัน) แล้วแสดงค่าระดับน้ำวิกฤต หน่วย ม.,บ้าน|วังผา|ระดับน้ำวิกฤต|สัปดาห์ที่แล้ว|ม.
48,v_trans_all_point,สถานีน้ำยม บ้านท่าชัย รหัส Y.1C จ.สุโขทัย ปริมาณน้ำผ่านวันนี้อยู่ที่เท่าไหร่?,ดึงข้อมูล hydro_water_accel ของสถานี น้ำยม บ้านท่าชัย (รหัส Y.1C) จาก v_trans_all ในช่วงวันนี้ (ข้อมูลล่าสุดของวันนี้) แล้วแสดงค่าปริมาณน้ำผ่านในวัน หน่วย ลบ.ม./วินาที,น้ำยม|บ้านท่าชัย|น้ำผ่านในวัน|วันนี้|ลบ.ม.|วิ
49,v_trans_all_point,สถานีน้ำยม บ้านท่าชัย รหัส Y.1C จ.สุโขทัย ระดับน้ำ รทก. สัปดาห์ที่แล้วอยู่ที่เท่าไหร่?,ดึงข้อมูล hydro_water_level_rtk ของสถานี น้ำยม บ้านท่าชัย (รหัส Y.1C) จาก v_trans_all ในช่วงสัปดาห์ที่แล้ว (ข้อมูลย้อนหลัง 7 วัน) แล้วแสดงค่าระดับน้ำ รทก. หน่วย ม.,น้ำยม|บ้านท่าชัย|ระดับน้ำ รทก.|สัปดาห์ที่แล้ว|ม.
50,v_trans_all_point,สถานีหน้าวัดศรีภิรมย์ รหัส P.15 จ.กำแพงเพชร ระดับน้ำวิกฤตเมื่อวานอยู่ที่เท่าไหร่?,ดึงข้อมูล hydro_level_critical ของสถานี หน้าวัดศรีภิรมย์ (รหัส P.15) จาก v_trans_all ในช่วงเมื่อวาน (ข้อมูลย้อนหลัง 1 วัน) แล้วแสดงค่าระดับน้ำวิกฤต หน่วย ม.,หน้าวัด|ศรีภิรมย์|ระดับน้ำวิกฤต|เมื่อวาน|ม.
51,v_trans_all_point,สถานีหน้าวัดศรีภิรมย์ รหัส P.15 จ.กำแพงเพชร ระดับน้ำ รทก. สัปดาห์ที่แล้วอยู่ที่เท่าไหร่?,ดึงข้อมูล hydro_water_level_rtk ของสถานี หน้าวัดศรีภิรมย์ (รหัส P.15) จาก v_trans_all ในช่วงสัปดาห์ที่แล้ว (ข้อมูลย้อนหลัง 7 วัน) แล้วแสดงค่าระดับน้ำ รทก. หน่วย ม.,หน้าวัด|ศรีภิรมย์|ระดับน้ำ รทก.|สัปดาห์ที่แล้ว|ม.
52,v_trans_all_point,สถานีบ้านกง รหัส Y.15 จ.สุโขทัย ระดับน้ำ รทก. สัปดาห์ที่แล้วอยู่ที่เท่าไหร่?,ดึงข้อมูล hydro_water_level_rtk ของสถานี บ้านกง (รหัส Y.15) จาก v_trans_all ในช่วงสัปดาห์ที่แล้ว (ข้อมูลย้อนหลัง 7 วัน) แล้วแสดงค่าระดับน้ำ รทก. หน่วย ม.,บ้าน|กง|ระดับน้ำ รทก.|สัปดาห์ที่แล้ว|ม.
53,v_trans_all_point,สถานีบ้านกง รหัส Y.15 จ.สุโขทัย ระดับน้ำ รสม. เดือนที่แล้วอยู่ที่เท่าไหร่?,ดึงข้อมูล hydro_water_level_rsm ของสถานี บ้านกง (รหัส Y.15) จาก v_trans_all ในช่วงเดือนที่แล้ว (ข้อมูลย้อนหลัง 30 วัน) แล้วแสดงค่าระดับน้ำ รสม. ในวัน หน่วย ม.,บ้าน|กง|ระดับน้ำ รสม. ในวัน|เดือนที่แล้ว|ม.
54,v_trans_all_point,สถานีบ้านปางมะค่า รหัส Ct.5A จ.กำแพงเพชร ระดับน้ำ รสม. สัปดาห์ที่แล้วอยู่ที่เท่าไหร่?,ดึงข้อมูล hydro_water_level_rsm ของสถานี บ้านปางมะค่า (รหัส Ct.5A) จาก v_trans_all ในช่วงสัปดาห์ที่แล้ว (ข้อมูลย้อนหลัง 7 วัน) แล้วแสดงค่าระดับน้ำ รสม. ในวัน หน่วย ม.,บ้าน|ปางมะค่า|ระดับน้ำ รสม. ในวัน|สัปดาห์ที่แล้ว|ม.
55,v_trans_all_point,สถานีบ้านปางมะค่า รหัส Ct.5A จ.กำแพงเพชร ระดับน้ำวิกฤตสัปดาห์ที่แล้วอยู่ที่เท่าไหร่?,ดึงข้อมูล hydro_level_critical ของสถานี บ้านปางมะค่า (รหัส Ct.5A) จาก v_trans_all ในช่วงสัปดาห์ที่แล้ว (ข้อมูลย้อนหลัง 7 วัน) แล้วแสดงค่าระดับน้ำวิกฤต หน่วย ม.,บ้าน|ปางมะค่า|ระดับน้ำวิกฤต|สัปดาห์ที่แล้ว|ม.
56,v_trans_all_trend,เขื่อนภูมิพลปริมาณน้ำเก็บกักสูงสุดสัปดาห์ที่แล้วเทียบกับเดือนที่แล้วเปลี่ยนแปลงยังไง?,ดึงข้อมูล qstore ของ เขื่อนภูมิพล จาก v_trans_all ทั้งช่วงสัปดาห์ที่แล้วและเดือนที่แล้ว แล้วแสดงค่าเปรียบเทียบแนวโน้มปริมาณน้ำเก็บกักสูงสุด หน่วย ล้าน ลบ.ม.,เขื่อน|ภูมิพล|น้ำเก็บกักสูงสุด|สัปดาห์ที่แล้ว|เดือนที่แล้ว|ลบ.ม.
57,v_trans_all_trend,เขื่อนภูมิพลปริมาณน้ำไหลเข้าวันนี้เทียบกับเมื่อวานเปลี่ยนแปลงยังไง?,ดึงข้อมูล inflow_curr ของ เขื่อนภูมิพล จาก v_trans_all ทั้งช่วงวันนี้และเมื่อวาน แล้วแสดงค่าเปรียบเทียบแนวโน้มปริมาณน้ำไหลเข้าวันนี้ หน่วย ล้าน ลบ.ม.,เขื่อน|ภูมิพล|น้ำไหลเข้าวันนี้|วันนี้|เมื่อวาน|ลบ.ม.
58,v_trans_all_trend,เขื่อนภูมิพลปริมาณน้ำเก็บกักสูงสุดวันนี้เทียบกับเดือนที่แล้วเปลี่ยนแปลงยังไง?,ดึงข้อมูล qstore ของ เขื่อนภูมิพล จาก v_trans_all ทั้งช่วงวันนี้และเดือนที่แล้ว แล้วแสดงค่าเปรียบเทียบแนวโน้มปริมาณน้ำเก็บกักสูงสุด หน่วย ล้าน ลบ.ม.,เขื่อน|ภูมิพล|น้ำเก็บกักสูงสุด|วันนี้|เดือนที่แล้ว|ลบ.ม.
59,v_trans_all_trend,เขื่อนภูมิพลปริมาณน้ำระบายวันนี้เทียบกับสัปดาห์ที่แล้วเปลี่ยนแปลงยังไง?,ดึงข้อมูล outflow_curr ของ เขื่อนภูมิพล จาก v_trans_all ทั้งช่วงวันนี้และสัปดาห์ที่แล้ว แล้วแสดงค่าเปรียบเทียบแนวโน้มปริมาณน้ำระบายวันนี้ หน่วย ล้าน ลบ.ม.,เขื่อน|ภูมิพล|น้ำระบาย|วันนี้|สัปดาห์ที่แล้ว|ลบ.ม.
60,v_trans_all_trend,เขื่อนแม่มอกปริมาณน้ำระบายสัปดาห์ที่แล้วเทียบกับเดือนที่แล้วเปลี่ยนแปลงยังไง?,ดึงข้อมูล outflow_curr ของ เขื่อนแม่มอก จาก v_trans_all ทั้งช่วงสัปดาห์ที่แล้วและเดือนที่แล้ว แล้วแสดงค่าเปรียบเทียบแนวโน้มปริมาณน้ำระบายวันนี้ หน่วย ล้าน ลบ.ม.,เขื่อน|แม่มอก|น้ำระบาย|สัปดาห์ที่แล้ว|เดือนที่แล้ว|ลบ.ม.
61,v_trans_all_trend,เขื่อนแม่มอกปริมาณน้ำใช้การสูงสุดเมื่อวานเทียบกับสัปดาห์ที่แล้วเปลี่ยนแปลงยังไง?,ดึงข้อมูล qusage ของ เขื่อนแม่มอก จาก v_trans_all ทั้งช่วงเมื่อวานและสัปดาห์ที่แล้ว แล้วแสดงค่าเปรียบเทียบแนวโน้มปริมาณน้ำใช้การสูงสุด หน่วย ล้าน ลบ.ม.,เขื่อน|แม่มอก|น้ำใช้การสูงสุด|เมื่อวาน|สัปดาห์ที่แล้ว|ลบ.ม.
62,v_trans_all_trend,เขื่อนแม่มอกปริมาณน้ำเก็บกักวันนี้เทียบกับสัปดาห์ที่แล้วเปลี่ยนแปลงยังไง?,ดึงข้อมูล qstore_curr ของ เขื่อนแม่มอก จาก v_trans_all ทั้งช่วงวันนี้และสัปดาห์ที่แล้ว แล้วแสดงค่าเปรียบเทียบแนวโน้มปริมาณน้ำเก็บกักวันนี้ หน่วย ล้าน ลบ.ม.,เขื่อน|แม่มอก|น้ำเก็บกัก|วันนี้|สัปดาห์ที่แล้ว|ลบ.ม.
63,v_trans_all_trend,เขื่อนแม่มอกปริมาณน้ำระบายวันนี้เทียบกับเดือนที่แล้วเปลี่ยนแปลงยังไง?,ดึงข้อมูล outflow_curr ของ เขื่อนแม่มอก จาก v_trans_all ทั้งช่วงวันนี้และเดือนที่แล้ว แล้วแสดงค่าเปรียบเทียบแนวโน้มปริมาณน้ำระบายวันนี้ หน่วย ล้าน ลบ.ม.,เขื่อน|แม่มอก|น้ำระบาย|วันนี้|เดือนที่แล้ว|ลบ.ม.
64,v_trans_all_trend,อ่างเก็บน้ำคลองไพรปริมาณน้ำระบายวันนี้กับเดือนที่แล้วต่างกันเท่าไหร่?,ดึงข้อมูล outflow_curr ของ อ่างเก็บน้ำคลองไพร จาก v_trans_all ทั้งช่วงวันนี้และเดือนที่แล้ว แล้วแสดงแนวโน้มปริมาณน้ำระบายวันนี้ หน่วย ล้าน ลบ.ม.,อ่างเก็บน้ำ|คลองไพร|น้ำระบาย|วันนี้|เดือนที่แล้ว|ลบ.ม.
65,v_trans_all_trend,อ่างเก็บน้ำห้วยแม่สำปริมาณน้ำเก็บกักสูงสุดวันนี้กับเดือนที่แล้วต่างกันเท่าไหร่?,ดึงข้อมูล qstore ของ อ่างเก็บน้ำห้วยแม่สำ จาก v_trans_all ทั้งช่วงวันนี้และเดือนที่แล้ว แล้วแสดงแนวโน้มปริมาณน้ำเก็บกักสูงสุด หน่วย ล้าน ลบ.ม.,อ่างเก็บน้ำ|ห้วยแม่สำ|น้ำเก็บกักสูงสุด|วันนี้|เดือนที่แล้ว|ลบ.ม.
66,v_trans_all_trend,อ่างเก็บน้ำห้วยท่าแพระดับน้ำสัปดาห์ที่แล้วกับเดือนที่แล้วต่างกันเท่าไหร่?,ดึงข้อมูล ulevel_curr ของ อ่างเก็บน้ำห้วยท่าแพ จาก v_trans_all ทั้งช่วงสัปดาห์ที่แล้วและเดือนที่แล้ว แล้วแสดงแนวโน้มระดับน้ำวันนี้ หน่วย ม.,อ่างเก็บน้ำ|ห้วยท่าแพ|ระดับน้ำ|สัปดาห์ที่แล้ว|เดือนที่แล้ว|ม.
67,v_trans_all_trend,อ่างเก็บน้ำแม่สอดตอนบนปริมาณน้ำใช้การวันนี้กับเมื่อวานต่างกันเท่าไหร่?,ดึงข้อมูล qusage_curr ของ อ่างเก็บน้ำแม่สอดตอนบน จาก v_trans_all ทั้งช่วงวันนี้และเมื่อวาน แล้วแสดงแนวโน้มปริมาณน้ำใช้การวันนี้ หน่วย ล้าน ลบ.ม.,อ่างเก็บน้ำ|แม่สอดตอนบน|น้ำใช้การ|วันนี้|เมื่อวาน|ลบ.ม.
68,v_trans_all_trend,อ่างเก็บน้ำห้วยแม่สูงปริมาณน้ำไหลเข้าสะสม วันนี้กับเมื่อวานต่างกันเท่าไหร่?,ดึงข้อมูล inflow_cumulative_year ของ อ่างเก็บน้ำห้วยแม่สูง จาก v_trans_all ทั้งช่วงวันนี้และเมื่อวาน แล้วแสดงแนวโน้มปริมาณน้ำไหลเข้าสะสม หน่วย ล้าน ลบ.ม.,อ่างเก็บน้ำ|ห้วยแม่สูง|น้ำไหลเข้าสะสม|วันนี้|เมื่อวาน|ลบ.ม.
69,v_trans_all_trend,อ่างเก็บน้ำห้วยแม่สอดระดับน้ำเมื่อวานกับสัปดาห์ที่แล้วต่างกันเท่าไหร่?,ดึงข้อมูล ulevel_curr ของ อ่างเก็บน้ำห้วยแม่สอด จาก v_trans_all ทั้งช่วงเมื่อวานและสัปดาห์ที่แล้ว แล้วแสดงแนวโน้มระดับน้ำวันนี้ หน่วย ม.,อ่างเก็บน้ำ|ห้วยแม่สอด|ระดับน้ำ|เมื่อวาน|สัปดาห์ที่แล้ว|ม.
70,v_trans_all_trend,อ่างเก็บน้ำคลองข้างในระดับน้ำเมื่อวานกับสัปดาห์ที่แล้วต่างกันเท่าไหร่?,ดึงข้อมูล ulevel_curr ของ อ่างเก็บน้ำคลองข้างใน จาก v_trans_all ทั้งช่วงเมื่อวานและสัปดาห์ที่แล้ว แล้วแสดงแนวโน้มระดับน้ำวันนี้ หน่วย ม.,อ่างเก็บน้ำ|คลองข้างใน|ระดับน้ำ|เมื่อวาน|สัปดาห์ที่แล้ว|ม.
71,v_trans_all_trend,อ่างเก็บน้ำห้วยทรวงปริมาณน้ำเก็บกักสูงสุดวันนี้กับเมื่อวานต่างกันเท่าไหร่?,ดึงข้อมูล qstore ของ อ่างเก็บน้ำห้วยทรวง จาก v_trans_all ทั้งช่วงวันนี้และเมื่อวาน แล้วแสดงแนวโน้มปริมาณน้ำเก็บกักสูงสุด หน่วย ล้าน ลบ.ม.,อ่างเก็บน้ำ|ห้วยทรวง|น้ำเก็บกักสูงสุด|วันนี้|เมื่อวาน|ลบ.ม.
72,v_trans_all_trend,สถานีห้วยแม่สอด รหัส TSW.03 ปริมาณฝนสะสมวันนี้กับเมื่อวานเปลี่ยนแปลงยังไงบ้าง?,ดึงข้อมูล rain_sum_now ของสถานี ห้วยแม่สอด (รหัส TSW.03) จาก v_trans_all ทั้งช่วงวันนี้และเมื่อวาน แล้วแสดงแนวโน้มปริมาณฝนสะสมในวัน หน่วย ม.ม.,ห้วย|แม่สอด|ฝนสะสมในวัน|วันนี้|เมื่อวาน|ม.ม.
73,v_trans_all_trend,สถานีบ้านห้วยไร่ รหัส 40317 ระดับน้ำแจ้งเตือนสัปดาห์ที่แล้วกับเดือนที่แล้วเปลี่ยนแปลงยังไงบ้าง?,ดึงข้อมูล water_level_warning ของสถานี บ้านห้วยไร่ (รหัส 40317) จาก v_trans_all ทั้งช่วงสัปดาห์ที่แล้วและเดือนที่แล้ว แล้วแสดงแนวโน้มระดับน้ำแจ้งเตือน หน่วย ม.,บ้าน|ห้วยไร่|ระดับน้ำแจ้งเตือน|สัปดาห์ที่แล้ว|เดือนที่แล้ว|ม.
74,v_trans_all_trend,สถานีห้วยแม่สรอย รหัส TY.52 ปริมาณน้ำผ่านวันนี้กับเดือนที่แล้วเปลี่ยนแปลงยังไงบ้าง?,ดึงข้อมูล water_accel ของสถานี ห้วยแม่สรอย (รหัส TY.52) จาก v_trans_all ทั้งช่วงวันนี้และเดือนที่แล้ว แล้วแสดงแนวโน้มปริมาณน้ำผ่านในวัน หน่วย ลบ.ม./วินาที,ห้วย|แม่สรอย|น้ำผ่านในวัน|วันนี้|เดือนที่แล้ว|ลบ.ม.|วิ
75,v_trans_all_trend,สถานีแม่น้ำวัง W.23 รหัส TW.23 ปริมาณน้ำผ่านเมื่อวานกับสัปดาห์ที่แล้วเปลี่ยนแปลงยังไงบ้าง?,ดึงข้อมูล water_accel ของสถานี แม่น้ำวัง W.23 (รหัส TW.23) จาก v_trans_all ทั้งช่วงเมื่อวานและสัปดาห์ที่แล้ว แล้วแสดงแนวโน้มปริมาณน้ำผ่านในวัน หน่วย ลบ.ม./วินาที,แม่น้ำ|วัง W.23|น้ำผ่านในวัน|เมื่อวาน|สัปดาห์ที่แล้ว|ลบ.ม.|วิ
76,v_trans_all_trend,สถานีอบต.ห้วยยั้ง รหัส 12247 ปริมาณฝนสะสมเมื่อวานกับสัปดาห์ที่แล้วเปลี่ยนแปลงยังไงบ้าง?,ดึงข้อมูล rain_sum_now ของสถานี อบต.ห้วยยั้ง (รหัส 12247) จาก v_trans_all ทั้งช่วงเมื่อวานและสัปดาห์ที่แล้ว แล้วแสดงแนวโน้มปริมาณฝนสะสมในวัน หน่วย ม.ม.,อบต|ห้วยยั้ง|ฝนสะสมในวัน|เมื่อวาน|สัปดาห์ที่แล้ว|ม.ม.
77,v_trans_all_trend,สถานีบ้านกง รหัส Y.15 ระดับน้ำ รสม. สัปดาห์ที่แล้วเทียบเดือนที่แล้วเป็นยังไง?,ดึงข้อมูล hydro_water_level_rsm ของสถานี บ้านกง (รหัส Y.15) จาก v_trans_all ทั้งช่วงสัปดาห์ที่แล้วและเดือนที่แล้ว แล้วแสดงแนวโน้มระดับน้ำ รสม. ในวัน หน่วย ม.,บ้าน|กง|ระดับน้ำ รสม. ในวัน|สัปดาห์ที่แล้ว|เดือนที่แล้ว|ม.
78,v_trans_all_trend,สถานีบ้านแสนตอ รหัส P.16 ระดับน้ำแจ้งเตือนวันนี้เทียบเมื่อวานเป็นยังไง?,ดึงข้อมูล hydro_level_warning ของสถานี บ้านแสนตอ (รหัส P.16) จาก v_trans_all ทั้งช่วงวันนี้และเมื่อวาน แล้วแสดงแนวโน้มระดับน้ำแจ้งเตือน หน่วย ม.,บ้าน|แสนตอ|ระดับน้ำแจ้งเตือน|วันนี้|เมื่อวาน|ม.
79,v_trans_all_trend,สถานีบ้านวังชิ้น รหัส Y.37 ระดับน้ำแจ้งเตือนวันนี้เทียบสัปดาห์ที่แล้วเป็นยังไง?,ดึงข้อมูล hydro_level_warning ของสถานี บ้านวังชิ้น (รหัส Y.37) จาก v_trans_all ทั้งช่วงวันนี้และสัปดาห์ที่แล้ว แล้วแสดงแนวโน้มระดับน้ำแจ้งเตือน หน่วย ม.,บ้าน|วังชิ้น|ระดับน้ำแจ้งเตือน|วันนี้|สัปดาห์ที่แล้ว|ม.
80,v_trans_all_trend,สถานีน้ำยม บ้านท่าชัย รหัส Y.1C ระดับน้ำแจ้งเตือนวันนี้เทียบเดือนที่แล้วเป็นยังไง?,ดึงข้อมูล hydro_level_warning ของสถานี น้ำยม บ้านท่าชัย (รหัส Y.1C) จาก v_trans_all ทั้งช่วงวันนี้และเดือนที่แล้ว แล้วแสดงแนวโน้มระดับน้ำแจ้งเตือน หน่วย ม.,น้ำยม|บ้านท่าชัย|ระดับน้ำแจ้งเตือน|วันนี้|เดือนที่แล้ว|ม.
81,v_trans_all_trend,จ.กำแพงเพชร ภาพรวมปริมาณน้ำใช้การวันนี้เทียบเมื่อวานเปลี่ยนแปลงยังไง?,ดึงข้อมูล qusage_curr ของทุกหน่วยน้ำในจ.กำแพงเพชร จาก v_trans_all ทั้งช่วงวันนี้และเมื่อวาน แล้วสรุปแนวโน้มปริมาณน้ำใช้การวันนี้ระดับจังหวัด หน่วย ล้าน ลบ.ม.,กำแพงเพชร|น้ำใช้การ|วันนี้|เมื่อวาน|จังหวัด|ลบ.ม.
82,v_trans_all_trend,จ.ตาก ภาพรวมปริมาณความจุสูงสุดวันนี้เทียบเมื่อวานเปลี่ยนแปลงยังไง?,ดึงข้อมูล qmax ของทุกหน่วยน้ำในจ.ตาก จาก v_trans_all ทั้งช่วงวันนี้และเมื่อวาน แล้วสรุปแนวโน้มปริมาณความจุสูงสุดระดับจังหวัด หน่วย ล้าน ลบ.ม.,ตาก|ความจุสูงสุด|วันนี้|เมื่อวาน|จังหวัด|ลบ.ม.
83,v_trans_all_trend,จ.ลำปาง ภาพรวมปริมาณน้ำใช้การวันนี้เทียบเดือนที่แล้วเปลี่ยนแปลงยังไง?,ดึงข้อมูล qusage_curr ของทุกหน่วยน้ำในจ.ลำปาง จาก v_trans_all ทั้งช่วงวันนี้และเดือนที่แล้ว แล้วสรุปแนวโน้มปริมาณน้ำใช้การวันนี้ระดับจังหวัด หน่วย ล้าน ลบ.ม.,ลำปาง|น้ำใช้การ|วันนี้|เดือนที่แล้ว|จังหวัด|ลบ.ม.
84,v_trans_all_trend,จ.สุโขทัย ภาพรวมปริมาณความจุสูงสุดวันนี้เทียบสัปดาห์ที่แล้วเปลี่ยนแปลงยังไง?,ดึงข้อมูล qmax ของทุกหน่วยน้ำในจ.สุโขทัย จาก v_trans_all ทั้งช่วงวันนี้และสัปดาห์ที่แล้ว แล้วสรุปแนวโน้มปริมาณความจุสูงสุดระดับจังหวัด หน่วย ล้าน ลบ.ม.,สุโขทัย|ความจุสูงสุด|วันนี้|สัปดาห์ที่แล้ว|จังหวัด|ลบ.ม.
85,v_trans_all_trend,จ.แพร่ ภาพรวมปริมาณน้ำเก็บกักสูงสุดสัปดาห์ที่แล้วเทียบเดือนที่แล้วเปลี่ยนแปลงยังไง?,ดึงข้อมูล qstore ของทุกหน่วยน้ำในจ.แพร่ จาก v_trans_all ทั้งช่วงสัปดาห์ที่แล้วและเดือนที่แล้ว แล้วสรุปแนวโน้มปริมาณน้ำเก็บกักสูงสุดระดับจังหวัด หน่วย ล้าน ลบ.ม.,แพร่|น้ำเก็บกักสูงสุด|สัปดาห์ที่แล้ว|เดือนที่แล้ว|จังหวัด|ลบ.ม.
86,v_trans_all_metric_compare,เขื่อนภูมิพล ปริมาณน้ำไหลเข้าวันนี้กับปริมาณน้ำระบายเดือนที่แล้วต่างกันยังไง?,ดึงข้อมูล inflow_curr (=ปริมาณน้ำไหลเข้าวันนี้) และ outflow_curr (=ปริมาณน้ำระบายวันนี้) ของ เขื่อนภูมิพล จาก v_trans_all ในช่วงเดือนที่แล้ว (ข้อมูลย้อนหลัง 30 วัน) แล้วแสดงเปรียบเทียบสองค่า,เขื่อน|ภูมิพล|เดือนที่แล้ว
87,v_trans_all_metric_compare,เขื่อนภูมิพล ปริมาณน้ำใช้การสูงสุดกับปริมาณน้ำใช้การเมื่อวานต่างกันยังไง?,ดึงข้อมูล qusage (=ปริมาณน้ำใช้การสูงสุด) และ qusage_curr (=ปริมาณน้ำใช้การวันนี้) ของ เขื่อนภูมิพล จาก v_trans_all ในช่วงเมื่อวาน (ข้อมูลย้อนหลัง 1 วัน) แล้วแสดงเปรียบเทียบสองค่า,เขื่อน|ภูมิพล|เมื่อวาน
88,v_trans_all_metric_compare,เขื่อนภูมิพล ปริมาณน้ำไหลเข้าสะสมกับปริมาณน้ำระบายสะสม สัปดาห์ที่แล้วต่างกันยังไง?,ดึงข้อมูล inflow_cumulative_year (=ปริมาณน้ำไหลเข้าสะสม) และ outflow_cumulative_year (=ปริมาณน้ำระบายสะสม) ของ เขื่อนภูมิพล จาก v_trans_all ในช่วงสัปดาห์ที่แล้ว (ข้อมูลย้อนหลัง 7 วัน) แล้วแสดงเปรียบเทียบสองค่า,เขื่อน|ภูมิพล|สัปดาห์ที่แล้ว
89,v_trans_all_metric_compare,เขื่อนภูมิพล ปริมาณความจุสูงสุดกับปริมาณน้ำเก็บกักเดือนที่แล้วต่างกันยังไง?,ดึงข้อมูล qmax (=ปริมาณความจุสูงสุด) และ qstore_curr (=ปริมาณน้ำเก็บกักวันนี้) ของ เขื่อนภูมิพล จาก v_trans_all ในช่วงเดือนที่แล้ว (ข้อมูลย้อนหลัง 30 วัน) แล้วแสดงเปรียบเทียบสองค่า,เขื่อน|ภูมิพล|เดือนที่แล้ว
90,v_trans_all_metric_compare,เขื่อนแม่มอก ปริมาณน้ำไหลเข้าวันนี้กับปริมาณน้ำระบายวันนี้ต่างกันยังไง?,ดึงข้อมูล inflow_curr (=ปริมาณน้ำไหลเข้าวันนี้) และ outflow_curr (=ปริมาณน้ำระบายวันนี้) ของ เขื่อนแม่มอก จาก v_trans_all ในช่วงวันนี้ (ข้อมูลล่าสุดของวันนี้) แล้วแสดงเปรียบเทียบสองค่า,เขื่อน|แม่มอก|วันนี้
91,v_trans_all_metric_compare,เขื่อนแม่มอก ปริมาณความจุสูงสุดกับปริมาณน้ำเก็บกักวันนี้ต่างกันยังไง?,ดึงข้อมูล qmax (=ปริมาณความจุสูงสุด) และ qstore_curr (=ปริมาณน้ำเก็บกักวันนี้) ของ เขื่อนแม่มอก จาก v_trans_all ในช่วงวันนี้ (ข้อมูลล่าสุดของวันนี้) แล้วแสดงเปรียบเทียบสองค่า,เขื่อน|แม่มอก|วันนี้
92,v_trans_all_metric_compare,เขื่อนแม่มอก ปริมาณน้ำไหลเข้าสะสมกับปริมาณน้ำระบายสะสม วันนี้ต่างกันยังไง?,ดึงข้อมูล inflow_cumulative_year (=ปริมาณน้ำไหลเข้าสะสม) และ outflow_cumulative_year (=ปริมาณน้ำระบายสะสม) ของ เขื่อนแม่มอก จาก v_trans_all ในช่วงวันนี้ (ข้อมูลล่าสุดของวันนี้) แล้วแสดงเปรียบเทียบสองค่า,เขื่อน|แม่มอก|วันนี้
93,v_trans_all_metric_compare,เขื่อนแม่มอก ปริมาณน้ำเก็บกักวันนี้กับร้อยละน้ำเก็บกักวันนี้ต่างกันยังไง?,ดึงข้อมูล qstore_curr (=ปริมาณน้ำเก็บกักวันนี้) และ percent_qstore_curr (=ร้อยละน้ำเก็บกักวันนี้) ของ เขื่อนแม่มอก จาก v_trans_all ในช่วงวันนี้ (ข้อมูลล่าสุดของวันนี้) แล้วแสดงเปรียบเทียบสองค่า,เขื่อน|แม่มอก|วันนี้
94,v_trans_all_metric_compare,อ่างเก็บน้ำห้วยไร่ ปริมาณน้ำไหลเข้าสะสมเทียบกับปริมาณน้ำระบายสะสม วันนี้เป็นยังไง?,ดึงข้อมูล inflow_cumulative_year (=ปริมาณน้ำไหลเข้าสะสม) และ outflow_cumulative_year (=ปริมาณน้ำระบายสะสม) ของ อ่างเก็บน้ำห้วยไร่ จาก v_trans_all ในช่วงวันนี้ (ข้อมูลล่าสุดของวันนี้) แล้วแสดงเปรียบเทียบ,อ่างเก็บน้ำ|ห้วยไร่|วันนี้
95,v_trans_all_metric_compare,อ่างเก็บน้ำห้วยทรวง ปริมาณน้ำไหลเข้าวันนี้เทียบกับปริมาณน้ำระบายเดือนที่แล้วเป็นยังไง?,ดึงข้อมูล inflow_curr (=ปริมาณน้ำไหลเข้าวันนี้) และ outflow_curr (=ปริมาณน้ำระบายวันนี้) ของ อ่างเก็บน้ำห้วยทรวง จาก v_trans_all ในช่วงเดือนที่แล้ว (ข้อมูลย้อนหลัง 30 วัน) แล้วแสดงเปรียบเทียบ,อ่างเก็บน้ำ|ห้วยทรวง|เดือนที่แล้ว
96,v_trans_all_metric_compare,อ่างเก็บน้ำคลองไพร ปริมาณความจุสูงสุดเทียบกับปริมาณน้ำเก็บกักเดือนที่แล้วเป็นยังไง?,ดึงข้อมูล qmax (=ปริมาณความจุสูงสุด) และ qstore_curr (=ปริมาณน้ำเก็บกักวันนี้) ของ อ่างเก็บน้ำคลองไพร จาก v_trans_all ในช่วงเดือนที่แล้ว (ข้อมูลย้อนหลัง 30 วัน) แล้วแสดงเปรียบเทียบ,อ่างเก็บน้ำ|คลองไพร|เดือนที่แล้ว
97,v_trans_all_metric_compare,อ่างเก็บน้ำแม่กองค่าย ปริมาณน้ำเก็บกักวันนี้เทียบกับร้อยละน้ำเก็บกักเดือนที่แล้วเป็นยังไง?,ดึงข้อมูล qstore_curr (=ปริมาณน้ำเก็บกักวันนี้) และ percent_qstore_curr (=ร้อยละน้ำเก็บกักวันนี้) ของ อ่างเก็บน้ำแม่กองค่าย จาก v_trans_all ในช่วงเดือนที่แล้ว (ข้อมูลย้อนหลัง 30 วัน) แล้วแสดงเปรียบเทียบ,อ่างเก็บน้ำ|แม่กองค่าย|เดือนที่แล้ว
98,v_trans_all_metric_compare,อ่างเก็บน้ำคลองข้างใน ปริมาณน้ำเก็บกักวันนี้เทียบกับร้อยละน้ำเก็บกักเดือนที่แล้วเป็นยังไง?,ดึงข้อมูล qstore_curr (=ปริมาณน้ำเก็บกักวันนี้) และ percent_qstore_curr (=ร้อยละน้ำเก็บกักวันนี้) ของ อ่างเก็บน้ำคลองข้างใน จาก v_trans_all ในช่วงเดือนที่แล้ว (ข้อมูลย้อนหลัง 30 วัน) แล้วแสดงเปรียบเทียบ,อ่างเก็บน้ำ|คลองข้างใน|เดือนที่แล้ว
99,v_trans_all_metric_compare,อ่างเก็บน้ำแม่สอง ระดับน้ำวันนี้เทียบกับปริมาณน้ำเก็บกักเดือนที่แล้วเป็นยังไง?,ดึงข้อมูล ulevel_curr (=ระดับน้ำวันนี้) และ qstore_curr (=ปริมาณน้ำเก็บกักวันนี้) ของ อ่างเก็บน้ำแม่สอง จาก v_trans_all ในช่วงเดือนที่แล้ว (ข้อมูลย้อนหลัง 30 วัน) แล้วแสดงเปรียบเทียบ,อ่างเก็บน้ำ|แม่สอง|เดือนที่แล้ว
100,v_trans_all_metric_compare,สถานีบ้านแก้วสุวรรณ รหัส 12237 ระดับน้ำในวันกับระดับน้ำแจ้งเตือนสัปดาห์ที่แล้วห่างกันเท่าไหร่?,ดึงข้อมูล water_level (=ระดับน้ำในวัน) และ water_level_warning (=ระดับน้ำแจ้งเตือน) ของสถานี บ้านแก้วสุวรรณ (รหัส 12237) จาก v_trans_all ในช่วงสัปดาห์ที่แล้ว (ข้อมูลย้อนหลัง 7 วัน) แล้วแสดงค่าเปรียบเทียบ,บ้าน|แก้วสุวรรณ|สัปดาห์ที่แล้ว
101,v_trans_all_metric_compare,สถานีบ้านห้วยไร่ รหัส 40317 ระดับน้ำในวันกับระดับน้ำแจ้งเตือนวันนี้ห่างกันเท่าไหร่?,ดึงข้อมูล water_level (=ระดับน้ำในวัน) และ water_level_warning (=ระดับน้ำแจ้งเตือน) ของสถานี บ้านห้วยไร่ (รหัส 40317) จาก v_trans_all ในช่วงวันนี้ (ข้อมูลล่าสุดของวันนี้) แล้วแสดงค่าเปรียบเทียบ,บ้าน|ห้วยไร่|วันนี้
102,v_trans_all_metric_compare,สถานีแม่น้ำปิง ท่าสาลี รหัส P.5 ระดับน้ำ รสม.กับระดับน้ำแจ้งเตือนเมื่อวานต่างกันแค่ไหน?,ดึงข้อมูล hydro_water_level_rsm (=ระดับน้ำ รสม.) และ hydro_level_warning (=ระดับน้ำแจ้งเตือน) ของสถานี แม่น้ำปิง ท่าสาลี (รหัส P.5) จาก v_trans_all ในช่วงเมื่อวาน (ข้อมูลย้อนหลัง 1 วัน) แล้วแสดงค่าเปรียบเทียบ,แม่น้ำ|ปิง ท่าสาลี|เมื่อวาน
103,v_trans_all_unit_compare,เขื่อนแม่มอกกับอ่างเก็บน้ำห้วยแม่สอด ปริมาณน้ำใช้การสูงสุดสัปดาห์ที่แล้วต่างกันเท่าไหร่?,ดึงข้อมูล qusage ของ เขื่อนแม่มอก และ อ่างเก็บน้ำห้วยแม่สอด จาก v_trans_all ในช่วงสัปดาห์ที่แล้ว (ข้อมูลย้อนหลัง 7 วัน) แล้วแสดงเปรียบเทียบปริมาณน้ำใช้การสูงสุด หน่วย ล้าน ลบ.ม.,เขื่อน|แม่มอก|อ่างเก็บน้ำ|ห้วยแม่สอด|น้ำใช้การสูงสุด|สัปดาห์ที่แล้ว|ลบ.ม.
104,v_trans_all_unit_compare,เขื่อนภูมิพลกับอ่างเก็บน้ำห้วยไร่ ปริมาณน้ำใช้การวันนี้ต่างกันเท่าไหร่?,ดึงข้อมูล qusage_curr ของ เขื่อนภูมิพล และ อ่างเก็บน้ำห้วยไร่ จาก v_trans_all ในช่วงวันนี้ (ข้อมูลล่าสุดของวันนี้) แล้วแสดงเปรียบเทียบปริมาณน้ำใช้การวันนี้ หน่วย ล้าน ลบ.ม.,เขื่อน|ภูมิพล|อ่างเก็บน้ำ|ห้วยไร่|น้ำใช้การ|วันนี้|ลบ.ม.
105,v_trans_all_unit_compare,เขื่อนภูมิพลกับอ่างเก็บน้ำห้วยแม่ท้อ ปริมาณน้ำไหลเข้าวันนี้ต่างกันเท่าไหร่?,ดึงข้อมูล inflow_curr ของ เขื่อนภูมิพล และ อ่างเก็บน้ำห้วยแม่ท้อ จาก v_trans_all ในช่วงวันนี้ (ข้อมูลล่าสุดของวันนี้) แล้วแสดงเปรียบเทียบปริมาณน้ำไหลเข้าวันนี้ หน่วย ล้าน ลบ.ม.,เขื่อน|ภูมิพล|อ่างเก็บน้ำ|ห้วยแม่ท้อ|น้ำไหลเข้าวันนี้|วันนี้|ลบ.ม.
106,v_trans_all_unit_compare,เขื่อนแม่มอกกับอ่างเก็บน้ำคลองน้ำไหล ปริมาณน้ำระบายเมื่อวานต่างกันเท่าไหร่?,ดึงข้อมูล outflow_curr ของ เขื่อนแม่มอก และ อ่างเก็บน้ำคลองน้ำไหล จาก v_trans_all ในช่วงเมื่อวาน (ข้อมูลย้อนหลัง 1 วัน) แล้วแสดงเปรียบเทียบปริมาณน้ำระบายวันนี้ หน่วย ล้าน ลบ.ม.,เขื่อน|แม่มอก|อ่างเก็บน้ำ|คลองน้ำไหล|น้ำระบาย|เมื่อวาน|ลบ.ม.
107,v_trans_all_unit_compare,อ่างเก็บน้ำแม่คำปองกับอ่างเก็บน้ำห้วยป่าบง ปริมาณน้ำระบายสะสม สัปดาห์ที่แล้วใครมากกว่ากัน?,ดึงข้อมูล outflow_cumulative_year ของ อ่างเก็บน้ำแม่คำปอง และ อ่างเก็บน้ำห้วยป่าบง จาก v_trans_all ในช่วงสัปดาห์ที่แล้ว (ข้อมูลย้อนหลัง 7 วัน) แล้วแสดงเปรียบเทียบปริมาณน้ำระบายสะสม หน่วย ล้าน ลบ.ม.,อ่างเก็บน้ำ|แม่คำปอง|ห้วยป่าบง|น้ำระบายสะสม|สัปดาห์ที่แล้ว|ลบ.ม.
108,v_trans_all_unit_compare,อ่างเก็บน้ำแม่ถางกับอ่างเก็บน้ำห้วยไร่ ปริมาณน้ำระบายสะสม วันนี้ใครมากกว่ากัน?,ดึงข้อมูล outflow_cumulative_year ของ อ่างเก็บน้ำแม่ถาง และ อ่างเก็บน้ำห้วยไร่ จาก v_trans_all ในช่วงวันนี้ (ข้อมูลล่าสุดของวันนี้) แล้วแสดงเปรียบเทียบปริมาณน้ำระบายสะสม หน่วย ล้าน ลบ.ม.,อ่างเก็บน้ำ|แม่ถาง|ห้วยไร่|น้ำระบายสะสม|วันนี้|ลบ.ม.
109,v_trans_all_unit_compare,อ่างเก็บน้ำห้วยทรวงกับอ่างเก็บน้ำคลองข้างใน ปริมาณน้ำใช้การสูงสุดสัปดาห์ที่แล้วใครมากกว่ากัน?,ดึงข้อมูล qusage ของ อ่างเก็บน้ำห้วยทรวง และ อ่างเก็บน้ำคลองข้างใน จาก v_trans_all ในช่วงสัปดาห์ที่แล้ว (ข้อมูลย้อนหลัง 7 วัน) แล้วแสดงเปรียบเทียบปริมาณน้ำใช้การสูงสุด หน่วย ล้าน ลบ.ม.,อ่างเก็บน้ำ|ห้วยทรวง|คลองข้างใน|น้ำใช้การสูงสุด|สัปดาห์ที่แล้ว|ลบ.ม.
110,v_trans_all_unit_compare,อ่างเก็บน้ำห้วยแม่สูงกับอ่างเก็บน้ำแม่กองค่าย ปริมาณน้ำเก็บกักสูงสุดวันนี้ใครมากกว่ากัน?,ดึงข้อมูล qstore ของ อ่างเก็บน้ำห้วยแม่สูง และ อ่างเก็บน้ำแม่กองค่าย จาก v_trans_all ในช่วงวันนี้ (ข้อมูลล่าสุดของวันนี้) แล้วแสดงเปรียบเทียบปริมาณน้ำเก็บกักสูงสุด หน่วย ล้าน ลบ.ม.,อ่างเก็บน้ำ|ห้วยแม่สูง|แม่กองค่าย|น้ำเก็บกักสูงสุด|วันนี้|ลบ.ม.
111,v_trans_all_unit_compare,อ่างเก็บน้ำห้วยแม่ท้อกับอ่างเก็บน้ำคลองไพร ปริมาณน้ำระบายเมื่อวานใครมากกว่ากัน?,ดึงข้อมูล outflow_curr ของ อ่างเก็บน้ำห้วยแม่ท้อ และ อ่างเก็บน้ำคลองไพร จาก v_trans_all ในช่วงเมื่อวาน (ข้อมูลย้อนหลัง 1 วัน) แล้วแสดงเปรียบเทียบปริมาณน้ำระบายวันนี้ หน่วย ล้าน ลบ.ม.,อ่างเก็บน้ำ|ห้วยแม่ท้อ|คลองไพร|น้ำระบาย|เมื่อวาน|ลบ.ม.
112,v_trans_all_unit_compare,อ่างเก็บน้ำห้วยแม่สอดกับอ่างเก็บน้ำแม่สาย ปริมาณน้ำเก็บกักสัปดาห์ที่แล้วใครมากกว่ากัน?,ดึงข้อมูล qstore_curr ของ อ่างเก็บน้ำห้วยแม่สอด และ อ่างเก็บน้ำแม่สาย จาก v_trans_all ในช่วงสัปดาห์ที่แล้ว (ข้อมูลย้อนหลัง 7 วัน) แล้วแสดงเปรียบเทียบปริมาณน้ำเก็บกักวันนี้ หน่วย ล้าน ลบ.ม.,อ่างเก็บน้ำ|ห้วยแม่สอด|แม่สาย|น้ำเก็บกักวันนี้|สัปดาห์ที่แล้ว|ลบ.ม.
113,v_trans_all_unit_compare,เขื่อนภูมิพลกับเขื่อนแม่มอก ปริมาณน้ำไหลเข้าสะสม สัปดาห์ที่แล้วต่างกันยังไง?,ดึงข้อมูล inflow_cumulative_year ของเขื่อนภูมิพลและเขื่อนแม่มอก จาก v_trans_all ในช่วงสัปดาห์ที่แล้ว (ข้อมูลย้อนหลัง 7 วัน) แล้วแสดงเปรียบเทียบปริมาณน้ำไหลเข้าสะสม หน่วย ล้าน ลบ.ม.,เขื่อน|ภูมิพล|แม่มอก|น้ำไหลเข้าสะสม|สัปดาห์ที่แล้ว|ลบ.ม.
114,v_trans_all_unit_compare,เขื่อนภูมิพลกับเขื่อนแม่มอก ระดับน้ำเดือนที่แล้วต่างกันยังไง?,ดึงข้อมูล ulevel_curr ของเขื่อนภูมิพลและเขื่อนแม่มอก จาก v_trans_all ในช่วงเดือนที่แล้ว (ข้อมูลย้อนหลัง 30 วัน) แล้วแสดงเปรียบเทียบระดับน้ำวันนี้ หน่วย ม.,เขื่อน|ภูมิพล|แม่มอก|ระดับน้ำ|เดือนที่แล้ว|ม.
115,v_trans_all_unit_compare,เขื่อนภูมิพลกับเขื่อนแม่มอก ปริมาณน้ำใช้การสัปดาห์ที่แล้วต่างกันยังไง?,ดึงข้อมูล qusage_curr ของเขื่อนภูมิพลและเขื่อนแม่มอก จาก v_trans_all ในช่วงสัปดาห์ที่แล้ว (ข้อมูลย้อนหลัง 7 วัน) แล้วแสดงเปรียบเทียบปริมาณน้ำใช้การวันนี้ หน่วย ล้าน ลบ.ม.,เขื่อน|ภูมิพล|แม่มอก|น้ำใช้การ|สัปดาห์ที่แล้ว|ลบ.ม.
116,v_trans_all_unit_compare,เขื่อนภูมิพลกับเขื่อนแม่มอก ปริมาณน้ำระบายสะสม วันนี้ต่างกันยังไง?,ดึงข้อมูล outflow_cumulative_year ของเขื่อนภูมิพลและเขื่อนแม่มอก จาก v_trans_all ในช่วงวันนี้ (ข้อมูลล่าสุดของวันนี้) แล้วแสดงเปรียบเทียบปริมาณน้ำระบายสะสม หน่วย ล้าน ลบ.ม.,เขื่อน|ภูมิพล|แม่มอก|น้ำระบายสะสม|วันนี้|ลบ.ม.
117,v_trans_all_aggregation,จ.กำแพงเพชร ภาพรวมปริมาณน้ำเก็บกักวันนี้ของเขื่อนและอ่างเก็บน้ำเดือนที่แล้วเป็นยังไง?,ดึงข้อมูล qstore_curr ของทุกเขื่อนและอ่างเก็บน้ำในจ.กำแพงเพชร จาก v_trans_all ในช่วงเดือนที่แล้ว (ข้อมูลย้อนหลัง 30 วัน) แล้วสรุปรวมปริมาณน้ำเก็บกักวันนี้ระดับจังหวัด หน่วย ล้าน ลบ.ม.,จังหวัด|กำแพงเพชร|น้ำเก็บกักวันนี้|เดือนที่แล้ว|ลบ.ม.
118,v_trans_all_aggregation,จ.กำแพงเพชร ภาพรวมปริมาณน้ำใช้การสูงสุดของเขื่อนและอ่างเก็บน้ำวันนี้เป็นยังไง?,ดึงข้อมูล qusage ของทุกเขื่อนและอ่างเก็บน้ำในจ.กำแพงเพชร จาก v_trans_all ในช่วงวันนี้ (ข้อมูลล่าสุดของวันนี้) แล้วสรุปรวมปริมาณน้ำใช้การสูงสุดระดับจังหวัด หน่วย ล้าน ลบ.ม.,จังหวัด|กำแพงเพชร|น้ำใช้การสูงสุด|วันนี้|ลบ.ม.
119,v_trans_all_aggregation,จ.กำแพงเพชร ภาพรวมปริมาณน้ำเก็บกักสูงสุดของเขื่อนและอ่างเก็บน้ำเดือนที่แล้วเป็นยังไง?,ดึงข้อมูล qstore ของทุกเขื่อนและอ่างเก็บน้ำในจ.กำแพงเพชร จาก v_trans_all ในช่วงเดือนที่แล้ว (ข้อมูลย้อนหลัง 30 วัน) แล้วสรุปรวมปริมาณน้ำเก็บกักสูงสุดระดับจังหวัด หน่วย ล้าน ลบ.ม.,จังหวัด|กำแพงเพชร|น้ำเก็บกักสูงสุด|เดือนที่แล้ว|ลบ.ม.
120,v_trans_all_aggregation,จ.ตาก ภาพรวมระดับน้ำวันนี้ของเขื่อนและอ่างเก็บน้ำสัปดาห์ที่แล้วเป็นยังไง?,ดึงข้อมูล ulevel_curr ของทุกเขื่อนและอ่างเก็บน้ำในจ.ตาก จาก v_trans_all ในช่วงสัปดาห์ที่แล้ว (ข้อมูลย้อนหลัง 7 วัน) แล้วสรุปรวมระดับน้ำวันนี้ระดับจังหวัด หน่วย ม.,จังหวัด|ตาก|ระดับน้ำ|สัปดาห์ที่แล้ว|ม.
121,v_trans_all_aggregation,จ.ตาก ภาพรวมปริมาณน้ำระบายสะสมของเขื่อนและอ่างเก็บน้ำสัปดาห์ที่แล้วเป็นยังไง?,ดึงข้อมูล outflow_cumulative_year ของทุกเขื่อนและอ่างเก็บน้ำในจ.ตาก จาก v_trans_all ในช่วงสัปดาห์ที่แล้ว (ข้อมูลย้อนหลัง 7 วัน) แล้วสรุปรวมปริมาณน้ำระบายสะสมระดับจังหวัด หน่วย ล้าน ลบ.ม.,จังหวัด|ตาก|น้ำระบายสะสม|สัปดาห์ที่แล้ว|ลบ.ม.
122,v_trans_all_aggregation,จ.ตาก ภาพรวมปริมาณน้ำไหลเข้าวันนี้ของเขื่อนและอ่างเก็บน้ำเมื่อวานเป็นยังไง?,ดึงข้อมูล inflow_curr ของทุกเขื่อนและอ่างเก็บน้ำในจ.ตาก จาก v_trans_all ในช่วงเมื่อวาน (ข้อมูลย้อนหลัง 1 วัน) แล้วสรุปรวมปริมาณน้ำไหลเข้าวันนี้ระดับจังหวัด หน่วย ล้าน ลบ.ม.,จังหวัด|ตาก|น้ำไหลเข้าวันนี้|เมื่อวาน|ลบ.ม.
123,v_trans_all_aggregation,จ.ลำปาง ภาพรวมระดับน้ำวันนี้ของเขื่อนและอ่างเก็บน้ำเดือนที่แล้วเป็นยังไง?,ดึงข้อมูล ulevel_curr ของทุกเขื่อนและอ่างเก็บน้ำในจ.ลำปาง จาก v_trans_all ในช่วงเดือนที่แล้ว (ข้อมูลย้อนหลัง 30 วัน) แล้วสรุปรวมระดับน้ำวันนี้ระดับจังหวัด หน่วย ม.,จังหวัด|ลำปาง|ระดับน้ำ|เดือนที่แล้ว|ม.
124,v_trans_all_aggregation,จ.ลำปาง ภาพรวมปริมาณความจุสูงสุดของเขื่อนและอ่างเก็บน้ำสัปดาห์ที่แล้วเป็นยังไง?,ดึงข้อมูล qmax ของทุกเขื่อนและอ่างเก็บน้ำในจ.ลำปาง จาก v_trans_all ในช่วงสัปดาห์ที่แล้ว (ข้อมูลย้อนหลัง 7 วัน) แล้วสรุปรวมปริมาณความจุสูงสุดระดับจังหวัด หน่วย ล้าน ลบ.ม.,จังหวัด|ลำปาง|ความจุสูงสุด|สัปดาห์ที่แล้ว|ลบ.ม.
125,v_trans_all_aggregation,จ.ลำปาง ภาพรวมปริมาณน้ำระบายสะสมของเขื่อนและอ่างเก็บน้ำสัปดาห์ที่แล้วเป็นยังไง?,ดึงข้อมูล outflow_cumulative_year ของทุกเขื่อนและอ่างเก็บน้ำในจ.ลำปาง จาก v_trans_all ในช่วงสัปดาห์ที่แล้ว (ข้อมูลย้อนหลัง 7 วัน) แล้วสรุปรวมปริมาณน้ำระบายสะสมระดับจังหวัด หน่วย ล้าน ลบ.ม.,จังหวัด|ลำปาง|น้ำระบายสะสม|สัปดาห์ที่แล้ว|ลบ.ม.
126,v_trans_all_aggregation,จ.สุโขทัย ภาพรวมปริมาณน้ำเก็บกักสูงสุดของเขื่อนและอ่างเก็บน้ำเดือนที่แล้วเป็นยังไง?,ดึงข้อมูล qstore ของทุกเขื่อนและอ่างเก็บน้ำในจ.สุโขทัย จาก v_trans_all ในช่วงเดือนที่แล้ว (ข้อมูลย้อนหลัง 30 วัน) แล้วสรุปรวมปริมาณน้ำเก็บกักสูงสุดระดับจังหวัด หน่วย ล้าน ลบ.ม.,จังหวัด|สุโขทัย|น้ำเก็บกักสูงสุด|เดือนที่แล้ว|ลบ.ม.
127,v_trans_all_aggregation,จ.สุโขทัย ภาพรวมปริมาณน้ำเก็บกักวันนี้ของเขื่อนและอ่างเก็บน้ำสัปดาห์ที่แล้วเป็นยังไง?,ดึงข้อมูล qstore_curr ของทุกเขื่อนและอ่างเก็บน้ำในจ.สุโขทัย จาก v_trans_all ในช่วงสัปดาห์ที่แล้ว (ข้อมูลย้อนหลัง 7 วัน) แล้วสรุปรวมปริมาณน้ำเก็บกักวันนี้ระดับจังหวัด หน่วย ล้าน ลบ.ม.,จังหวัด|สุโขทัย|น้ำเก็บกักวันนี้|สัปดาห์ที่แล้ว|ลบ.ม.
128,v_trans_all_aggregation,จ.สุโขทัย ภาพรวมปริมาณน้ำใช้การวันนี้ของเขื่อนและอ่างเก็บน้ำวันนี้เป็นยังไง?,ดึงข้อมูล qusage_curr ของทุกเขื่อนและอ่างเก็บน้ำในจ.สุโขทัย จาก v_trans_all ในช่วงวันนี้ (ข้อมูลล่าสุดของวันนี้) แล้วสรุปรวมปริมาณน้ำใช้การวันนี้ระดับจังหวัด หน่วย ล้าน ลบ.ม.,จังหวัด|สุโขทัย|น้ำใช้การ|วันนี้|ลบ.ม.
129,v_trans_all_aggregation,จ.แพร่ ภาพรวมปริมาณน้ำเก็บกักสูงสุดของเขื่อนและอ่างเก็บน้ำสัปดาห์ที่แล้วเป็นยังไง?,ดึงข้อมูล qstore ของทุกเขื่อนและอ่างเก็บน้ำในจ.แพร่ จาก v_trans_all ในช่วงสัปดาห์ที่แล้ว (ข้อมูลย้อนหลัง 7 วัน) แล้วสรุปรวมปริมาณน้ำเก็บกักสูงสุดระดับจังหวัด หน่วย ล้าน ลบ.ม.,จังหวัด|แพร่|น้ำเก็บกักสูงสุด|สัปดาห์ที่แล้ว|ลบ.ม.
130,v_trans_all_aggregation,จ.แพร่ ภาพรวมปริมาณน้ำเก็บกักวันนี้ของเขื่อนและอ่างเก็บน้ำวันนี้เป็นยังไง?,ดึงข้อมูล qstore_curr ของทุกเขื่อนและอ่างเก็บน้ำในจ.แพร่ จาก v_trans_all ในช่วงวันนี้ (ข้อมูลล่าสุดของวันนี้) แล้วสรุปรวมปริมาณน้ำเก็บกักวันนี้ระดับจังหวัด หน่วย ล้าน ลบ.ม.,จังหวัด|แพร่|น้ำเก็บกัก|วันนี้|ลบ.ม.
131,v_trans_all_aggregation,จ.แพร่ ภาพรวมปริมาณน้ำใช้การสูงสุดของเขื่อนและอ่างเก็บน้ำวันนี้เป็นยังไง?,ดึงข้อมูล qusage ของทุกเขื่อนและอ่างเก็บน้ำในจ.แพร่ จาก v_trans_all ในช่วงวันนี้ (ข้อมูลล่าสุดของวันนี้) แล้วสรุปรวมปริมาณน้ำใช้การสูงสุดระดับจังหวัด หน่วย ล้าน ลบ.ม.,จังหวัด|แพร่|น้ำใช้การสูงสุด|วันนี้|ลบ.ม.
132,v_trans_all_aggregation,จ.กำแพงเพชร สถานีวัดน้ำ telerid ทั้งหมดมีปริมาณน้ำผ่านสัปดาห์ที่แล้วรวมเท่าไหร่?,ดึงข้อมูล water_accel ของทุกสถานี telerid ในจ.กำแพงเพชร จาก v_trans_all ในช่วงสัปดาห์ที่แล้ว (ข้อมูลย้อนหลัง 7 วัน) แล้วสรุปรวมปริมาณน้ำผ่านในวันระดับจังหวัด หน่วย ลบ.ม./วินาที,จังหวัด|กำแพงเพชร|น้ำผ่านในวัน|สัปดาห์ที่แล้ว|ลบ.ม.|วิ
133,v_trans_all_aggregation,จ.ตาก สถานีวัดน้ำ telerid ทั้งหมดมีปริมาณน้ำผ่านเดือนที่แล้วรวมเท่าไหร่?,ดึงข้อมูล water_accel ของทุกสถานี telerid ในจ.ตาก จาก v_trans_all ในช่วงเดือนที่แล้ว (ข้อมูลย้อนหลัง 30 วัน) แล้วสรุปรวมปริมาณน้ำผ่านในวันระดับจังหวัด หน่วย ลบ.ม./วินาที,จังหวัด|ตาก|น้ำผ่านในวัน|เดือนที่แล้ว|ลบ.ม.|วิ
134,v_trans_all_aggregation,จ.ลำปาง สถานีวัดน้ำ telerid ทั้งหมดมีระดับน้ำเดือนที่แล้วรวมเท่าไหร่?,ดึงข้อมูล water_level ของทุกสถานี telerid ในจ.ลำปาง จาก v_trans_all ในช่วงเดือนที่แล้ว (ข้อมูลย้อนหลัง 30 วัน) แล้วสรุปรวมระดับน้ำในวันระดับจังหวัด หน่วย ม.,จังหวัด|ลำปาง|ระดับน้ำในวัน|เดือนที่แล้ว|ม.
135,v_trans_all_aggregation,จ.สุโขทัย สถานีวัดน้ำ telerid ทั้งหมดมีระดับน้ำสัปดาห์ที่แล้วรวมเท่าไหร่?,ดึงข้อมูล water_level ของทุกสถานี telerid ในจ.สุโขทัย จาก v_trans_all ในช่วงสัปดาห์ที่แล้ว (ข้อมูลย้อนหลัง 7 วัน) แล้วสรุปรวมระดับน้ำในวันระดับจังหวัด หน่วย ม.,จังหวัด|สุโขทัย|ระดับน้ำในวัน|สัปดาห์ที่แล้ว|ม.
136,v_trans_all_aggregation,จ.แพร่ สถานีวัดน้ำ telerid ทั้งหมดมีระดับน้ำเดือนที่แล้วรวมเท่าไหร่?,ดึงข้อมูล water_level ของทุกสถานี telerid ในจ.แพร่ จาก v_trans_all ในช่วงเดือนที่แล้ว (ข้อมูลย้อนหลัง 30 วัน) แล้วสรุปรวมระดับน้ำในวันระดับจังหวัด หน่วย ม.,จังหวัด|แพร่|ระดับน้ำในวัน|เดือนที่แล้ว|ม.
137,v_trans_all_aggregation,อ.เมืองตาก มีหน่วยน้ำที่บันทึกระดับน้ำวันนี้รวมเท่าไหร่?,ดึงข้อมูล water_level ของทุกหน่วยน้ำในอ.เมืองตาก จาก v_trans_all ในช่วงวันนี้ (ข้อมูลล่าสุดของวันนี้) แล้วสรุปรวมระดับน้ำในวันระดับอำเภอ หน่วย ม.,อำเภอ|เมืองตาก|ระดับน้ำในวัน|วันนี้|ม.
138,v_trans_all_aggregation,อ.เมืองแพร่ มีหน่วยน้ำที่บันทึกปริมาณน้ำใช้การสัปดาห์ที่แล้วรวมเท่าไหร่?,ดึงข้อมูล qusage_curr ของทุกหน่วยน้ำในอ.เมืองแพร่ จาก v_trans_all ในช่วงสัปดาห์ที่แล้ว (ข้อมูลย้อนหลัง 7 วัน) แล้วสรุปรวมปริมาณน้ำใช้การวันนี้ระดับอำเภอ หน่วย ล้าน ลบ.ม.,อำเภอ|เมืองแพร่|น้ำใช้การ|สัปดาห์ที่แล้ว|ลบ.ม.
139,v_trans_all_aggregation,อ.วังชิ้น มีหน่วยน้ำที่บันทึกปริมาณน้ำเก็บกักสูงสุดสัปดาห์ที่แล้วรวมเท่าไหร่?,ดึงข้อมูล qstore ของทุกหน่วยน้ำในอ.วังชิ้น จาก v_trans_all ในช่วงสัปดาห์ที่แล้ว (ข้อมูลย้อนหลัง 7 วัน) แล้วสรุปรวมปริมาณน้ำเก็บกักสูงสุดระดับอำเภอ หน่วย ล้าน ลบ.ม.,อำเภอ|วังชิ้น|น้ำเก็บกักสูงสุด|สัปดาห์ที่แล้ว|ลบ.ม.
140,v_trans_all_aggregation,อ.เมืองกำแพงเพชร มีหน่วยน้ำที่บันทึกปริมาณน้ำเก็บกักเดือนที่แล้วรวมเท่าไหร่?,ดึงข้อมูล qstore_curr ของทุกหน่วยน้ำในอ.เมืองกำแพงเพชร จาก v_trans_all ในช่วงเดือนที่แล้ว (ข้อมูลย้อนหลัง 30 วัน) แล้วสรุปรวมปริมาณน้ำเก็บกักวันนี้ระดับอำเภอ หน่วย ล้าน ลบ.ม.,อำเภอ|เมืองกำแพงเพชร|น้ำเก็บกักวันนี้|เดือนที่แล้ว|ลบ.ม.
141,v_trans_all_aggregation,อ.คลองขลุง มีหน่วยน้ำที่บันทึกปริมาณน้ำใช้การเดือนที่แล้วรวมเท่าไหร่?,ดึงข้อมูล qusage_curr ของทุกหน่วยน้ำในอ.คลองขลุง จาก v_trans_all ในช่วงเดือนที่แล้ว (ข้อมูลย้อนหลัง 30 วัน) แล้วสรุปรวมปริมาณน้ำใช้การวันนี้ระดับอำเภอ หน่วย ล้าน ลบ.ม.,อำเภอ|คลองขลุง|น้ำใช้การ|เดือนที่แล้ว|ลบ.ม.
142,v_trans_all_ranking,อ่างเก็บน้ำไหนมีปริมาณน้ำเก็บกักวันนี้มากที่สุดเดือนที่แล้ว?,ดึงข้อมูล qstore_curr ของทุกอ่างเก็บน้ำจาก v_trans_all ในช่วงเดือนที่แล้ว (ข้อมูลย้อนหลัง 30 วัน) เรียงลำดับจากมากที่สุด แล้วแสดงอันดับ 1 หน่วย ล้าน ลบ.ม.,อ่างเก็บน้ำ|น้ำเก็บกักวันนี้|สูงสุด|เดือนที่แล้ว|ลบ.ม.
143,v_trans_all_ranking,อ่างเก็บน้ำไหนมีปริมาณน้ำเก็บกักวันนี้น้อยที่สุดเมื่อวาน?,ดึงข้อมูล qstore_curr ของทุกอ่างเก็บน้ำจาก v_trans_all ในช่วงเมื่อวาน (ข้อมูลย้อนหลัง 1 วัน) เรียงลำดับจากน้อยที่สุด แล้วแสดงอันดับ 1 หน่วย ล้าน ลบ.ม.,อ่างเก็บน้ำ|น้ำเก็บกักวันนี้|ต่ำสุด|เมื่อวาน|ลบ.ม.
144,v_trans_all_ranking,อ่างเก็บน้ำไหนมีปริมาณน้ำระบายวันนี้มากที่สุดสัปดาห์ที่แล้ว?,ดึงข้อมูล outflow_curr ของทุกอ่างเก็บน้ำจาก v_trans_all ในช่วงสัปดาห์ที่แล้ว (ข้อมูลย้อนหลัง 7 วัน) เรียงลำดับจากมากที่สุด แล้วแสดงอันดับ 1 หน่วย ล้าน ลบ.ม.,อ่างเก็บน้ำ|น้ำระบาย|สูงสุด|สัปดาห์ที่แล้ว|ลบ.ม.
145,v_trans_all_ranking,อ่างเก็บน้ำไหนมีปริมาณน้ำระบายวันนี้น้อยที่สุดเดือนที่แล้ว?,ดึงข้อมูล outflow_curr ของทุกอ่างเก็บน้ำจาก v_trans_all ในช่วงเดือนที่แล้ว (ข้อมูลย้อนหลัง 30 วัน) เรียงลำดับจากน้อยที่สุด แล้วแสดงอันดับ 1 หน่วย ล้าน ลบ.ม.,อ่างเก็บน้ำ|น้ำระบาย|ต่ำสุด|เดือนที่แล้ว|ลบ.ม.
146,v_trans_all_ranking,อ่างเก็บน้ำไหนมีปริมาณน้ำใช้การสูงสุดมากที่สุดวันนี้?,ดึงข้อมูล qusage ของทุกอ่างเก็บน้ำจาก v_trans_all ในช่วงวันนี้ (ข้อมูลล่าสุดของวันนี้) เรียงลำดับจากมากที่สุด แล้วแสดงอันดับ 1 หน่วย ล้าน ลบ.ม.,อ่างเก็บน้ำ|น้ำใช้การสูงสุด|สูงสุด|วันนี้|ลบ.ม.
147,v_trans_all_ranking,อ่างเก็บน้ำไหนมีปริมาณน้ำใช้การสูงสุดน้อยที่สุดสัปดาห์ที่แล้ว?,ดึงข้อมูล qusage ของทุกอ่างเก็บน้ำจาก v_trans_all ในช่วงสัปดาห์ที่แล้ว (ข้อมูลย้อนหลัง 7 วัน) เรียงลำดับจากน้อยที่สุด แล้วแสดงอันดับ 1 หน่วย ล้าน ลบ.ม.,อ่างเก็บน้ำ|น้ำใช้การสูงสุด|ต่ำสุด|สัปดาห์ที่แล้ว|ลบ.ม.
148,v_trans_all_ranking,อ่างเก็บน้ำไหนมีระดับน้ำวันนี้มากที่สุดสัปดาห์ที่แล้ว?,ดึงข้อมูล ulevel_curr ของทุกอ่างเก็บน้ำจาก v_trans_all ในช่วงสัปดาห์ที่แล้ว (ข้อมูลย้อนหลัง 7 วัน) เรียงลำดับจากมากที่สุด แล้วแสดงอันดับ 1 หน่วย ม.,อ่างเก็บน้ำ|ระดับน้ำ|สูงสุด|สัปดาห์ที่แล้ว|ม.
149,v_trans_all_ranking,อ่างเก็บน้ำไหนมีระดับน้ำวันนี้น้อยที่สุดเมื่อวาน?,ดึงข้อมูล ulevel_curr ของทุกอ่างเก็บน้ำจาก v_trans_all ในช่วงเมื่อวาน (ข้อมูลย้อนหลัง 1 วัน) เรียงลำดับจากน้อยที่สุด แล้วแสดงอันดับ 1 หน่วย ม.,อ่างเก็บน้ำ|ระดับน้ำ|ต่ำสุด|เมื่อวาน|ม.
150,v_trans_all_ranking,อ่างเก็บน้ำไหนมีปริมาณน้ำไหลเข้าวันนี้มากที่สุดเดือนที่แล้ว?,ดึงข้อมูล inflow_curr ของทุกอ่างเก็บน้ำจาก v_trans_all ในช่วงเดือนที่แล้ว (ข้อมูลย้อนหลัง 30 วัน) เรียงลำดับจากมากที่สุด แล้วแสดงอันดับ 1 หน่วย ล้าน ลบ.ม.,อ่างเก็บน้ำ|น้ำไหลเข้าวันนี้|สูงสุด|เดือนที่แล้ว|ลบ.ม.
151,v_trans_all_ranking,อ่างเก็บน้ำไหนมีปริมาณน้ำไหลเข้าวันนี้น้อยที่สุดสัปดาห์ที่แล้ว?,ดึงข้อมูล inflow_curr ของทุกอ่างเก็บน้ำจาก v_trans_all ในช่วงสัปดาห์ที่แล้ว (ข้อมูลย้อนหลัง 7 วัน) เรียงลำดับจากน้อยที่สุด แล้วแสดงอันดับ 1 หน่วย ล้าน ลบ.ม.,อ่างเก็บน้ำ|น้ำไหลเข้าวันนี้|ต่ำสุด|สัปดาห์ที่แล้ว|ลบ.ม.
152,v_trans_all_ranking,เขื่อนและอ่างเก็บน้ำไหนมีปริมาณน้ำไหลเข้าวันนี้สูงสุดเมื่อวาน?,ดึงข้อมูล inflow_curr ของทุกเขื่อนและอ่างเก็บน้ำจาก v_trans_all ในช่วงเมื่อวาน (ข้อมูลย้อนหลัง 1 วัน) เรียงลำดับจากมากไปน้อย แล้วแสดงอันดับ 1 หน่วย ล้าน ลบ.ม.,เขื่อน|อ่างเก็บน้ำ|น้ำไหลเข้าวันนี้|สูงสุด|เมื่อวาน|ลบ.ม.
153,v_trans_all_ranking,เขื่อนและอ่างเก็บน้ำไหนมีปริมาณน้ำระบายสะสมสูงสุดเดือนที่แล้ว?,ดึงข้อมูล outflow_cumulative_year ของทุกเขื่อนและอ่างเก็บน้ำจาก v_trans_all ในช่วงเดือนที่แล้ว (ข้อมูลย้อนหลัง 30 วัน) เรียงลำดับจากมากไปน้อย แล้วแสดงอันดับ 1 หน่วย ล้าน ลบ.ม.,เขื่อน|อ่างเก็บน้ำ|น้ำระบายสะสม|สูงสุด|เดือนที่แล้ว|ลบ.ม.
154,v_trans_all_ranking,เขื่อนและอ่างเก็บน้ำไหนมีปริมาณน้ำไหลเข้าสะสมสูงสุดเมื่อวาน?,ดึงข้อมูล inflow_cumulative_year ของทุกเขื่อนและอ่างเก็บน้ำจาก v_trans_all ในช่วงเมื่อวาน (ข้อมูลย้อนหลัง 1 วัน) เรียงลำดับจากมากไปน้อย แล้วแสดงอันดับ 1 หน่วย ล้าน ลบ.ม.,เขื่อน|อ่างเก็บน้ำ|น้ำไหลเข้าสะสม|สูงสุด|เมื่อวาน|ลบ.ม.
155,v_trans_all_ranking,จังหวัดไหนมีปริมาณความจุสูงสุดรวมมากที่สุดเดือนที่แล้ว?,รวม qmax ของทุกหน่วยน้ำในแต่ละจังหวัดจาก v_trans_all ในช่วงเดือนที่แล้ว (ข้อมูลย้อนหลัง 30 วัน) เรียงจากมากไปน้อย แล้วแสดงจังหวัดอันดับ 1 หน่วย ล้าน ลบ.ม.,จังหวัด|ความจุสูงสุด|สูงสุด|เดือนที่แล้ว|ลบ.ม.
156,v_trans_all_ranking,จังหวัดไหนมีปริมาณน้ำเก็บกักสูงสุดรวมมากที่สุดวันนี้?,รวม qstore ของทุกหน่วยน้ำในแต่ละจังหวัดจาก v_trans_all ในช่วงวันนี้ (ข้อมูลล่าสุดของวันนี้) เรียงจากมากไปน้อย แล้วแสดงจังหวัดอันดับ 1 หน่วย ล้าน ลบ.ม.,จังหวัด|น้ำเก็บกักสูงสุด|สูงสุด|วันนี้|ลบ.ม.
157,v_trans_all_alert,สถานีบ้านไผ่โทน รหัส TY.45 จ.แพร่ เมื่อวานระดับน้ำเกินค่าแจ้งเตือนหรือเปล่า?,ดึง water_level และ water_level_warning ของสถานี บ้านไผ่โทน (รหัส TY.45) จาก v_trans_all ในช่วงเมื่อวาน (ข้อมูลย้อนหลัง 1 วัน) แล้วเปรียบเทียบว่า water_level ≥ water_level_warning หรือไม่ หน่วย ม.,บ้าน|ไผ่โทน|เมื่อวาน|ม.
158,v_trans_all_alert,อ่างเก็บน้ำห้วยไร่ เมื่อวานปริมาณน้ำเหลือต่ำกว่า 30% ไหม?,ดึง percent_qstore_curr ของ อ่างเก็บน้ำห้วยไร่ จาก v_trans_all ในช่วงเมื่อวาน (ข้อมูลย้อนหลัง 1 วัน) แล้วตรวจว่า percent_qstore_curr < 30% หรือไม่ เพื่อประเมินระดับน้ำวิกฤต,อ่างเก็บน้ำ|ห้วยไร่|ต่ำ|30%|เมื่อวาน|%
159,v_trans_all_alert,อ่างเก็บน้ำห้วยแม่ท้อ วันนี้ปริมาณน้ำเหลือต่ำกว่า 30% ไหม?,ดึง percent_qstore_curr ของ อ่างเก็บน้ำห้วยแม่ท้อ จาก v_trans_all ในช่วงวันนี้ (ข้อมูลล่าสุดของวันนี้) แล้วตรวจว่า percent_qstore_curr < 30% หรือไม่ เพื่อประเมินระดับน้ำวิกฤต,อ่างเก็บน้ำ|ห้วยแม่ท้อ|ต่ำ|30%|วันนี้|%
160,v_trans_all_alert,อ่างเก็บน้ำห้วยลึก เมื่อวานปริมาณน้ำเหลือต่ำกว่า 30% ไหม?,ดึง percent_qstore_curr ของ อ่างเก็บน้ำห้วยลึก จาก v_trans_all ในช่วงเมื่อวาน (ข้อมูลย้อนหลัง 1 วัน) แล้วตรวจว่า percent_qstore_curr < 30% หรือไม่ เพื่อประเมินระดับน้ำวิกฤต,อ่างเก็บน้ำ|ห้วยลึก|ต่ำ|30%|เมื่อวาน|%
161,v_trans_all_alert,อ่างเก็บน้ำแม่ถาง เมื่อวานปริมาณน้ำเหลือต่ำกว่า 30% ไหม?,ดึง percent_qstore_curr ของ อ่างเก็บน้ำแม่ถาง จาก v_trans_all ในช่วงเมื่อวาน (ข้อมูลย้อนหลัง 1 วัน) แล้วตรวจว่า percent_qstore_curr < 30% หรือไม่ เพื่อประเมินระดับน้ำวิกฤต,อ่างเก็บน้ำ|แม่ถาง|ต่ำ|30%|เมื่อวาน|%
162,v_trans_all_alert,อ่างเก็บน้ำห้วยป่าบง เมื่อวานปริมาณน้ำเหลือต่ำกว่า 30% ไหม?,ดึง percent_qstore_curr ของ อ่างเก็บน้ำห้วยป่าบง จาก v_trans_all ในช่วงเมื่อวาน (ข้อมูลย้อนหลัง 1 วัน) แล้วตรวจว่า percent_qstore_curr < 30% หรือไม่ เพื่อประเมินระดับน้ำวิกฤต,อ่างเก็บน้ำ|ห้วยป่าบง|ต่ำ|30%|เมื่อวาน|%
163,v_trans_all_balance,เขื่อนภูมิพล วันนี้น้ำไหลเข้ามากกว่าระบายออกหรือเปล่า?,ดึง inflow_curr และ outflow_curr ของ เขื่อนภูมิพล จาก v_trans_all ในช่วงวันนี้ (ข้อมูลล่าสุดของวันนี้) แล้วเปรียบเทียบ ถ้า inflow_curr > outflow_curr = น้ำเพิ่ม ถ้า inflow_curr < outflow_curr = น้ำลด หน่วย ล้าน ลบ.ม.,เขื่อน|ภูมิพล|วันนี้|ลบ.ม.
164,v_trans_all_balance,เขื่อนภูมิพล เมื่อวานน้ำไหลเข้ามากกว่าระบายออกหรือเปล่า?,ดึง inflow_curr และ outflow_curr ของ เขื่อนภูมิพล จาก v_trans_all ในช่วงเมื่อวาน (ข้อมูลย้อนหลัง 1 วัน) แล้วเปรียบเทียบ ถ้า inflow_curr > outflow_curr = น้ำเพิ่ม ถ้า inflow_curr < outflow_curr = น้ำลด หน่วย ล้าน ลบ.ม.,เขื่อน|ภูมิพล|เมื่อวาน|ลบ.ม.
165,v_trans_all_balance,เขื่อนภูมิพล สัปดาห์ที่แล้วน้ำไหลเข้ามากกว่าระบายออกหรือเปล่า?,ดึง inflow_curr และ outflow_curr ของ เขื่อนภูมิพล จาก v_trans_all ในช่วงสัปดาห์ที่แล้ว (ข้อมูลย้อนหลัง 7 วัน) แล้วเปรียบเทียบ ถ้า inflow_curr > outflow_curr = น้ำเพิ่ม ถ้า inflow_curr < outflow_curr = น้ำลด หน่วย ล้าน ลบ.ม.,เขื่อน|ภูมิพล|สัปดาห์ที่แล้ว|ลบ.ม.
166,v_trans_all_balance,เขื่อนภูมิพล เดือนที่แล้วน้ำไหลเข้ามากกว่าระบายออกหรือเปล่า?,ดึง inflow_curr และ outflow_curr ของ เขื่อนภูมิพล จาก v_trans_all ในช่วงเดือนที่แล้ว (ข้อมูลย้อนหลัง 30 วัน) แล้วเปรียบเทียบ ถ้า inflow_curr > outflow_curr = น้ำเพิ่ม ถ้า inflow_curr < outflow_curr = น้ำลด หน่วย ล้าน ลบ.ม.,เขื่อน|ภูมิพล|เดือนที่แล้ว|ลบ.ม.
167,v_trans_all_balance,เขื่อนแม่มอก วันนี้น้ำไหลเข้ามากกว่าระบายออกหรือเปล่า?,ดึง inflow_curr และ outflow_curr ของ เขื่อนแม่มอก จาก v_trans_all ในช่วงวันนี้ (ข้อมูลล่าสุดของวันนี้) แล้วเปรียบเทียบ ถ้า inflow_curr > outflow_curr = น้ำเพิ่ม ถ้า inflow_curr < outflow_curr = น้ำลด หน่วย ล้าน ลบ.ม.,เขื่อน|แม่มอก|วันนี้|ลบ.ม.
168,v_trans_all_balance,เขื่อนแม่มอก เมื่อวานน้ำไหลเข้ามากกว่าระบายออกหรือเปล่า?,ดึง inflow_curr และ outflow_curr ของ เขื่อนแม่มอก จาก v_trans_all ในช่วงเมื่อวาน (ข้อมูลย้อนหลัง 1 วัน) แล้วเปรียบเทียบ ถ้า inflow_curr > outflow_curr = น้ำเพิ่ม ถ้า inflow_curr < outflow_curr = น้ำลด หน่วย ล้าน ลบ.ม.,เขื่อน|แม่มอก|เมื่อวาน|ลบ.ม.
169,v_trans_all_balance,เขื่อนแม่มอก สัปดาห์ที่แล้วน้ำไหลเข้ามากกว่าระบายออกหรือเปล่า?,ดึง inflow_curr และ outflow_curr ของ เขื่อนแม่มอก จาก v_trans_all ในช่วงสัปดาห์ที่แล้ว (ข้อมูลย้อนหลัง 7 วัน) แล้วเปรียบเทียบ ถ้า inflow_curr > outflow_curr = น้ำเพิ่ม ถ้า inflow_curr < outflow_curr = น้ำลด หน่วย ล้าน ลบ.ม.,เขื่อน|แม่มอก|สัปดาห์ที่แล้ว|ลบ.ม.
170,v_trans_all_balance,เขื่อนแม่มอก เดือนที่แล้วน้ำไหลเข้ามากกว่าระบายออกหรือเปล่า?,ดึง inflow_curr และ outflow_curr ของ เขื่อนแม่มอก จาก v_trans_all ในช่วงเดือนที่แล้ว (ข้อมูลย้อนหลัง 30 วัน) แล้วเปรียบเทียบ ถ้า inflow_curr > outflow_curr = น้ำเพิ่ม ถ้า inflow_curr < outflow_curr = น้ำลด หน่วย ล้าน ลบ.ม.,เขื่อน|แม่มอก|เดือนที่แล้ว|ลบ.ม.
171,v_trans_all_balance,อ่างเก็บน้ำห้วยท่าแพ เมื่อวานรับน้ำเข้ามากกว่าปล่อยออกหรือเปล่า?,ดึง inflow_curr และ outflow_curr ของ อ่างเก็บน้ำห้วยท่าแพ จาก v_trans_all ในช่วงเมื่อวาน (ข้อมูลย้อนหลัง 1 วัน) แล้วเปรียบเทียบ ถ้า inflow_curr > outflow_curr = ระดับน้ำเพิ่ม ถ้า inflow_curr < outflow_curr = ระดับน้ำลด หน่วย ล้าน ลบ.ม.,อ่างเก็บน้ำ|ห้วยท่าแพ|เมื่อวาน|ลบ.ม.
172,v_trans_all_balance,อ่างเก็บน้ำแม่ถาง วันนี้รับน้ำเข้ามากกว่าปล่อยออกหรือเปล่า?,ดึง inflow_curr และ outflow_curr ของ อ่างเก็บน้ำแม่ถาง จาก v_trans_all ในช่วงวันนี้ (ข้อมูลล่าสุดของวันนี้) แล้วเปรียบเทียบ ถ้า inflow_curr > outflow_curr = ระดับน้ำเพิ่ม ถ้า inflow_curr < outflow_curr = ระดับน้ำลด หน่วย ล้าน ลบ.ม.,อ่างเก็บน้ำ|แม่ถาง|วันนี้|ลบ.ม.
173,v_trans_all_balance,อ่างเก็บน้ำแม่คำปอง เดือนที่แล้วรับน้ำเข้ามากกว่าปล่อยออกหรือเปล่า?,ดึง inflow_curr และ outflow_curr ของ อ่างเก็บน้ำแม่คำปอง จาก v_trans_all ในช่วงเดือนที่แล้ว (ข้อมูลย้อนหลัง 30 วัน) แล้วเปรียบเทียบ ถ้า inflow_curr > outflow_curr = ระดับน้ำเพิ่ม ถ้า inflow_curr < outflow_curr = ระดับน้ำลด หน่วย ล้าน ลบ.ม.,อ่างเก็บน้ำ|แม่คำปอง|เดือนที่แล้ว|ลบ.ม.
174,v_trans_all_balance,อ่างเก็บน้ำห้วยแม่สูง เดือนที่แล้วรับน้ำเข้ามากกว่าปล่อยออกหรือเปล่า?,ดึง inflow_curr และ outflow_curr ของ อ่างเก็บน้ำห้วยแม่สูง จาก v_trans_all ในช่วงเดือนที่แล้ว (ข้อมูลย้อนหลัง 30 วัน) แล้วเปรียบเทียบ ถ้า inflow_curr > outflow_curr = ระดับน้ำเพิ่ม ถ้า inflow_curr < outflow_curr = ระดับน้ำลด หน่วย ล้าน ลบ.ม.,อ่างเก็บน้ำ|ห้วยแม่สูง|เดือนที่แล้ว|ลบ.ม.
175,v_trans_all_balance,อ่างเก็บน้ำแม่สอง สัปดาห์ที่แล้วรับน้ำเข้ามากกว่าปล่อยออกหรือเปล่า?,ดึง inflow_curr และ outflow_curr ของ อ่างเก็บน้ำแม่สอง จาก v_trans_all ในช่วงสัปดาห์ที่แล้ว (ข้อมูลย้อนหลัง 7 วัน) แล้วเปรียบเทียบ ถ้า inflow_curr > outflow_curr = ระดับน้ำเพิ่ม ถ้า inflow_curr < outflow_curr = ระดับน้ำลด หน่วย ล้าน ลบ.ม.,อ่างเก็บน้ำ|แม่สอง|สัปดาห์ที่แล้ว|ลบ.ม.
176,v_trans_all_balance,อ่างเก็บน้ำห้วยแม่สำ เดือนที่แล้วรับน้ำเข้ามากกว่าปล่อยออกหรือเปล่า?,ดึง inflow_curr และ outflow_curr ของ อ่างเก็บน้ำห้วยแม่สำ จาก v_trans_all ในช่วงเดือนที่แล้ว (ข้อมูลย้อนหลัง 30 วัน) แล้วเปรียบเทียบ ถ้า inflow_curr > outflow_curr = ระดับน้ำเพิ่ม ถ้า inflow_curr < outflow_curr = ระดับน้ำลด หน่วย ล้าน ลบ.ม.,อ่างเก็บน้ำ|ห้วยแม่สำ|เดือนที่แล้ว|ลบ.ม.
177,v_trans_all_balance,อ่างเก็บน้ำห้วยป่าบง เดือนที่แล้วรับน้ำเข้ามากกว่าปล่อยออกหรือเปล่า?,ดึง inflow_curr และ outflow_curr ของ อ่างเก็บน้ำห้วยป่าบง จาก v_trans_all ในช่วงเดือนที่แล้ว (ข้อมูลย้อนหลัง 30 วัน) แล้วเปรียบเทียบ ถ้า inflow_curr > outflow_curr = ระดับน้ำเพิ่ม ถ้า inflow_curr < outflow_curr = ระดับน้ำลด หน่วย ล้าน ลบ.ม.,อ่างเก็บน้ำ|ห้วยป่าบง|เดือนที่แล้ว|ลบ.ม.
178,v_trans_all_balance,อ่างเก็บน้ำคลองข้างใน วันนี้รับน้ำเข้ามากกว่าปล่อยออกหรือเปล่า?,ดึง inflow_curr และ outflow_curr ของ อ่างเก็บน้ำคลองข้างใน จาก v_trans_all ในช่วงวันนี้ (ข้อมูลล่าสุดของวันนี้) แล้วเปรียบเทียบ ถ้า inflow_curr > outflow_curr = ระดับน้ำเพิ่ม ถ้า inflow_curr < outflow_curr = ระดับน้ำลด หน่วย ล้าน ลบ.ม.,อ่างเก็บน้ำ|คลองข้างใน|วันนี้|ลบ.ม.
179,v_trans_all_balance,ปีนี้อ่างเก็บน้ำห้วยแม่สำสะสมน้ำเข้ามากกว่าระบายออกหรือเปล่า?,ดึง inflow_cumulative_year และ outflow_cumulative_year ของ อ่างเก็บน้ำห้วยแม่สำ จาก v_trans_all แล้วเปรียบเทียบน้ำไหลเข้าสะสมกับน้ำระบายสะสม หน่วย ล้าน ลบ.ม.,อ่างเก็บน้ำ|ห้วยแม่สำ|ปีนี้|ลบ.ม.
180,v_trans_all_balance,ปีนี้อ่างเก็บน้ำคลองไพรสะสมน้ำเข้ามากกว่าระบายออกหรือเปล่า?,ดึง inflow_cumulative_year และ outflow_cumulative_year ของ อ่างเก็บน้ำคลองไพร จาก v_trans_all แล้วเปรียบเทียบน้ำไหลเข้าสะสมกับน้ำระบายสะสม หน่วย ล้าน ลบ.ม.,อ่างเก็บน้ำ|คลองไพร|ปีนี้|ลบ.ม.
181,v_trans_all_balance,ปีนี้อ่างเก็บน้ำคลองน้ำไหลสะสมน้ำเข้ามากกว่าระบายออกหรือเปล่า?,ดึง inflow_cumulative_year และ outflow_cumulative_year ของ อ่างเก็บน้ำคลองน้ำไหล จาก v_trans_all แล้วเปรียบเทียบน้ำไหลเข้าสะสมกับน้ำระบายสะสม หน่วย ล้าน ลบ.ม.,อ่างเก็บน้ำ|คลองน้ำไหล|ปีนี้|ลบ.ม.
182,v_trans_all_balance,ปีนี้อ่างเก็บน้ำแม่สายสะสมน้ำเข้ามากกว่าระบายออกหรือเปล่า?,ดึง inflow_cumulative_year และ outflow_cumulative_year ของ อ่างเก็บน้ำแม่สาย จาก v_trans_all แล้วเปรียบเทียบน้ำไหลเข้าสะสมกับน้ำระบายสะสม หน่วย ล้าน ลบ.ม.,อ่างเก็บน้ำ|แม่สาย|ปีนี้|ลบ.ม.
183,v_trans_all_cross,จ.กำแพงเพชร ทั้งเขื่อน อ่างเก็บน้ำ และสถานีวัดน้ำ วันนี้ระดับน้ำและการกักเก็บเป็นยังไงบ้าง?,ดึง ulevel_curr และ qstore_curr ของเขื่อนและอ่างเก็บน้ำ และ water_level ของทุกสถานีวัดน้ำ telerid และ hydro_water_level_rsm ของสถานี hydro ทั้งหมดในจ.กำแพงเพชร จาก v_trans_all ในช่วงวันนี้ แล้วแสดงภาพรวมจังหวัด,จังหวัด|กำแพงเพชร|วันนี้
184,v_trans_all_cross,จ.ตาก ทั้งอ่างเก็บน้ำและสถานีวัดน้ำ น้ำสัปดาห์ที่แล้วเป็นยังไงบ้าง?,ดึง percent_qstore_curr ของอ่างเก็บน้ำ และ water_level ของสถานี telerid และ hydro_water_level_rsm ของสถานี hydro ทั้งหมดในจ.ตาก จาก v_trans_all ในช่วงสัปดาห์ที่แล้ว แล้วสรุปภาพรวม,จังหวัด|ตาก|สัปดาห์ที่แล้ว
185,v_trans_all_cross,จ.สุโขทัย ภาพรวมน้ำของทุกหน่วยน้ำเมื่อวานเป็นยังไง?,"ดึง qstore_curr, percent_qstore_curr ของอ่างเก็บน้ำ และ water_level ของสถานี telerid และ hydro_water_level_rtk ของสถานี hydro ทั้งหมดในจ.สุโขทัย จาก v_trans_all ในช่วงเมื่อวาน แล้วแสดงภาพรวม",จังหวัด|สุโขทัย|เมื่อวาน
186,v_trans_all_cross,จ.แพร่ อ่างเก็บน้ำกับสถานีวัดน้ำวันนี้สถานการณ์น้ำเป็นยังไง?,"ดึง ulevel_curr, percent_qstore_curr ของอ่างเก็บน้ำ และ water_level ของสถานี telerid ทั้งหมดในจ.แพร่ จาก v_trans_all ในช่วงวันนี้ แล้วแสดงสถานการณ์น้ำภาพรวม",จังหวัด|แพร่|วันนี้
187,v_trans_all_cross,จ.ลำปาง เขื่อนแม่มอกกับสถานีวัดน้ำใกล้เคียงวันนี้น้ำเป็นยังไง?,"ดึง ulevel_curr, qstore_curr, percent_qstore_curr ของเขื่อนแม่มอก และ hydro_water_level_rsm ของสถานี hydro ในจ.ลำปาง จาก v_trans_all ในช่วงวันนี้ แล้วแสดงเปรียบเทียบ",จังหวัด|ลำปาง|วันนี้
188,v_trans_all_cross,เขื่อนภูมิพลกับสถานีวัดน้ำบริเวณใกล้เคียงวันนี้ระดับน้ำเป็นยังไง?,ดึง ulevel_curr ของเขื่อนภูมิพล และ water_level ของสถานี telerid / hydro_water_level_rsm ของสถานี hydro ในพื้นที่ใกล้เคียงจาก v_trans_all ในช่วงวันนี้ แล้วแสดงเปรียบเทียบ,เขื่อน|ภูมิพล|วันนี้
189,v_trans_all_cross,เขื่อนแม่มอกกับอ่างเก็บน้ำใน จ.ลำปาง วันนี้กักเก็บน้ำได้กี่เปอร์เซ็นต์?,ดึง percent_qstore_curr ของเขื่อนแม่มอกและอ่างเก็บน้ำทุกแห่งในจ.ลำปาง จาก v_trans_all ในช่วงวันนี้ แล้วแสดงร้อยละน้ำเก็บกักเปรียบเทียบ,เขื่อน|แม่มอก|วันนี้|จ.ลำปาง
190,v_trans_all_cross,อ่างเก็บน้ำแม่สายกับสถานีวัดน้ำในอ.เด่นชัย แพร่ วันนี้ระดับน้ำและการกักเก็บเป็นยังไง?,"ดึง ulevel_curr, percent_qstore_curr ของอ่างเก็บน้ำแม่สาย และ water_level ของสถานี telerid ในอ.เด่นชัย จ.แพร่ จาก v_trans_all ในช่วงวันนี้ แล้วแสดงภาพรวม",อ่างเก็บน้ำ|แม่สาย|วันนี้
191,v_trans_all_cross,อ่างเก็บน้ำห้วยป่าบงกับสถานีวัดน้ำในพื้นที่กำแพงเพชร เมื่อวานน้ำเป็นยังไง?,"ดึง ulevel_curr, qstore_curr ของอ่างเก็บน้ำห้วยป่าบง และ water_level ของสถานี telerid / hydro_water_level_rsm ของสถานี hydro ในจ.กำแพงเพชร จาก v_trans_all ในช่วงเมื่อวาน แล้วแสดงภาพรวม",อ่างเก็บน้ำ|ห้วยป่าบง|เมื่อวาน
192,v_trans_all_cross,ทุกจังหวัดในระบบ วันนี้ภาพรวมน้ำในเขื่อนและอ่างเก็บน้ำเป็นยังไงบ้าง?,ดึง percent_qstore_curr และ ulevel_curr ของทุกเขื่อนและอ่างเก็บน้ำในทุกจังหวัดจาก v_trans_all ในช่วงวันนี้ แล้วสรุปภาพรวมแยกตามจังหวัด,ทุกจังหวัด|วันนี้|ภาพรวม
193,v_trans_all_cross,ทุกจังหวัดในระบบ เมื่อวานสถานีวัดน้ำที่เกินค่าวิกฤตมีที่ไหนบ้าง?,"ดึง water_level, water_level_critical ของสถานี telerid และ hydro_water_level_rsm, hydro_level_critical ของสถานี hydro ทั้งหมดจาก v_trans_all ในช่วงเมื่อวาน แล้วระบุสถานีที่น้ำเกินวิกฤตแยกตามจังหวัด",ทุกจังหวัด|เมื่อวาน|ภาพรวม|วิกฤต
194,v_trans_all_cross,อ่างเก็บน้ำห้วยทรวงกับสถานีวัดน้ำในพื้นที่สุโขทัย สัปดาห์ที่แล้วน้ำสะสมเป็นยังไง?,"ดึง inflow_cumulative_year, outflow_cumulative_year ของอ่างเก็บน้ำห้วยทรวง และ water_accel ของสถานี telerid ในจ.สุโขทัย จาก v_trans_all ในช่วงสัปดาห์ที่แล้ว แล้วแสดงสถานการณ์น้ำสะสม",อ่างเก็บน้ำ|ห้วยทรวง|สัปดาห์ที่แล้ว
195,v_trans_all_cross,เขื่อนภูมิพลกับอ่างเก็บน้ำในจ.ตากและกำแพงเพชร เดือนที่แล้วรับน้ำเข้ารวมเท่าไหร่?,ดึง inflow_cumulative_year ของเขื่อนภูมิพลและทุกอ่างเก็บน้ำในจ.ตากและกำแพงเพชร จาก v_trans_all ในช่วงเดือนที่แล้ว แล้วสรุปน้ำไหลเข้ารวม หน่วย ล้าน ลบ.ม.,เขื่อน|ภูมิพล|เดือนที่แล้ว
196,v_trans_all_cross,ทุกหน่วยน้ำใน จ.กำแพงเพชร วันนี้มีหน่วยไหนน้ำเกินค่าแจ้งเตือนบ้าง?,"ดึง water_level, water_level_warning ของสถานี telerid และ hydro_water_level_rsm, hydro_level_warning ของสถานี hydro และ percent_qstore_curr ของอ่างเก็บน้ำทั้งหมดในจ.กำแพงเพชร จาก v_trans_all ในช่วงวันนี้ แล้วระบุหน่วยน้ำที่เกินค่าแจ้งเตือน",จังหวัด|กำแพงเพชร|ทุกหน่วยน้ำ|วันนี้|แจ้งเตือน
197,v_trans_all_cross,จ.แพร่ อ่างเก็บน้ำกับสถานีวัดน้ำ เดือนที่แล้วน้ำเพิ่มหรือลดโดยรวม?,"ดึง inflow_curr, outflow_curr ของอ่างเก็บน้ำ และ water_accel ของสถานี telerid ในจ.แพร่ จาก v_trans_all ในช่วงเดือนที่แล้ว แล้วสรุปแนวโน้มน้ำเพิ่ม/ลดภาพรวม",จังหวัด|แพร่|เดือนที่แล้ว
198,v_trans_all_cross,ทุกหน่วยน้ำทั่วทั้ง 5 จังหวัด วันนี้สถานการณ์น้ำโดยรวมเป็นยังไง?,ดึง percent_qstore_curr ของทุกเขื่อนและอ่างเก็บน้ำ และ water_level ของสถานี telerid และ hydro_water_level_rsm ของสถานี hydro ทั้ง 5 จังหวัดจาก v_trans_all ในช่วงวันนี้ แล้วแสดงภาพรวมทุกพื้นที่,ทุกจังหวัด|วันนี้|ภาพรวม
199,v_trans_all_cross,อ่างเก็บน้ำคลองน้ำไหลและคลองไพรในกำแพงเพชร พร้อมสถานีวัดน้ำใกล้เคียง วันนี้น้ำเป็นยังไง?,"ดึง ulevel_curr, percent_qstore_curr ของอ่างเก็บน้ำคลองน้ำไหลและคลองไพร และ water_level ของสถานี telerid ในจ.กำแพงเพชร จาก v_trans_all ในช่วงวันนี้ แล้วแสดงภาพรวม",อ่างเก็บน้ำ|คลองน้ำไหล|วันนี้
200,v_trans_all_point,อ่างเก็บน้ำคลองข้างใน ปริมาณน้ำใช้การเดือนที่แล้วเท่าไหร่?,ดึงข้อมูล qusage_curr ของ อ่างเก็บน้ำคลองข้างใน จาก v_trans_all ในช่วงเดือนที่แล้ว (ข้อมูลย้อนหลัง 30 วัน) แล้วแสดงค่าปริมาณน้ำใช้การวันนี้ หน่วย ล้าน ลบ.ม.,อ่างเก็บน้ำ|คลองข้างใน|น้ำใช้การ|เดือนที่แล้ว|ลบ.ม.
201,v_trans_all_point,อ่างเก็บน้ำคลองน้ำไหล ปริมาณน้ำใช้การสูงสุดเดือนที่แล้วเท่าไหร่?,ดึงข้อมูล qusage ของ อ่างเก็บน้ำคลองน้ำไหล จาก v_trans_all ในช่วงเดือนที่แล้ว (ข้อมูลย้อนหลัง 30 วัน) แล้วแสดงค่าปริมาณน้ำใช้การสูงสุด หน่วย ล้าน ลบ.ม.,อ่างเก็บน้ำ|คลองน้ำไหล|น้ำใช้การสูงสุด|เดือนที่แล้ว|ลบ.ม.
202,v_trans_all_point,อ่างเก็บน้ำแม่กองค่าย ปริมาณน้ำใช้การสูงสุดวันนี้เท่าไหร่?,ดึงข้อมูล qusage ของ อ่างเก็บน้ำแม่กองค่าย จาก v_trans_all ในช่วงวันนี้ (ข้อมูลล่าสุดของวันนี้) แล้วแสดงค่าปริมาณน้ำใช้การสูงสุด หน่วย ล้าน ลบ.ม.,อ่างเก็บน้ำ|แม่กองค่าย|น้ำใช้การสูงสุด|วันนี้|ลบ.ม.
203,v_trans_all_point,อ่างเก็บน้ำแม่สาย ร้อยละน้ำเก็บกักวันนี้เท่าไหร่?,ดึงข้อมูล percent_qstore_curr ของ อ่างเก็บน้ำแม่สาย จาก v_trans_all ในช่วงวันนี้ (ข้อมูลล่าสุดของวันนี้) แล้วแสดงค่าร้อยละน้ำเก็บกักวันนี้ หน่วย %,อ่างเก็บน้ำ|แม่สาย|ร้อยละ|น้ำเก็บกัก|วันนี้|%
204,v_trans_all_point,อ่างเก็บน้ำห้วยทรวง ปริมาณน้ำเก็บกักสูงสุดเดือนที่แล้วเท่าไหร่?,ดึงข้อมูล qstore ของ อ่างเก็บน้ำห้วยทรวง จาก v_trans_all ในช่วงเดือนที่แล้ว (ข้อมูลย้อนหลัง 30 วัน) แล้วแสดงค่าปริมาณน้ำเก็บกักสูงสุด หน่วย ล้าน ลบ.ม.,อ่างเก็บน้ำ|ห้วยทรวง|น้ำเก็บกักสูงสุด|เดือนที่แล้ว|ลบ.ม.
205,v_trans_all_point,อ่างเก็บน้ำแม่คำปอง ปริมาณน้ำใช้การสูงสุดเดือนที่แล้วเท่าไหร่?,ดึงข้อมูล qusage ของ อ่างเก็บน้ำแม่คำปอง จาก v_trans_all ในช่วงเดือนที่แล้ว (ข้อมูลย้อนหลัง 30 วัน) แล้วแสดงค่าปริมาณน้ำใช้การสูงสุด หน่วย ล้าน ลบ.ม.,อ่างเก็บน้ำ|แม่คำปอง|น้ำใช้การสูงสุด|เดือนที่แล้ว|ลบ.ม.
206,v_trans_all_point,อ่างเก็บน้ำห้วยท่าแพ ปริมาณน้ำใช้การสูงสุดวันนี้เท่าไหร่?,ดึงข้อมูล qusage ของ อ่างเก็บน้ำห้วยท่าแพ จาก v_trans_all ในช่วงวันนี้ (ข้อมูลล่าสุดของวันนี้) แล้วแสดงค่าปริมาณน้ำใช้การสูงสุด หน่วย ล้าน ลบ.ม.,อ่างเก็บน้ำ|ห้วยท่าแพ|น้ำใช้การสูงสุด|วันนี้|ลบ.ม.
207,v_trans_all_point,อ่างเก็บน้ำห้วยแม่สำ ปริมาณน้ำเก็บกักเดือนที่แล้วเท่าไหร่?,ดึงข้อมูล qstore_curr ของ อ่างเก็บน้ำห้วยแม่สำ จาก v_trans_all ในช่วงเดือนที่แล้ว (ข้อมูลย้อนหลัง 30 วัน) แล้วแสดงค่าปริมาณน้ำเก็บกักวันนี้ หน่วย ล้าน ลบ.ม.,อ่างเก็บน้ำ|ห้วยแม่สำ|น้ำเก็บกักวันนี้|เดือนที่แล้ว|ลบ.ม.
208,v_trans_all_point,อ่างเก็บน้ำห้วยป่าบง ปริมาณน้ำใช้การเมื่อวานเท่าไหร่?,ดึงข้อมูล qusage_curr ของ อ่างเก็บน้ำห้วยป่าบง จาก v_trans_all ในช่วงเมื่อวาน (ข้อมูลย้อนหลัง 1 วัน) แล้วแสดงค่าปริมาณน้ำใช้การวันนี้ หน่วย ล้าน ลบ.ม.,อ่างเก็บน้ำ|ห้วยป่าบง|น้ำใช้การ|เมื่อวาน|ลบ.ม.
209,v_trans_all_point,อ่างเก็บน้ำห้วยแม่ท้อ ปริมาณน้ำไหลเข้าสัปดาห์ที่แล้วเท่าไหร่?,ดึงข้อมูล inflow_curr ของ อ่างเก็บน้ำห้วยแม่ท้อ จาก v_trans_all ในช่วงสัปดาห์ที่แล้ว (ข้อมูลย้อนหลัง 7 วัน) แล้วแสดงค่าปริมาณน้ำไหลเข้าวันนี้ หน่วย ล้าน ลบ.ม.,อ่างเก็บน้ำ|ห้วยแม่ท้อ|น้ำไหลเข้าวันนี้|สัปดาห์ที่แล้ว|ลบ.ม.
210,v_trans_all_point,อ่างเก็บน้ำแม่สอดตอนบน ปริมาณน้ำใช้การเดือนที่แล้วเท่าไหร่?,ดึงข้อมูล qusage_curr ของ อ่างเก็บน้ำแม่สอดตอนบน จาก v_trans_all ในช่วงเดือนที่แล้ว (ข้อมูลย้อนหลัง 30 วัน) แล้วแสดงค่าปริมาณน้ำใช้การวันนี้ หน่วย ล้าน ลบ.ม.,อ่างเก็บน้ำ|แม่สอดตอนบน|น้ำใช้การ|เดือนที่แล้ว|ลบ.ม.
211,v_trans_all_point,อ่างเก็บน้ำแม่สอง ปริมาณน้ำเก็บกักเดือนที่แล้วเท่าไหร่?,ดึงข้อมูล qstore_curr ของ อ่างเก็บน้ำแม่สอง จาก v_trans_all ในช่วงเดือนที่แล้ว (ข้อมูลย้อนหลัง 30 วัน) แล้วแสดงค่าปริมาณน้ำเก็บกักวันนี้ หน่วย ล้าน ลบ.ม.,อ่างเก็บน้ำ|แม่สอง|น้ำเก็บกักวันนี้|เดือนที่แล้ว|ลบ.ม.
212,v_trans_all_point,อ่างเก็บน้ำห้วยไร่ ปริมาณน้ำเก็บกักวันนี้เท่าไหร่?,ดึงข้อมูล qstore_curr ของ อ่างเก็บน้ำห้วยไร่ จาก v_trans_all ในช่วงวันนี้ (ข้อมูลล่าสุดของวันนี้) แล้วแสดงค่าปริมาณน้ำเก็บกักวันนี้ หน่วย ล้าน ลบ.ม.,อ่างเก็บน้ำ|ห้วยไร่|น้ำเก็บกัก|วันนี้|ลบ.ม.
213,v_trans_all_point,อ่างเก็บน้ำแม่มาน ปริมาณน้ำไหลเข้าวันนี้เท่าไหร่?,ดึงข้อมูล inflow_curr ของ อ่างเก็บน้ำแม่มาน จาก v_trans_all ในช่วงวันนี้ (ข้อมูลล่าสุดของวันนี้) แล้วแสดงค่าปริมาณน้ำไหลเข้าวันนี้ หน่วย ล้าน ลบ.ม.,อ่างเก็บน้ำ|แม่มาน|น้ำไหลเข้าวันนี้|วันนี้|ลบ.ม.
214,v_trans_all_point,อ่างเก็บน้ำแม่ถาง ปริมาณน้ำระบายวันนี้เท่าไหร่?,ดึงข้อมูล outflow_curr ของ อ่างเก็บน้ำแม่ถาง จาก v_trans_all ในช่วงวันนี้ (ข้อมูลล่าสุดของวันนี้) แล้วแสดงค่าปริมาณน้ำระบายวันนี้ หน่วย ล้าน ลบ.ม.,อ่างเก็บน้ำ|แม่ถาง|น้ำระบาย|วันนี้|ลบ.ม.
215,v_trans_all_point,อ่างเก็บน้ำห้วยแม่สอด ปริมาณน้ำใช้การเมื่อวานเท่าไหร่?,ดึงข้อมูล qusage_curr ของ อ่างเก็บน้ำห้วยแม่สอด จาก v_trans_all ในช่วงเมื่อวาน (ข้อมูลย้อนหลัง 1 วัน) แล้วแสดงค่าปริมาณน้ำใช้การวันนี้ หน่วย ล้าน ลบ.ม.,อ่างเก็บน้ำ|ห้วยแม่สอด|น้ำใช้การ|เมื่อวาน|ลบ.ม.
216,v_trans_all_point,อ่างเก็บน้ำห้วยลึก ปริมาณน้ำระบายสะสม วันนี้เท่าไหร่?,ดึงข้อมูล outflow_cumulative_year ของ อ่างเก็บน้ำห้วยลึก จาก v_trans_all ในช่วงวันนี้ (ข้อมูลล่าสุดของวันนี้) แล้วแสดงค่าปริมาณน้ำระบายสะสม หน่วย ล้าน ลบ.ม.,อ่างเก็บน้ำ|ห้วยลึก|น้ำระบายสะสม|วันนี้|ลบ.ม.
217,v_trans_all_point,อ่างเก็บน้ำห้วยแม่สูง ปริมาณน้ำระบายสะสม วันนี้เท่าไหร่?,ดึงข้อมูล outflow_cumulative_year ของ อ่างเก็บน้ำห้วยแม่สูง จาก v_trans_all ในช่วงวันนี้ (ข้อมูลล่าสุดของวันนี้) แล้วแสดงค่าปริมาณน้ำระบายสะสม หน่วย ล้าน ลบ.ม.,อ่างเก็บน้ำ|ห้วยแม่สูง|น้ำระบายสะสม|วันนี้|ลบ.ม.
218,v_trans_all_point,อ่างเก็บน้ำคลองไพร ปริมาณความจุสูงสุดเมื่อวานเท่าไหร่?,ดึงข้อมูล qmax ของ อ่างเก็บน้ำคลองไพร จาก v_trans_all ในช่วงเมื่อวาน (ข้อมูลย้อนหลัง 1 วัน) แล้วแสดงค่าปริมาณความจุสูงสุด หน่วย ล้าน ลบ.ม.,อ่างเก็บน้ำ|คลองไพร|ความจุสูงสุด|เมื่อวาน|ลบ.ม.
219,v_trans_all_point,อ่างเก็บน้ำห้วยแม่ท้อ ปริมาณน้ำระบายวันนี้อยู่ที่เท่าไหร่?,ดึงข้อมูล outflow_curr ของ อ่างเก็บน้ำห้วยแม่ท้อ จาก v_trans_all ในช่วงวันนี้ (ข้อมูลล่าสุดของวันนี้) แล้วแสดงค่าปริมาณน้ำระบายวันนี้ หน่วย ล้าน ลบ.ม.,อ่างเก็บน้ำ|ห้วยแม่ท้อ|น้ำระบาย|วันนี้|ลบ.ม.
220,v_trans_all_point,อ่างเก็บน้ำห้วยแม่สอด ปริมาณน้ำเก็บกักวันนี้อยู่ที่เท่าไหร่?,ดึงข้อมูล qstore_curr ของ อ่างเก็บน้ำห้วยแม่สอด จาก v_trans_all ในช่วงวันนี้ (ข้อมูลล่าสุดของวันนี้) แล้วแสดงค่าปริมาณน้ำเก็บกักวันนี้ หน่วย ล้าน ลบ.ม.,อ่างเก็บน้ำ|ห้วยแม่สอด|น้ำเก็บกัก|วันนี้|ลบ.ม.
221,v_trans_all_point,อ่างเก็บน้ำห้วยแม่สำ ปริมาณน้ำไหลเข้าเมื่อวานอยู่ที่เท่าไหร่?,ดึงข้อมูล inflow_curr ของ อ่างเก็บน้ำห้วยแม่สำ จาก v_trans_all ในช่วงเมื่อวาน (ข้อมูลย้อนหลัง 1 วัน) แล้วแสดงค่าปริมาณน้ำไหลเข้าวันนี้ หน่วย ล้าน ลบ.ม.,อ่างเก็บน้ำ|ห้วยแม่สำ|น้ำไหลเข้าวันนี้|เมื่อวาน|ลบ.ม.
222,v_trans_all_point,อ่างเก็บน้ำห้วยไร่ ระดับน้ำเดือนที่แล้วอยู่ที่เท่าไหร่?,ดึงข้อมูล ulevel_curr ของ อ่างเก็บน้ำห้วยไร่ จาก v_trans_all ในช่วงเดือนที่แล้ว (ข้อมูลย้อนหลัง 30 วัน) แล้วแสดงค่าระดับน้ำวันนี้ หน่วย ม.,อ่างเก็บน้ำ|ห้วยไร่|ระดับน้ำ|เดือนที่แล้ว|ม.
223,v_trans_all_point,อ่างเก็บน้ำแม่สอง ปริมาณน้ำใช้การสูงสุดสัปดาห์ที่แล้วอยู่ที่เท่าไหร่?,ดึงข้อมูล qusage ของ อ่างเก็บน้ำแม่สอง จาก v_trans_all ในช่วงสัปดาห์ที่แล้ว (ข้อมูลย้อนหลัง 7 วัน) แล้วแสดงค่าปริมาณน้ำใช้การสูงสุด หน่วย ล้าน ลบ.ม.,อ่างเก็บน้ำ|แม่สอง|น้ำใช้การสูงสุด|สัปดาห์ที่แล้ว|ลบ.ม.
224,v_trans_all_point,อ่างเก็บน้ำคลองไพร ปริมาณน้ำใช้การวันนี้อยู่ที่เท่าไหร่?,ดึงข้อมูล qusage_curr ของ อ่างเก็บน้ำคลองไพร จาก v_trans_all ในช่วงวันนี้ (ข้อมูลล่าสุดของวันนี้) แล้วแสดงค่าปริมาณน้ำใช้การวันนี้ หน่วย ล้าน ลบ.ม.,อ่างเก็บน้ำ|คลองไพร|น้ำใช้การ|วันนี้|ลบ.ม.
225,v_trans_all_point,อ่างเก็บน้ำแม่มาน ปริมาณน้ำเก็บกักสูงสุดสัปดาห์ที่แล้วอยู่ที่เท่าไหร่?,ดึงข้อมูล qstore ของ อ่างเก็บน้ำแม่มาน จาก v_trans_all ในช่วงสัปดาห์ที่แล้ว (ข้อมูลย้อนหลัง 7 วัน) แล้วแสดงค่าปริมาณน้ำเก็บกักสูงสุด หน่วย ล้าน ลบ.ม.,อ่างเก็บน้ำ|แม่มาน|น้ำเก็บกักสูงสุด|สัปดาห์ที่แล้ว|ลบ.ม.
226,v_trans_all_point,อ่างเก็บน้ำแม่คำปอง ปริมาณน้ำระบายเดือนที่แล้วอยู่ที่เท่าไหร่?,ดึงข้อมูล outflow_curr ของ อ่างเก็บน้ำแม่คำปอง จาก v_trans_all ในช่วงเดือนที่แล้ว (ข้อมูลย้อนหลัง 30 วัน) แล้วแสดงค่าปริมาณน้ำระบายวันนี้ หน่วย ล้าน ลบ.ม.,อ่างเก็บน้ำ|แม่คำปอง|น้ำระบาย|เดือนที่แล้ว|ลบ.ม.
227,v_trans_all_point,อ่างเก็บน้ำแม่กองค่าย ระดับน้ำเมื่อวานอยู่ที่เท่าไหร่?,ดึงข้อมูล ulevel_curr ของ อ่างเก็บน้ำแม่กองค่าย จาก v_trans_all ในช่วงเมื่อวาน (ข้อมูลย้อนหลัง 1 วัน) แล้วแสดงค่าระดับน้ำวันนี้ หน่วย ม.,อ่างเก็บน้ำ|แม่กองค่าย|ระดับน้ำ|เมื่อวาน|ม.
228,v_trans_all_point,อ่างเก็บน้ำคลองข้างใน ระดับน้ำวันนี้อยู่ที่เท่าไหร่?,ดึงข้อมูล ulevel_curr ของ อ่างเก็บน้ำคลองข้างใน จาก v_trans_all ในช่วงวันนี้ (ข้อมูลล่าสุดของวันนี้) แล้วแสดงค่าระดับน้ำวันนี้ หน่วย ม.,อ่างเก็บน้ำ|คลองข้างใน|ระดับน้ำ|วันนี้|ม.
229,v_trans_all_point,อ่างเก็บน้ำห้วยลึก ปริมาณน้ำเก็บกักสูงสุดเมื่อวานอยู่ที่เท่าไหร่?,ดึงข้อมูล qstore ของ อ่างเก็บน้ำห้วยลึก จาก v_trans_all ในช่วงเมื่อวาน (ข้อมูลย้อนหลัง 1 วัน) แล้วแสดงค่าปริมาณน้ำเก็บกักสูงสุด หน่วย ล้าน ลบ.ม.,อ่างเก็บน้ำ|ห้วยลึก|น้ำเก็บกักสูงสุด|เมื่อวาน|ลบ.ม.
230,v_trans_all_point,อ่างเก็บน้ำแม่ถาง ปริมาณน้ำระบายเดือนที่แล้วอยู่ที่เท่าไหร่?,ดึงข้อมูล outflow_curr ของ อ่างเก็บน้ำแม่ถาง จาก v_trans_all ในช่วงเดือนที่แล้ว (ข้อมูลย้อนหลัง 30 วัน) แล้วแสดงค่าปริมาณน้ำระบายวันนี้ หน่วย ล้าน ลบ.ม.,อ่างเก็บน้ำ|แม่ถาง|น้ำระบาย|เดือนที่แล้ว|ลบ.ม.
231,v_trans_all_trend,อ่างเก็บน้ำห้วยท่าแพ ปริมาณน้ำไหลเข้าสะสม สัปดาห์ที่แล้วเทียบกับเดือนที่แล้วเปลี่ยนแปลงยังไง?,ดึงข้อมูล inflow_cumulative_year ของ อ่างเก็บน้ำห้วยท่าแพ จาก v_trans_all ทั้งช่วงสัปดาห์ที่แล้วและเดือนที่แล้ว แล้วแสดงแนวโน้มปริมาณน้ำไหลเข้าสะสม หน่วย ล้าน ลบ.ม.,อ่างเก็บน้ำ|ห้วยท่าแพ|น้ำไหลเข้าสะสม|สัปดาห์ที่แล้ว|เดือนที่แล้ว|ลบ.ม.
232,v_trans_all_trend,อ่างเก็บน้ำแม่ถาง ปริมาณน้ำเก็บกักสูงสุดวันนี้เทียบกับเมื่อวานเปลี่ยนแปลงยังไง?,ดึงข้อมูล qstore ของ อ่างเก็บน้ำแม่ถาง จาก v_trans_all ทั้งช่วงวันนี้และเมื่อวาน แล้วแสดงแนวโน้มปริมาณน้ำเก็บกักสูงสุด หน่วย ล้าน ลบ.ม.,อ่างเก็บน้ำ|แม่ถาง|น้ำเก็บกักสูงสุด|วันนี้|เมื่อวาน|ลบ.ม.
233,v_trans_all_trend,อ่างเก็บน้ำแม่สอง ปริมาณน้ำเก็บกักสัปดาห์ที่แล้วเทียบกับเดือนที่แล้วเปลี่ยนแปลงยังไง?,ดึงข้อมูล qstore_curr ของ อ่างเก็บน้ำแม่สอง จาก v_trans_all ทั้งช่วงสัปดาห์ที่แล้วและเดือนที่แล้ว แล้วแสดงแนวโน้มปริมาณน้ำเก็บกักวันนี้ หน่วย ล้าน ลบ.ม.,อ่างเก็บน้ำ|แม่สอง|น้ำเก็บกักวันนี้|สัปดาห์ที่แล้ว|เดือนที่แล้ว|ลบ.ม.
234,v_trans_all_trend,อ่างเก็บน้ำห้วยแม่สำ ปริมาณน้ำระบายสะสม วันนี้เทียบกับเมื่อวานเปลี่ยนแปลงยังไง?,ดึงข้อมูล outflow_cumulative_year ของ อ่างเก็บน้ำห้วยแม่สำ จาก v_trans_all ทั้งช่วงวันนี้และเมื่อวาน แล้วแสดงแนวโน้มปริมาณน้ำระบายสะสม หน่วย ล้าน ลบ.ม.,อ่างเก็บน้ำ|ห้วยแม่สำ|น้ำระบายสะสม|วันนี้|เมื่อวาน|ลบ.ม.
235,v_trans_all_trend,อ่างเก็บน้ำห้วยป่าบง ปริมาณน้ำใช้การวันนี้เทียบกับเมื่อวานเปลี่ยนแปลงยังไง?,ดึงข้อมูล qusage_curr ของ อ่างเก็บน้ำห้วยป่าบง จาก v_trans_all ทั้งช่วงวันนี้และเมื่อวาน แล้วแสดงแนวโน้มปริมาณน้ำใช้การวันนี้ หน่วย ล้าน ลบ.ม.,อ่างเก็บน้ำ|ห้วยป่าบง|น้ำใช้การ|วันนี้|เมื่อวาน|ลบ.ม.
236,v_trans_all_trend,อ่างเก็บน้ำห้วยทรวง ร้อยละน้ำเก็บกักวันนี้เทียบกับสัปดาห์ที่แล้วเปลี่ยนแปลงยังไง?,ดึงข้อมูล percent_qstore_curr ของ อ่างเก็บน้ำห้วยทรวง จาก v_trans_all ทั้งช่วงวันนี้และสัปดาห์ที่แล้ว แล้วแสดงแนวโน้มร้อยละน้ำเก็บกักวันนี้ หน่วย %,อ่างเก็บน้ำ|ห้วยทรวง|ร้อยละ|น้ำเก็บกัก|วันนี้|สัปดาห์ที่แล้ว|%
237,v_trans_all_trend,อ่างเก็บน้ำแม่มาน ระดับน้ำสัปดาห์ที่แล้วเทียบกับเดือนที่แล้วเปลี่ยนแปลงยังไง?,ดึงข้อมูล ulevel_curr ของ อ่างเก็บน้ำแม่มาน จาก v_trans_all ทั้งช่วงสัปดาห์ที่แล้วและเดือนที่แล้ว แล้วแสดงแนวโน้มระดับน้ำวันนี้ หน่วย ม.,อ่างเก็บน้ำ|แม่มาน|ระดับน้ำ|สัปดาห์ที่แล้ว|เดือนที่แล้ว|ม.
238,v_trans_all_trend,อ่างเก็บน้ำคลองน้ำไหล ร้อยละน้ำเก็บกักวันนี้เทียบกับสัปดาห์ที่แล้วเปลี่ยนแปลงยังไง?,ดึงข้อมูล percent_qstore_curr ของ อ่างเก็บน้ำคลองน้ำไหล จาก v_trans_all ทั้งช่วงวันนี้และสัปดาห์ที่แล้ว แล้วแสดงแนวโน้มร้อยละน้ำเก็บกักวันนี้ หน่วย %,อ่างเก็บน้ำ|คลองน้ำไหล|ร้อยละ|น้ำเก็บกัก|วันนี้|สัปดาห์ที่แล้ว|%
239,v_trans_all_balance,อ่างเก็บน้ำคลองน้ำไหล สัปดาห์ที่แล้วน้ำไหลเข้ามากกว่าหรือน้อยกว่าที่ระบายออก?,ดึง inflow_curr และ outflow_curr ของ อ่างเก็บน้ำคลองน้ำไหล จาก v_trans_all ในช่วงสัปดาห์ที่แล้ว (ข้อมูลย้อนหลัง 7 วัน) แล้วเปรียบเทียบ ถ้า inflow_curr > outflow_curr = น้ำเพิ่ม ถ้า inflow_curr < outflow_curr = น้ำลด หน่วย ล้าน ลบ.ม.,อ่างเก็บน้ำ|คลองน้ำไหล|สัปดาห์ที่แล้ว|ลบ.ม.
240,v_trans_all_balance,อ่างเก็บน้ำแม่สาย เดือนที่แล้วน้ำไหลเข้ามากกว่าหรือน้อยกว่าที่ระบายออก?,ดึง inflow_curr และ outflow_curr ของ อ่างเก็บน้ำแม่สาย จาก v_trans_all ในช่วงเดือนที่แล้ว (ข้อมูลย้อนหลัง 30 วัน) แล้วเปรียบเทียบ ถ้า inflow_curr > outflow_curr = น้ำเพิ่ม ถ้า inflow_curr < outflow_curr = น้ำลด หน่วย ล้าน ลบ.ม.,อ่างเก็บน้ำ|แม่สาย|เดือนที่แล้ว|ลบ.ม.
241,v_trans_all_balance,อ่างเก็บน้ำแม่มาน วันนี้น้ำไหลเข้ามากกว่าหรือน้อยกว่าที่ระบายออก?,ดึง inflow_curr และ outflow_curr ของ อ่างเก็บน้ำแม่มาน จาก v_trans_all ในช่วงวันนี้ (ข้อมูลล่าสุดของวันนี้) แล้วเปรียบเทียบ ถ้า inflow_curr > outflow_curr = น้ำเพิ่ม ถ้า inflow_curr < outflow_curr = น้ำลด หน่วย ล้าน ลบ.ม.,อ่างเก็บน้ำ|แม่มาน|วันนี้|ลบ.ม.
242,v_trans_all_balance,อ่างเก็บน้ำห้วยแม่สูง สัปดาห์ที่แล้วน้ำไหลเข้ามากกว่าหรือน้อยกว่าที่ระบายออก?,ดึง inflow_curr และ outflow_curr ของ อ่างเก็บน้ำห้วยแม่สูง จาก v_trans_all ในช่วงสัปดาห์ที่แล้ว (ข้อมูลย้อนหลัง 7 วัน) แล้วเปรียบเทียบ ถ้า inflow_curr > outflow_curr = น้ำเพิ่ม ถ้า inflow_curr < outflow_curr = น้ำลด หน่วย ล้าน ลบ.ม.,อ่างเก็บน้ำ|ห้วยแม่สูง|สัปดาห์ที่แล้ว|ลบ.ม.
243,v_trans_all_balance,อ่างเก็บน้ำห้วยไร่ เดือนที่แล้วน้ำไหลเข้ามากกว่าหรือน้อยกว่าที่ระบายออก?,ดึง inflow_curr และ outflow_curr ของ อ่างเก็บน้ำห้วยไร่ จาก v_trans_all ในช่วงเดือนที่แล้ว (ข้อมูลย้อนหลัง 30 วัน) แล้วเปรียบเทียบ ถ้า inflow_curr > outflow_curr = น้ำเพิ่ม ถ้า inflow_curr < outflow_curr = น้ำลด หน่วย ล้าน ลบ.ม.,อ่างเก็บน้ำ|ห้วยไร่|เดือนที่แล้ว|ลบ.ม.
244,v_trans_all_balance,อ่างเก็บน้ำห้วยแม่สอด วันนี้น้ำไหลเข้ามากกว่าหรือน้อยกว่าที่ระบายออก?,ดึง inflow_curr และ outflow_curr ของ อ่างเก็บน้ำห้วยแม่สอด จาก v_trans_all ในช่วงวันนี้ (ข้อมูลล่าสุดของวันนี้) แล้วเปรียบเทียบ ถ้า inflow_curr > outflow_curr = น้ำเพิ่ม ถ้า inflow_curr < outflow_curr = น้ำลด หน่วย ล้าน ลบ.ม.,อ่างเก็บน้ำ|ห้วยแม่สอด|วันนี้|ลบ.ม.
245,v_trans_all_balance,อ่างเก็บน้ำห้วยท่าแพ เดือนที่แล้วน้ำไหลเข้ามากกว่าหรือน้อยกว่าที่ระบายออก?,ดึง inflow_curr และ outflow_curr ของ อ่างเก็บน้ำห้วยท่าแพ จาก v_trans_all ในช่วงเดือนที่แล้ว (ข้อมูลย้อนหลัง 30 วัน) แล้วเปรียบเทียบ ถ้า inflow_curr > outflow_curr = น้ำเพิ่ม ถ้า inflow_curr < outflow_curr = น้ำลด หน่วย ล้าน ลบ.ม.,อ่างเก็บน้ำ|ห้วยท่าแพ|เดือนที่แล้ว|ลบ.ม.
246,v_trans_all_balance,อ่างเก็บน้ำห้วยป่าบง วันนี้น้ำไหลเข้ามากกว่าหรือน้อยกว่าที่ระบายออก?,ดึง inflow_curr และ outflow_curr ของ อ่างเก็บน้ำห้วยป่าบง จาก v_trans_all ในช่วงวันนี้ (ข้อมูลล่าสุดของวันนี้) แล้วเปรียบเทียบ ถ้า inflow_curr > outflow_curr = น้ำเพิ่ม ถ้า inflow_curr < outflow_curr = น้ำลด หน่วย ล้าน ลบ.ม.,อ่างเก็บน้ำ|ห้วยป่าบง|วันนี้|ลบ.ม.
247,v_trans_all_ranking,อ่างเก็บน้ำไหนมีปริมาณน้ำใช้การสูงสุดมากที่สุดวันนี้?,ดึงข้อมูล qusage ของทุกอ่างเก็บน้ำจาก v_trans_all ในช่วงวันนี้ (ข้อมูลล่าสุดของวันนี้) เรียงลำดับจากมากที่สุด แล้วแสดงอันดับ 1 หน่วย ล้าน ลบ.ม.,อ่างเก็บน้ำ|น้ำใช้การสูงสุด|สูงสุด|วันนี้|ลบ.ม.
248,v_trans_all_ranking,อ่างเก็บน้ำไหนมีปริมาณน้ำใช้การสูงสุดน้อยที่สุดวันนี้?,ดึงข้อมูล qusage ของทุกอ่างเก็บน้ำจาก v_trans_all ในช่วงวันนี้ (ข้อมูลล่าสุดของวันนี้) เรียงลำดับจากน้อยที่สุด แล้วแสดงอันดับ 1 หน่วย ล้าน ลบ.ม.,อ่างเก็บน้ำ|น้ำใช้การสูงสุด|ต่ำสุด|วันนี้|ลบ.ม.
249,v_trans_all_ranking,อ่างเก็บน้ำไหนมีปริมาณน้ำเก็บกักวันนี้มากที่สุดเดือนที่แล้ว?,ดึงข้อมูล qstore_curr ของทุกอ่างเก็บน้ำจาก v_trans_all ในช่วงเดือนที่แล้ว (ข้อมูลย้อนหลัง 30 วัน) เรียงลำดับจากมากที่สุด แล้วแสดงอันดับ 1 หน่วย ล้าน ลบ.ม.,อ่างเก็บน้ำ|น้ำเก็บกักวันนี้|สูงสุด|เดือนที่แล้ว|ลบ.ม.
250,v_trans_all_ranking,อ่างเก็บน้ำไหนมีปริมาณน้ำเก็บกักวันนี้น้อยที่สุดสัปดาห์ที่แล้ว?,ดึงข้อมูล qstore_curr ของทุกอ่างเก็บน้ำจาก v_trans_all ในช่วงสัปดาห์ที่แล้ว (ข้อมูลย้อนหลัง 7 วัน) เรียงลำดับจากน้อยที่สุด แล้วแสดงอันดับ 1 หน่วย ล้าน ลบ.ม.,อ่างเก็บน้ำ|น้ำเก็บกักวันนี้|ต่ำสุด|สัปดาห์ที่แล้ว|ลบ.ม.
251,v_trans_all_ranking,อ่างเก็บน้ำไหนมีปริมาณน้ำระบายวันนี้มากที่สุดเดือนที่แล้ว?,ดึงข้อมูล outflow_curr ของทุกอ่างเก็บน้ำจาก v_trans_all ในช่วงเดือนที่แล้ว (ข้อมูลย้อนหลัง 30 วัน) เรียงลำดับจากมากที่สุด แล้วแสดงอันดับ 1 หน่วย ล้าน ลบ.ม.,อ่างเก็บน้ำ|น้ำระบาย|สูงสุด|เดือนที่แล้ว|ลบ.ม.
252,v_trans_all_ranking,อ่างเก็บน้ำไหนมีปริมาณน้ำระบายวันนี้น้อยที่สุดวันนี้?,ดึงข้อมูล outflow_curr ของทุกอ่างเก็บน้ำจาก v_trans_all ในช่วงวันนี้ (ข้อมูลล่าสุดของวันนี้) เรียงลำดับจากน้อยที่สุด แล้วแสดงอันดับ 1 หน่วย ล้าน ลบ.ม.,อ่างเก็บน้ำ|น้ำระบาย|ต่ำสุด|วันนี้|ลบ.ม.
253,v_trans_all_unit_compare,อ่างเก็บน้ำแม่มานกับอ่างเก็บน้ำแม่กองค่าย ปริมาณน้ำไหลเข้าวันนี้ต่างกันเท่าไหร่?,ดึงข้อมูล inflow_curr ของ อ่างเก็บน้ำแม่มาน และ อ่างเก็บน้ำแม่กองค่าย จาก v_trans_all ในช่วงวันนี้ (ข้อมูลล่าสุดของวันนี้) แล้วแสดงเปรียบเทียบปริมาณน้ำไหลเข้าวันนี้ หน่วย ล้าน ลบ.ม.,อ่างเก็บน้ำ|แม่มาน|แม่กองค่าย|น้ำไหลเข้าวันนี้|วันนี้|ลบ.ม.
254,v_trans_all_unit_compare,อ่างเก็บน้ำแม่คำปองกับอ่างเก็บน้ำแม่สาย ปริมาณน้ำใช้การสูงสุดเมื่อวานต่างกันเท่าไหร่?,ดึงข้อมูล qusage ของ อ่างเก็บน้ำแม่คำปอง และ อ่างเก็บน้ำแม่สาย จาก v_trans_all ในช่วงเมื่อวาน (ข้อมูลย้อนหลัง 1 วัน) แล้วแสดงเปรียบเทียบปริมาณน้ำใช้การสูงสุด หน่วย ล้าน ลบ.ม.,อ่างเก็บน้ำ|แม่คำปอง|แม่สาย|น้ำใช้การสูงสุด|เมื่อวาน|ลบ.ม.
255,v_trans_all_unit_compare,อ่างเก็บน้ำห้วยป่าบงกับอ่างเก็บน้ำห้วยท่าแพ ปริมาณน้ำเก็บกักเมื่อวานต่างกันเท่าไหร่?,ดึงข้อมูล qstore_curr ของ อ่างเก็บน้ำห้วยป่าบง และ อ่างเก็บน้ำห้วยท่าแพ จาก v_trans_all ในช่วงเมื่อวาน (ข้อมูลย้อนหลัง 1 วัน) แล้วแสดงเปรียบเทียบปริมาณน้ำเก็บกักวันนี้ หน่วย ล้าน ลบ.ม.,อ่างเก็บน้ำ|ห้วยป่าบง|ห้วยท่าแพ|น้ำเก็บกักวันนี้|เมื่อวาน|ลบ.ม.
256,v_trans_all_unit_compare,อ่างเก็บน้ำแม่สองกับอ่างเก็บน้ำคลองข้างใน ปริมาณน้ำเก็บกักสูงสุดเมื่อวานต่างกันเท่าไหร่?,ดึงข้อมูล qstore ของ อ่างเก็บน้ำแม่สอง และ อ่างเก็บน้ำคลองข้างใน จาก v_trans_all ในช่วงเมื่อวาน (ข้อมูลย้อนหลัง 1 วัน) แล้วแสดงเปรียบเทียบปริมาณน้ำเก็บกักสูงสุด หน่วย ล้าน ลบ.ม.,อ่างเก็บน้ำ|แม่สอง|คลองข้างใน|น้ำเก็บกักสูงสุด|เมื่อวาน|ลบ.ม.
257,v_trans_all_unit_compare,อ่างเก็บน้ำห้วยแม่สอดกับอ่างเก็บน้ำห้วยไร่ ปริมาณน้ำใช้การสูงสุดเมื่อวานต่างกันเท่าไหร่?,ดึงข้อมูล qusage ของ อ่างเก็บน้ำห้วยแม่สอด และ อ่างเก็บน้ำห้วยไร่ จาก v_trans_all ในช่วงเมื่อวาน (ข้อมูลย้อนหลัง 1 วัน) แล้วแสดงเปรียบเทียบปริมาณน้ำใช้การสูงสุด หน่วย ล้าน ลบ.ม.,อ่างเก็บน้ำ|ห้วยแม่สอด|ห้วยไร่|น้ำใช้การสูงสุด|เมื่อวาน|ลบ.ม.
258,v_trans_all_unit_compare,อ่างเก็บน้ำห้วยลึกกับอ่างเก็บน้ำห้วยแม่สำ ปริมาณความจุสูงสุดวันนี้ต่างกันเท่าไหร่?,ดึงข้อมูล qmax ของ อ่างเก็บน้ำห้วยลึก และ อ่างเก็บน้ำห้วยแม่สำ จาก v_trans_all ในช่วงวันนี้ (ข้อมูลล่าสุดของวันนี้) แล้วแสดงเปรียบเทียบปริมาณความจุสูงสุด หน่วย ล้าน ลบ.ม.,อ่างเก็บน้ำ|ห้วยลึก|ห้วยแม่สำ|ความจุสูงสุด|วันนี้|ลบ.ม.
259,v_trans_all_alert,อ่างเก็บน้ำห้วยไร่ เมื่อวานปริมาณน้ำเหลือต่ำกว่า 30% ไหม?,ดึง percent_qstore_curr ของ อ่างเก็บน้ำห้วยไร่ จาก v_trans_all ในช่วงเมื่อวาน (ข้อมูลย้อนหลัง 1 วัน) แล้วตรวจว่า percent_qstore_curr < 30% หรือไม่ เพื่อประเมินระดับน้ำวิกฤต,อ่างเก็บน้ำ|ห้วยไร่|ต่ำ|30%|เมื่อวาน|%
260,v_trans_all_alert,อ่างเก็บน้ำห้วยแม่สูง วันนี้ปริมาณน้ำเหลือต่ำกว่า 30% ไหม?,ดึง percent_qstore_curr ของ อ่างเก็บน้ำห้วยแม่สูง จาก v_trans_all ในช่วงวันนี้ (ข้อมูลล่าสุดของวันนี้) แล้วตรวจว่า percent_qstore_curr < 30% หรือไม่ เพื่อประเมินระดับน้ำวิกฤต,อ่างเก็บน้ำ|ห้วยแม่สูง|ต่ำ|30%|วันนี้|%
261,v_trans_all_alert,อ่างเก็บน้ำคลองน้ำไหล เมื่อวานปริมาณน้ำเหลือต่ำกว่า 30% ไหม?,ดึง percent_qstore_curr ของ อ่างเก็บน้ำคลองน้ำไหล จาก v_trans_all ในช่วงเมื่อวาน (ข้อมูลย้อนหลัง 1 วัน) แล้วตรวจว่า percent_qstore_curr < 30% หรือไม่ เพื่อประเมินระดับน้ำวิกฤต,อ่างเก็บน้ำ|คลองน้ำไหล|ต่ำ|30%|เมื่อวาน|%
262,v_trans_all_alert,อ่างเก็บน้ำคลองไพร เมื่อวานปริมาณน้ำเหลือต่ำกว่า 30% ไหม?,ดึง percent_qstore_curr ของ อ่างเก็บน้ำคลองไพร จาก v_trans_all ในช่วงเมื่อวาน (ข้อมูลย้อนหลัง 1 วัน) แล้วตรวจว่า percent_qstore_curr < 30% หรือไม่ เพื่อประเมินระดับน้ำวิกฤต,อ่างเก็บน้ำ|คลองไพร|ต่ำ|30%|เมื่อวาน|%
263,v_trans_all_alert,อ่างเก็บน้ำคลองข้างใน เมื่อวานปริมาณน้ำเหลือต่ำกว่า 30% ไหม?,ดึง percent_qstore_curr ของ อ่างเก็บน้ำคลองข้างใน จาก v_trans_all ในช่วงเมื่อวาน (ข้อมูลย้อนหลัง 1 วัน) แล้วตรวจว่า percent_qstore_curr < 30% หรือไม่ เพื่อประเมินระดับน้ำวิกฤต,อ่างเก็บน้ำ|คลองข้างใน|ต่ำ|30%|เมื่อวาน|%
264,v_trans_all_alert,อ่างเก็บน้ำห้วยแม่ท้อ เมื่อวานปริมาณน้ำเหลือต่ำกว่า 30% ไหม?,ดึง percent_qstore_curr ของ อ่างเก็บน้ำห้วยแม่ท้อ จาก v_trans_all ในช่วงเมื่อวาน (ข้อมูลย้อนหลัง 1 วัน) แล้วตรวจว่า percent_qstore_curr < 30% หรือไม่ เพื่อประเมินระดับน้ำวิกฤต,อ่างเก็บน้ำ|ห้วยแม่ท้อ|ต่ำ|30%|เมื่อวาน|%
265,v_trans_all_metric_compare,อ่างเก็บน้ำแม่สอดตอนบน เมื่อวานปริมาณน้ำไหลเข้ากับน้ำระบายออกต่างกันยังไง?,ดึง inflow_curr (=ปริมาณน้ำไหลเข้าวันนี้) และ outflow_curr (=ปริมาณน้ำระบายวันนี้) ของ อ่างเก็บน้ำแม่สอดตอนบน จาก v_trans_all ในช่วงเมื่อวาน (ข้อมูลย้อนหลัง 1 วัน) แล้วแสดงเปรียบเทียบสองค่า,อ่างเก็บน้ำ|แม่สอดตอนบน|เมื่อวาน
266,v_trans_all_metric_compare,อ่างเก็บน้ำห้วยลึก วันนี้ปริมาณน้ำไหลเข้ากับน้ำระบายออกต่างกันยังไง?,ดึง inflow_curr (=ปริมาณน้ำไหลเข้าวันนี้) และ outflow_curr (=ปริมาณน้ำระบายวันนี้) ของ อ่างเก็บน้ำห้วยลึก จาก v_trans_all ในช่วงวันนี้ (ข้อมูลล่าสุดของวันนี้) แล้วแสดงเปรียบเทียบสองค่า,อ่างเก็บน้ำ|ห้วยลึก|วันนี้
